[2026-08-06 07:41:21Z INFO HostContext] No proxy settings were found based on environmental variables (http_proxy/https_proxy/HTTP_PROXY/HTTPS_PROXY)
[2026-08-06 07:41:21Z INFO HostContext] Well known directory 'Bin': 'D:\Cours\Cours Ipssi\Note\Devops\J3\actions-runner\bin'
[2026-08-06 07:41:21Z INFO HostContext] Well known directory 'Root': 'D:\Cours\Cours Ipssi\Note\Devops\J3\actions-runner'
[2026-08-06 07:41:21Z INFO HostContext] Well known config file 'Credentials': 'D:\Cours\Cours Ipssi\Note\Devops\J3\actions-runner\.credentials'
[2026-08-06 07:41:21Z INFO HostContext] Well known directory 'Bin': 'D:\Cours\Cours Ipssi\Note\Devops\J3\actions-runner\bin'
[2026-08-06 07:41:21Z INFO HostContext] Well known directory 'Root': 'D:\Cours\Cours Ipssi\Note\Devops\J3\actions-runner'
[2026-08-06 07:41:21Z INFO HostContext] Well known config file 'Runner': 'D:\Cours\Cours Ipssi\Note\Devops\J3\actions-runner\.runner'
[2026-08-06 07:41:22Z INFO Worker] Version: 2.336.0
[2026-08-06 07:41:22Z INFO Worker] Commit: 98aabcd429c4e8402406c56ce2d26387fed3b9ce
[2026-08-06 07:41:22Z INFO Worker] Culture: fr-FR
[2026-08-06 07:41:22Z INFO Worker] UI Culture: fr-FR
[2026-08-06 07:41:22Z INFO Worker] Waiting to receive the job message from the channel.
[2026-08-06 07:41:22Z INFO ProcessChannel] Receiving message of length 24118, with hash 'c7be9bfabfbbc77d33702514dd940584c8456bfb44c7aefdbf1ecbf4330e5190'
[2026-08-06 07:41:22Z INFO Worker] Message received.
[2026-08-06 07:41:22Z INFO Worker] Job message:
 {
  "fileTable": [
    ".github/workflows/docker-image.yml"
  ],
  "mask": [
    {
      "type": "regex",
      "value": "***"
    },
    {
      "type": "regex",
      "value": "***"
    },
    {
      "type": "regex",
      "value": "***"
    },
    {
      "type": "regex",
      "value": "***"
    },
    {
      "type": "regex",
      "value": "***"
    },
    {
      "type": "regex",
      "value": "***"
    },
    {
      "type": "regex",
      "value": "***"
    },
    {
      "type": "regex",
      "value": "***"
    },
    {
      "type": "regex",
      "value": "***"
    },
    {
      "type": "regex",
      "value": "***"
    },
    {
      "type": "regex",
      "value": "***"
    },
    {
      "type": "regex",
      "value": "***"
    },
    {
      "type": "regex",
      "value": "***"
    },
    {
      "type": "regex",
      "value": "***"
    },
    {
      "type": "regex",
      "value": "***"
    },
    {
      "type": "regex",
      "value": "***"
    },
    {
      "type": "regex",
      "value": "***"
    },
    {
      "type": "regex",
      "value": "***"
    },
    {
      "type": "regex",
      "value": "***"
    },
    {
      "type": "regex",
      "value": "***"
    },
    {
      "type": "regex",
      "value": "***"
    },
    {
      "type": "regex",
      "value": "***"
    },
    {
      "type": "regex",
      "value": "***"
    }
  ],
  "steps": [
    {
      "type": "action",
      "reference": {
        "type": "repository",
        "name": "actions/checkout",
        "ref": "v4",
        "repositoryType": "GitHub"
      },
      "contextName": "__actions_checkout",
      "condition": "success()",
      "id": "751ba775-5c32-4e97-bea7-201c412c665f",
      "name": "__actions_checkout"
    },
    {
      "type": "action",
      "reference": {
        "type": "repository",
        "name": "docker/login-action",
        "ref": "v3",
        "repositoryType": "GitHub"
      },
      "contextName": "__docker_login-action",
      "inputs": {
        "type": 2,
        "file": 1,
        "line": 19,
        "col": 9,
        "map": [
          {
            "key": {
              "type": 0,
              "file": 1,
              "line": 19,
              "col": 9,
              "lit": "username"
            },
            "value": {
              "type": 3,
              "file": 1,
              "line": 19,
              "col": 19,
              "expr": "secrets.DOCKERHUB_USERNAME"
            }
          },
          {
            "key": {
              "type": 0,
              "file": 1,
              "line": 20,
              "col": 9,
              "lit": "password"
            },
            "value": {
              "type": 3,
              "file": 1,
              "line": 20,
              "col": 19,
              "expr": "secrets.DOCKERHUB_TOKEN"
            }
          }
        ]
      },
      "condition": "success()",
      "id": "d32ce1f1-c83e-4b4a-a7dd-aa3d9d2b9fa5",
      "name": "__docker_login-action"
    },
    {
      "type": "action",
      "reference": {
        "type": "script"
      },
      "contextName": "__run",
      "inputs": {
        "type": 2,
        "map": [
          {
            "key": "script",
            "value": {
              "type": 0,
              "file": 1,
              "line": 22,
              "col": 12,
              "lit": "npm install"
            }
          }
        ]
      },
      "condition": "success()",
      "id": "52ae835e-1c94-4e4d-9776-2d50371543a3",
      "name": "__run"
    },
    {
      "type": "action",
      "reference": {
        "type": "script"
      },
      "contextName": "__run_2",
      "inputs": {
        "type": 2,
        "map": [
          {
            "key": "script",
            "value": {
              "type": 0,
              "file": 1,
              "line": 23,
              "col": 12,
              "lit": "npm run test"
            }
          }
        ]
      },
      "condition": "success()",
      "id": "f2c1656a-2f3d-4b0e-85a6-d147690eaba0",
      "name": "__run_2"
    },
    {
      "type": "action",
      "reference": {
        "type": "script"
      },
      "displayNameToken": {
        "type": 0,
        "file": 1,
        "line": 25,
        "col": 13,
        "lit": "Build the Docker image"
      },
      "contextName": "__run_3",
      "inputs": {
        "type": 2,
        "map": [
          {
            "key": "script",
            "value": {
              "type": 0,
              "file": 1,
              "line": 26,
              "col": 12,
              "lit": "docker build . --file Dockerfile --tag j3-todo-api:latest"
            }
          }
        ]
      },
      "condition": "success()",
      "id": "0343c729-5c3d-4a0a-813c-4b3d6cc7b690",
      "name": "__run_3"
    },
    {
      "type": "action",
      "reference": {
        "type": "script"
      },
      "displayNameToken": {
        "type": 0,
        "file": 1,
        "line": 28,
        "col": 13,
        "lit": "Add tag before push"
      },
      "contextName": "__run_4",
      "inputs": {
        "type": 2,
        "map": [
          {
            "key": "script",
            "value": {
              "type": 3,
              "file": 1,
              "line": 29,
              "col": 12,
              "expr": "format('docker tag j3-todo-api:latest {0}/j3-todo-api:latest', secrets.DOCKERHUB_USERNAME)"
            }
          }
        ]
      },
      "condition": "success()",
      "id": "929e6dd9-753d-4dfe-be2c-bc6cd8ecff11",
      "name": "__run_4"
    },
    {
      "type": "action",
      "reference": {
        "type": "script"
      },
      "displayNameToken": {
        "type": 0,
        "file": 1,
        "line": 31,
        "col": 13,
        "lit": "Push on Docker Hub"
      },
      "contextName": "__run_5",
      "inputs": {
        "type": 2,
        "map": [
          {
            "key": "script",
            "value": {
              "type": 3,
              "file": 1,
              "line": 32,
              "col": 12,
              "expr": "format('docker push {0}/j3-todo-api:latest', secrets.DOCKERHUB_USERNAME)"
            }
          }
        ]
      },
      "condition": "success()",
      "id": "264a7388-662d-4177-b6b9-30120ad7443b",
      "name": "__run_5"
    }
  ],
  "variables": {
    "Actions.EnableHttpRedirects": {
      "value": "true"
    },
    "DOCKERHUB_TOKEN": {
      "value": "***",
      "isSecret": true
    },
    "DOCKERHUB_USERNAME": {
      "value": "***",
      "isSecret": true
    },
    "DistributedTask.AddWarningToNode12Action": {
      "value": "true"
    },
    "DistributedTask.AddWarningToNode16Action": {
      "value": "true"
    },
    "DistributedTask.AllowRunnerContainerHooks": {
      "value": "true"
    },
    "DistributedTask.DeprecateStepOutputCommands": {
      "value": "true"
    },
    "DistributedTask.DetailUntarFailure": {
      "value": "true"
    },
    "DistributedTask.EnableCompositeActions": {
      "value": "true"
    },
    "DistributedTask.EnableJobServerQueueTelemetry": {
      "value": "true"
    },
    "DistributedTask.EnhancedAnnotations": {
      "value": "true"
    },
    "DistributedTask.ForceGithubJavascriptActionsToNode16": {
      "value": "true"
    },
    "DistributedTask.ForceGithubJavascriptActionsToNode20": {
      "value": "true"
    },
    "DistributedTask.LogTemplateErrorsAsDebugMessages": {
      "value": "true"
    },
    "DistributedTask.MarkJobAsFailedOnWorkerCrash": {
      "value": "true"
    },
    "DistributedTask.NewActionMetadata": {
      "value": "true"
    },
    "DistributedTask.UploadStepSummary": {
      "value": "true"
    },
    "DistributedTask.UseActionArchiveCache": {
      "value": "true"
    },
    "DistributedTask.UseWhich2": {
      "value": "true"
    },
    "RunService.FixEmbeddedIssues": {
      "value": "true"
    },
    "actions.runner.requirenode24": {
      "value": "false"
    },
    "actions.runner.usenode24bydefault": {
      "value": "true"
    },
    "actions.runner.warnonnode20": {
      "value": "true"
    },
    "actions_add_check_run_id_to_job_context": {
      "value": "true"
    },
    "actions_batch_action_resolution": {
      "value": "false"
    },
    "actions_container_action_runner_temp": {
      "value": "true"
    },
    "actions_display_helpful_actions_download_errors": {
      "value": "true"
    },
    "actions_runner_allow_artifacts_file": {
      "value": "false"
    },
    "actions_runner_compare_workflow_parser": {
      "value": "false"
    },
    "actions_runner_deprecate_linux_arm32": {
      "value": "true"
    },
    "actions_runner_emit_composite_markers": {
      "value": "true"
    },
    "actions_runner_kill_linux_arm32": {
      "value": "false"
    },
    "actions_runner_node20_removal_date": {
      "value": ""
    },
    "actions_runner_node24_default_date": {
      "value": "June 16th, 2026"
    },
    "actions_self_repository": {
      "value": "true"
    },
    "actions_service_container_command": {
      "value": "true"
    },
    "actions_set_orchestration_id_env_for_actions": {
      "value": "true"
    },
    "actions_skip_retry_complete_job_upon_known_errors": {
      "value": "true"
    },
    "actions_snapshot_preflight_hosted_runner_check": {
      "value": "false"
    },
    "actions_snapshot_preflight_image_gen_pool_check": {
      "value": "false"
    },
    "actions_use_bearer_token_for_codeload": {
      "value": "false"
    },
    "actions_uses_cache_service_v2": {
      "value": "true"
    },
    "github_token": {
      "value": "***",
      "isSecret": true
    },
    "system.from_run_service": {
      "value": "true"
    },
    "system.github.job": {
      "value": "deploy"
    },
    "system.github.launch_endpoint": {
      "value": "https://launch.actions.githubusercontent.com"
    },
    "system.github.results_endpoint": {
      "value": "https://results-receiver.actions.githubusercontent.com/"
    },
    "system.github.results_upload_with_sdk": {
      "value": "true"
    },
    "system.github.token": {
      "value": "***",
      "isSecret": true
    },
    "system.github.token.permissions": {
      "value": "{\"Contents\":\"read\",\"Metadata\":\"read\",\"Packages\":\"read\"}"
    },
    "system.orchestrationId": {
      "value": "abc8c8c6-61b1-4686-a8a5-219ccfd5dea6.deploy.__default"
    },
    "system.phaseDisplayName": {
      "value": "deploy"
    },
    "system.runner.lowdiskspacethreshold": {
      "value": "100"
    },
    "system.runnerEnvironment": {
      "value": "self-hosted"
    },
    "system.runnerGroupName": {
      "value": "Default"
    }
  },
  "messageType": "RunnerJobRequest",
  "plan": {
    "scopeIdentifier": "00000000-0000-0000-0000-000000000000",
    "planType": "actions",
    "version": 0,
    "planId": "abc8c8c6-61b1-4686-a8a5-219ccfd5dea6",
    "planGroup": null,
    "artifactUri": null,
    "artifactLocation": null,
    "definition": null,
    "owner": null
  },
  "timeline": {
    "id": "abc8c8c6-61b1-4686-a8a5-219ccfd5dea6",
    "changeId": 0,
    "location": null
  },
  "jobId": "8b825631-cd35-59d5-9c6d-3e00fb276019",
  "jobDisplayName": "deploy",
  "jobName": "__default",
  "requestId": 0,
  "lockedUntil": "0001-01-01T00:00:00",
  "resources": {
    "endpoints": [
      {
        "data": {
          "ServerId": "",
          "ServerName": "",
          "CacheServerUrl": "https://artifactcache.actions.githubusercontent.com/PfcbL4RL6VgiK9SfvdOIMRNGuEt8QaJljcZuldyiADFFwNs1G7/",
          "FeedStreamUrl": "wss://results-receiver.actions.githubusercontent.com/_ws/ingest.sock",
          "ResultsServiceUrl": "https://results-receiver.actions.githubusercontent.com/",
          "PipelinesServiceUrl": "https://pipelinesghubeus23.actions.githubusercontent.com/PfcbL4RL6VgiK9SfvdOIMRNGuEt8QaJljcZuldyiADFFwNs1G7/",
          "GenerateIdTokenUrl": "",
          "ConnectivityChecks": "[\"https://broker.actions.githubusercontent.com/health\",\"https://token.actions.githubusercontent.com/ready\",\"https://run.actions.githubusercontent.com/health\"]",
          "ConnectivityAndDNSChecks": "[\"https://github.com/_dns\",\"https://api.github.com/_dns\",\"https://codeload.github.com/_dns\",\"https://pkg.github.com/_dns\",\"https://copilot-proxy.githubusercontent.com/_dns\"]"
        },
        "name": "SystemVssConnection",
        "url": "https://run-actions-1-azure-eastus.actions.githubusercontent.com/52/",
        "authorization": {
          "parameters": {
            "AccessToken": "***"
          },
          "scheme": "OAuth"
        },
        "isShared": false,
        "isReady": true
      }
    ]
  },
  "contextData": {
    "github": {
      "t": 2,
      "d": [
        {
          "k": "ref",
          "v": "refs/heads/main"
        },
        {
          "k": "sha",
          "v": "f02ff9a14fe806d689acc946da3896263adb63e3"
        },
        {
          "k": "repository",
          "v": "***/J3_cours_devops"
        },
        {
          "k": "repository_owner",
          "v": "***"
        },
        {
          "k": "repository_owner_id",
          "v": "159887743"
        },
        {
          "k": "repositoryUrl",
          "v": "git://github.com/***/J3_cours_devops.git"
        },
        {
          "k": "run_id",
          "v": "31021978128"
        },
        {
          "k": "run_number",
          "v": "6"
        },
        {
          "k": "retention_days",
          "v": "90"
        },
        {
          "k": "run_attempt",
          "v": "1"
        },
        {
          "k": "artifact_cache_size_limit",
          "v": "10"
        },
        {
          "k": "repository_visibility",
          "v": "public"
        },
        {
          "k": "actor_id",
          "v": "159887743"
        },
        {
          "k": "actor",
          "v": "***"
        },
        {
          "k": "workflow",
          "v": "Docker Image CI"
        },
        {
          "k": "head_ref",
          "v": ""
        },
        {
          "k": "base_ref",
          "v": ""
        },
        {
          "k": "event_name",
          "v": "push"
        },
        {
          "k": "server_url",
          "v": "https://github.com"
        },
        {
          "k": "api_url",
          "v": "https://api.github.com"
        },
        {
          "k": "graphql_url",
          "v": "https://api.github.com/graphql"
        },
        {
          "k": "ref_name",
          "v": "main"
        },
        {
          "k": "ref_protected",
          "v": false
        },
        {
          "k": "ref_type",
          "v": "branch"
        },
        {
          "k": "secret_source",
          "v": "Actions"
        },
        {
          "k": "event",
          "v": {
            "t": 2,
            "d": [
              {
                "k": "after",
                "v": "f02ff9a14fe806d689acc946da3896263adb63e3"
              },
              {
                "k": "base_ref",
                "v": null
              },
              {
                "k": "before",
                "v": "38dfad1d912bb78f70d674f69b1fe22175e2d57f"
              },
              {
                "k": "commits",
                "v": {
                  "t": 1,
                  "a": [
                    {
                      "t": 2,
                      "d": [
                        {
                          "k": "author",
                          "v": {
                            "t": 2,
                            "d": [
                              {
                                "k": "email",
                                "v": "denisurgel04@gmail.com"
                              },
                              {
                                "k": "name",
                                "v": "Denis"
                              },
                              {
                                "k": "username",
                                "v": "***"
                              }
                            ]
                          }
                        },
                        {
                          "k": "committer",
                          "v": {
                            "t": 2,
                            "d": [
                              {
                                "k": "email",
                                "v": "denisurgel04@gmail.com"
                              },
                              {
                                "k": "name",
                                "v": "Denis"
                              },
                              {
                                "k": "username",
                                "v": "***"
                              }
                            ]
                          }
                        },
                        {
                          "k": "distinct",
                          "v": true
                        },
                        {
                          "k": "id",
                          "v": "f02ff9a14fe806d689acc946da3896263adb63e3"
                        },
                        {
                          "k": "message",
                          "v": "ajout compose.yml"
                        },
                        {
                          "k": "timestamp",
                          "v": "2026-08-05T17:46:09+02:00"
                        },
                        {
                          "k": "tree_id",
                          "v": "5462256547d5519fe3efea8c0b6d2b76f44fbd78"
                        },
                        {
                          "k": "url",
                          "v": "https://github.com/***/J3_cours_devops/commit/f02ff9a14fe806d689acc946da3896263adb63e3"
                        }
                      ]
                    }
                  ]
                }
              },
              {
                "k": "compare",
                "v": "https://github.com/***/J3_cours_devops/compare/38dfad1d912b...f02ff9a14fe8"
              },
              {
                "k": "created",
                "v": false
              },
              {
                "k": "deleted",
                "v": false
              },
              {
                "k": "forced",
                "v": false
              },
              {
                "k": "head_commit",
                "v": {
                  "t": 2,
                  "d": [
                    {
                      "k": "author",
                      "v": {
                        "t": 2,
                        "d": [
                          {
                            "k": "email",
                            "v": "denisurgel04@gmail.com"
                          },
                          {
                            "k": "name",
                            "v": "Denis"
                          },
                          {
                            "k": "username",
                            "v": "***"
                          }
                        ]
                      }
                    },
                    {
                      "k": "committer",
                      "v": {
                        "t": 2,
                        "d": [
                          {
                            "k": "email",
                            "v": "denisurgel04@gmail.com"
                          },
                          {
                            "k": "name",
                            "v": "Denis"
                          },
                          {
                            "k": "username",
                            "v": "***"
                          }
                        ]
                      }
                    },
                    {
                      "k": "distinct",
                      "v": true
                    },
                    {
                      "k": "id",
                      "v": "f02ff9a14fe806d689acc946da3896263adb63e3"
                    },
                    {
                      "k": "message",
                      "v": "ajout compose.yml"
                    },
                    {
                      "k": "timestamp",
                      "v": "2026-08-05T17:46:09+02:00"
                    },
                    {
                      "k": "tree_id",
                      "v": "5462256547d5519fe3efea8c0b6d2b76f44fbd78"
                    },
                    {
                      "k": "url",
                      "v": "https://github.com/***/J3_cours_devops/commit/f02ff9a14fe806d689acc946da3896263adb63e3"
                    }
                  ]
                }
              },
              {
                "k": "pusher",
                "v": {
                  "t": 2,
                  "d": [
                    {
                      "k": "email",
                      "v": "159887743+***@users.noreply.github.com"
                    },
                    {
                      "k": "name",
                      "v": "***"
                    }
                  ]
                }
              },
              {
                "k": "ref",
                "v": "refs/heads/main"
              },
              {
                "k": "repository",
                "v": {
                  "t": 2,
                  "d": [
                    {
                      "k": "allow_forking",
                      "v": true
                    },
                    {
                      "k": "archive_url",
                      "v": "https://api.github.com/repos/***/J3_cours_devops/{archive_format}{/ref}"
                    },
                    {
                      "k": "archived",
                      "v": false
                    },
                    {
                      "k": "assignees_url",
                      "v": "https://api.github.com/repos/***/J3_cours_devops/assignees{/user}"
                    },
                    {
                      "k": "blobs_url",
                      "v": "https://api.github.com/repos/***/J3_cours_devops/git/blobs{/sha}"
                    },
                    {
                      "k": "branches_url",
                      "v": "https://api.github.com/repos/***/J3_cours_devops/branches{/branch}"
                    },
                    {
                      "k": "clone_url",
                      "v": "https://github.com/***/J3_cours_devops.git"
                    },
                    {
                      "k": "collaborators_url",
                      "v": "https://api.github.com/repos/***/J3_cours_devops/collaborators{/collaborator}"
                    },
                    {
                      "k": "comments_url",
                      "v": "https://api.github.com/repos/***/J3_cours_devops/comments{/number}"
                    },
                    {
                      "k": "commits_url",
                      "v": "https://api.github.com/repos/***/J3_cours_devops/commits{/sha}"
                    },
                    {
                      "k": "compare_url",
                      "v": "https://api.github.com/repos/***/J3_cours_devops/compare/{base}...{head}"
                    },
                    {
                      "k": "contents_url",
                      "v": "https://api.github.com/repos/***/J3_cours_devops/contents/{+path}"
                    },
                    {
                      "k": "contributors_url",
                      "v": "https://api.github.com/repos/***/J3_cours_devops/contributors"
                    },
                    {
                      "k": "created_at",
                      "v": 1785938108.0
                    },
                    {
                      "k": "default_branch",
                      "v": "main"
                    },
                    {
                      "k": "deployments_url",
                      "v": "https://api.github.com/repos/***/J3_cours_devops/deployments"
                    },
                    {
                      "k": "description",
                      "v": null
                    },
                    {
                      "k": "disabled",
                      "v": false
                    },
                    {
                      "k": "downloads_url",
                      "v": "https://api.github.com/repos/***/J3_cours_devops/downloads"
                    },
                    {
                      "k": "events_url",
                      "v": "https://api.github.com/repos/***/J3_cours_devops/events"
                    },
                    {
                      "k": "fork",
                      "v": false
                    },
                    {
                      "k": "forks",
                      "v": 0.0
                    },
                    {
                      "k": "forks_count",
                      "v": 0.0
                    },
                    {
                      "k": "forks_url",
                      "v": "https://api.github.com/repos/***/J3_cours_devops/forks"
                    },
                    {
                      "k": "full_name",
                      "v": "***/J3_cours_devops"
                    },
                    {
                      "k": "git_commits_url",
                      "v": "https://api.github.com/repos/***/J3_cours_devops/git/commits{/sha}"
                    },
                    {
                      "k": "git_refs_url",
                      "v": "https://api.github.com/repos/***/J3_cours_devops/git/refs{/sha}"
                    },
                    {
                      "k": "git_tags_url",
                      "v": "https://api.github.com/repos/***/J3_cours_devops/git/tags{/sha}"
                    },
                    {
                      "k": "git_url",
                      "v": "git://github.com/***/J3_cours_devops.git"
                    },
                    {
                      "k": "has_discussions",
                      "v": false
                    },
                    {
                      "k": "has_downloads",
                      "v": true
                    },
                    {
                      "k": "has_issues",
                      "v": true
                    },
                    {
                      "k": "has_pages",
                      "v": false
                    },
                    {
                      "k": "has_projects",
                      "v": true
                    },
                    {
                      "k": "has_pull_requests",
                      "v": true
                    },
                    {
                      "k": "has_wiki",
                      "v": true
                    },
                    {
                      "k": "homepage",
                      "v": null
                    },
                    {
                      "k": "hooks_url",
                      "v": "https://api.github.com/repos/***/J3_cours_devops/hooks"
                    },
                    {
                      "k": "html_url",
                      "v": "https://github.com/***/J3_cours_devops"
                    },
                    {
                      "k": "id",
                      "v": 1324109649.0
                    },
                    {
                      "k": "is_template",
                      "v": false
                    },
                    {
                      "k": "issue_comment_url",
                      "v": "https://api.github.com/repos/***/J3_cours_devops/issues/comments{/number}"
                    },
                    {
                      "k": "issue_events_url",
                      "v": "https://api.github.com/repos/***/J3_cours_devops/issues/events{/number}"
                    },
                    {
                      "k": "issues_url",
                      "v": "https://api.github.com/repos/***/J3_cours_devops/issues{/number}"
                    },
                    {
                      "k": "keys_url",
                      "v": "https://api.github.com/repos/***/J3_cours_devops/keys{/key_id}"
                    },
                    {
                      "k": "labels_url",
                      "v": "https://api.github.com/repos/***/J3_cours_devops/labels{/name}"
                    },
                    {
                      "k": "language",
                      "v": "JavaScript"
                    },
                    {
                      "k": "languages_url",
                      "v": "https://api.github.com/repos/***/J3_cours_devops/languages"
                    },
                    {
                      "k": "license",
                      "v": null
                    },
                    {
                      "k": "master_branch",
                      "v": "main"
                    },
                    {
                      "k": "merges_url",
                      "v": "https://api.github.com/repos/***/J3_cours_devops/merges"
                    },
                    {
                      "k": "milestones_url",
                      "v": "https://api.github.com/repos/***/J3_cours_devops/milestones{/number}"
                    },
                    {
                      "k": "mirror_url",
                      "v": null
                    },
                    {
                      "k": "name",
                      "v": "J3_cours_devops"
                    },
                    {
                      "k": "node_id",
                      "v": "R_kgDOTuxPUQ"
                    },
                    {
                      "k": "notifications_url",
                      "v": "https://api.github.com/repos/***/J3_cours_devops/notifications{?since,all,participating}"
                    },
                    {
                      "k": "open_issues",
                      "v": 0.0
                    },
                    {
                      "k": "open_issues_count",
                      "v": 0.0
                    },
                    {
                      "k": "owner",
                      "v": {
                        "t": 2,
                        "d": [
                          {
                            "k": "avatar_url",
                            "v": "https://avatars.githubusercontent.com/u/159887743?v=4"
                          },
                          {
                            "k": "email",
                            "v": "159887743+***@users.noreply.github.com"
                          },
                          {
                            "k": "events_url",
                            "v": "https://api.github.com/users/***/events{/privacy}"
                          },
                          {
                            "k": "followers_url",
                            "v": "https://api.github.com/users/***/followers"
                          },
                          {
                            "k": "following_url",
                            "v": "https://api.github.com/users/***/following{/other_user}"
                          },
                          {
                            "k": "gists_url",
                            "v": "https://api.github.com/users/***/gists{/gist_id}"
                          },
                          {
                            "k": "gravatar_id",
                            "v": ""
                          },
                          {
                            "k": "html_url",
                            "v": "https://github.com/***"
                          },
                          {
                            "k": "id",
                            "v": 159887743.0
                          },
                          {
                            "k": "login",
                            "v": "***"
                          },
                          {
                            "k": "name",
                            "v": "***"
                          },
                          {
                            "k": "node_id",
                            "v": "U_kgDOCYexfw"
                          },
                          {
                            "k": "organizations_url",
                            "v": "https://api.github.com/users/***/orgs"
                          },
                          {
                            "k": "received_events_url",
                            "v": "https://api.github.com/users/***/received_events"
                          },
                          {
                            "k": "repos_url",
                            "v": "https://api.github.com/users/***/repos"
                          },
                          {
                            "k": "site_admin",
                            "v": false
                          },
                          {
                            "k": "starred_url",
                            "v": "https://api.github.com/users/***/starred{/owner}{/repo}"
                          },
                          {
                            "k": "subscriptions_url",
                            "v": "https://api.github.com/users/***/subscriptions"
                          },
                          {
                            "k": "type",
                            "v": "User"
                          },
                          {
                            "k": "url",
                            "v": "https://api.github.com/users/***"
                          },
                          {
                            "k": "user_view_type",
                            "v": "public"
                          }
                        ]
                      }
                    },
                    {
                      "k": "private",
                      "v": false
                    },
                    {
                      "k": "pull_request_creation_policy",
                      "v": "all"
                    },
                    {
                      "k": "pulls_url",
                      "v": "https://api.github.com/repos/***/J3_cours_devops/pulls{/number}"
                    },
                    {
                      "k": "pushed_at",
                      "v": 1785944780.0
                    },
                    {
                      "k": "releases_url",
                      "v": "https://api.github.com/repos/***/J3_cours_devops/releases{/id}"
                    },
                    {
                      "k": "size",
                      "v": 52.0
                    },
                    {
                      "k": "ssh_url",
                      "v": "git@github.com:***/J3_cours_devops.git"
                    },
                    {
                      "k": "stargazers",
                      "v": 0.0
                    },
                    {
                      "k": "stargazers_count",
                      "v": 0.0
                    },
                    {
                      "k": "stargazers_url",
                      "v": "https://api.github.com/repos/***/J3_cours_devops/stargazers"
                    },
                    {
                      "k": "statuses_url",
                      "v": "https://api.github.com/repos/***/J3_cours_devops/statuses/{sha}"
                    },
                    {
                      "k": "subscribers_url",
                      "v": "https://api.github.com/repos/***/J3_cours_devops/subscribers"
                    },
                    {
                      "k": "subscription_url",
                      "v": "https://api.github.com/repos/***/J3_cours_devops/subscription"
                    },
                    {
                      "k": "svn_url",
                      "v": "https://github.com/***/J3_cours_devops"
                    },
                    {
                      "k": "tags_url",
                      "v": "https://api.github.com/repos/***/J3_cours_devops/tags"
                    },
                    {
                      "k": "teams_url",
                      "v": "https://api.github.com/repos/***/J3_cours_devops/teams"
                    },
                    {
                      "k": "topics",
                      "v": {
                        "t": 1
                      }
                    },
                    {
                      "k": "trees_url",
                      "v": "https://api.github.com/repos/***/J3_cours_devops/git/trees{/sha}"
                    },
                    {
                      "k": "updated_at",
                      "v": "2026-08-05T15:25:18Z"
                    },
                    {
                      "k": "url",
                      "v": "https://api.github.com/repos/***/J3_cours_devops"
                    },
                    {
                      "k": "visibility",
                      "v": "public"
                    },
                    {
                      "k": "watchers",
                      "v": 0.0
                    },
                    {
                      "k": "watchers_count",
                      "v": 0.0
                    },
                    {
                      "k": "web_commit_signoff_required",
                      "v": false
                    }
                  ]
                }
              },
              {
                "k": "sender",
                "v": {
                  "t": 2,
                  "d": [
                    {
                      "k": "avatar_url",
                      "v": "https://avatars.githubusercontent.com/u/159887743?v=4"
                    },
                    {
                      "k": "events_url",
                      "v": "https://api.github.com/users/***/events{/privacy}"
                    },
                    {
                      "k": "followers_url",
                      "v": "https://api.github.com/users/***/followers"
                    },
                    {
                      "k": "following_url",
                      "v": "https://api.github.com/users/***/following{/other_user}"
                    },
                    {
                      "k": "gists_url",
                      "v": "https://api.github.com/users/***/gists{/gist_id}"
                    },
                    {
                      "k": "gravatar_id",
                      "v": ""
                    },
                    {
                      "k": "html_url",
                      "v": "https://github.com/***"
                    },
                    {
                      "k": "id",
                      "v": 159887743.0
                    },
                    {
                      "k": "login",
                      "v": "***"
                    },
                    {
                      "k": "node_id",
                      "v": "U_kgDOCYexfw"
                    },
                    {
                      "k": "organizations_url",
                      "v": "https://api.github.com/users/***/orgs"
                    },
                    {
                      "k": "received_events_url",
                      "v": "https://api.github.com/users/***/received_events"
                    },
                    {
                      "k": "repos_url",
                      "v": "https://api.github.com/users/***/repos"
                    },
                    {
                      "k": "site_admin",
                      "v": false
                    },
                    {
                      "k": "starred_url",
                      "v": "https://api.github.com/users/***/starred{/owner}{/repo}"
                    },
                    {
                      "k": "subscriptions_url",
                      "v": "https://api.github.com/users/***/subscriptions"
                    },
                    {
                      "k": "type",
                      "v": "User"
                    },
                    {
                      "k": "url",
                      "v": "https://api.github.com/users/***"
                    },
                    {
                      "k": "user_view_type",
                      "v": "public"
                    }
                  ]
                }
              }
            ]
          }
        },
        {
          "k": "workflow_ref",
          "v": "***/J3_cours_devops/.github/workflows/docker-image.yml@refs/heads/main"
        },
        {
          "k": "workflow_sha",
          "v": "f02ff9a14fe806d689acc946da3896263adb63e3"
        },
        {
          "k": "repository_id",
          "v": "1324109649"
        },
        {
          "k": "triggering_actor",
          "v": "***"
        }
      ]
    },
    "inputs": {
      "t": 2
    },
    "job": {
      "t": 2,
      "d": [
        {
          "k": "check_run_id",
          "v": 92360710550.0
        },
        {
          "k": "workflow_ref",
          "v": "***/J3_cours_devops/.github/workflows/docker-image.yml@refs/heads/main"
        },
        {
          "k": "workflow_sha",
          "v": "f02ff9a14fe806d689acc946da3896263adb63e3"
        },
        {
          "k": "workflow_repository",
          "v": "***/J3_cours_devops"
        },
        {
          "k": "workflow_file_path",
          "v": ".github/workflows/docker-image.yml"
        }
      ]
    },
    "matrix": null,
    "needs": {
      "t": 2
    },
    "strategy": {
      "t": 2,
      "d": [
        {
          "k": "fail-fast",
          "v": true
        },
        {
          "k": "job-index",
          "v": 0.0
        },
        {
          "k": "job-total",
          "v": 1.0
        },
        {
          "k": "max-parallel",
          "v": 1.0
        }
      ]
    },
    "vars": {
      "t": 2
    }
  },
  "billingOwnerId": "U_kgDOCYexfw"
}
[2026-08-06 07:41:22Z INFO JobRunner] Job ID 8b825631-cd35-59d5-9c6d-3e00fb276019
[2026-08-06 07:41:22Z INFO ConfigurationStore] currentAssemblyLocation: D:\Cours\Cours Ipssi\Note\Devops\J3\actions-runner\bin\Runner.Worker.dll
[2026-08-06 07:41:22Z INFO HostContext] Well known directory 'Bin': 'D:\Cours\Cours Ipssi\Note\Devops\J3\actions-runner\bin'
[2026-08-06 07:41:22Z INFO ConfigurationStore] binPath: D:\Cours\Cours Ipssi\Note\Devops\J3\actions-runner\bin
[2026-08-06 07:41:22Z INFO HostContext] Well known directory 'Bin': 'D:\Cours\Cours Ipssi\Note\Devops\J3\actions-runner\bin'
[2026-08-06 07:41:22Z INFO HostContext] Well known directory 'Root': 'D:\Cours\Cours Ipssi\Note\Devops\J3\actions-runner'
[2026-08-06 07:41:22Z INFO ConfigurationStore] RootFolder: D:\Cours\Cours Ipssi\Note\Devops\J3\actions-runner
[2026-08-06 07:41:22Z INFO HostContext] Well known directory 'Bin': 'D:\Cours\Cours Ipssi\Note\Devops\J3\actions-runner\bin'
[2026-08-06 07:41:22Z INFO HostContext] Well known directory 'Root': 'D:\Cours\Cours Ipssi\Note\Devops\J3\actions-runner'
[2026-08-06 07:41:22Z INFO HostContext] Well known config file 'Runner': 'D:\Cours\Cours Ipssi\Note\Devops\J3\actions-runner\.runner'
[2026-08-06 07:41:22Z INFO ConfigurationStore] ConfigFilePath: D:\Cours\Cours Ipssi\Note\Devops\J3\actions-runner\.runner
[2026-08-06 07:41:22Z INFO HostContext] Well known directory 'Bin': 'D:\Cours\Cours Ipssi\Note\Devops\J3\actions-runner\bin'
[2026-08-06 07:41:22Z INFO HostContext] Well known directory 'Root': 'D:\Cours\Cours Ipssi\Note\Devops\J3\actions-runner'
[2026-08-06 07:41:22Z INFO HostContext] Well known config file 'MigratedRunner': 'D:\Cours\Cours Ipssi\Note\Devops\J3\actions-runner\.runner_migrated'
[2026-08-06 07:41:22Z INFO ConfigurationStore] MigratedConfigFilePath: D:\Cours\Cours Ipssi\Note\Devops\J3\actions-runner\.runner_migrated
[2026-08-06 07:41:22Z INFO HostContext] Well known directory 'Bin': 'D:\Cours\Cours Ipssi\Note\Devops\J3\actions-runner\bin'
[2026-08-06 07:41:22Z INFO HostContext] Well known directory 'Root': 'D:\Cours\Cours Ipssi\Note\Devops\J3\actions-runner'
[2026-08-06 07:41:22Z INFO HostContext] Well known config file 'Credentials': 'D:\Cours\Cours Ipssi\Note\Devops\J3\actions-runner\.credentials'
[2026-08-06 07:41:22Z INFO ConfigurationStore] CredFilePath: D:\Cours\Cours Ipssi\Note\Devops\J3\actions-runner\.credentials
[2026-08-06 07:41:22Z INFO HostContext] Well known directory 'Bin': 'D:\Cours\Cours Ipssi\Note\Devops\J3\actions-runner\bin'
[2026-08-06 07:41:22Z INFO HostContext] Well known directory 'Root': 'D:\Cours\Cours Ipssi\Note\Devops\J3\actions-runner'
[2026-08-06 07:41:22Z INFO HostContext] Well known config file 'MigratedCredentials': 'D:\Cours\Cours Ipssi\Note\Devops\J3\actions-runner\.credentials_migrated'
[2026-08-06 07:41:22Z INFO ConfigurationStore] MigratedCredFilePath: D:\Cours\Cours Ipssi\Note\Devops\J3\actions-runner\.credentials_migrated
[2026-08-06 07:41:22Z INFO HostContext] Well known directory 'Bin': 'D:\Cours\Cours Ipssi\Note\Devops\J3\actions-runner\bin'
[2026-08-06 07:41:22Z INFO HostContext] Well known directory 'Root': 'D:\Cours\Cours Ipssi\Note\Devops\J3\actions-runner'
[2026-08-06 07:41:22Z INFO HostContext] Well known config file 'Service': 'D:\Cours\Cours Ipssi\Note\Devops\J3\actions-runner\.service'
[2026-08-06 07:41:22Z INFO ConfigurationStore] ServiceConfigFilePath: D:\Cours\Cours Ipssi\Note\Devops\J3\actions-runner\.service
[2026-08-06 07:41:22Z INFO ConfigurationStore] Read setting file: 399 chars
[2026-08-06 07:41:22Z INFO JobRunner] Initializing launch client
[2026-08-06 07:41:22Z INFO JobServerQueue] Initializing results client
[2026-08-06 07:41:22Z INFO ResultServer] Creating websocket client ...wss://results-receiver.actions.githubusercontent.com/_ws/ingest.sock
[2026-08-06 07:41:22Z INFO ResultServer] Attempting to start websocket client with delay 00:00:00.
[2026-08-06 07:41:22Z INFO JobServerQueue] Start process web console line queue.
[2026-08-06 07:41:22Z INFO JobServerQueue] Start process file upload queue.
[2026-08-06 07:41:22Z INFO JobServerQueue] Start results file upload queue.
[2026-08-06 07:41:22Z INFO JobServerQueue] Starting results-based upload queue...
[2026-08-06 07:41:22Z INFO JobServerQueue] Start process timeline update queue.
[2026-08-06 07:41:22Z INFO ExecutionContext] Initializing Job context
[2026-08-06 07:41:22Z INFO ExecutionContext] Initialize GitHub context
[2026-08-06 07:41:22Z INFO ExecutionContext] Initialize Env context
[2026-08-06 07:41:22Z INFO HostContext] Well known directory 'Bin': 'D:\Cours\Cours Ipssi\Note\Devops\J3\actions-runner\bin'
[2026-08-06 07:41:22Z INFO HostContext] Well known directory 'Root': 'D:\Cours\Cours Ipssi\Note\Devops\J3\actions-runner'
[2026-08-06 07:41:22Z INFO HostContext] Well known directory 'Diag': 'D:\Cours\Cours Ipssi\Note\Devops\J3\actions-runner\_diag'
[2026-08-06 07:41:22Z INFO HostContext] Well known directory 'Bin': 'D:\Cours\Cours Ipssi\Note\Devops\J3\actions-runner\bin'
[2026-08-06 07:41:22Z INFO HostContext] Well known directory 'Root': 'D:\Cours\Cours Ipssi\Note\Devops\J3\actions-runner'
[2026-08-06 07:41:22Z INFO HostContext] Well known directory 'Diag': 'D:\Cours\Cours Ipssi\Note\Devops\J3\actions-runner\_diag'
[2026-08-06 07:41:22Z INFO JobRunner] Starting the job execution context.
[2026-08-06 07:41:22Z INFO HostContext] Well known directory 'Bin': 'D:\Cours\Cours Ipssi\Note\Devops\J3\actions-runner\bin'
[2026-08-06 07:41:22Z INFO HostContext] Well known directory 'Root': 'D:\Cours\Cours Ipssi\Note\Devops\J3\actions-runner'
[2026-08-06 07:41:22Z INFO HostContext] Well known directory 'Work': 'D:\Cours\Cours Ipssi\Note\Devops\J3\actions-runner\_work'
[2026-08-06 07:41:22Z INFO JobRunner] Validating directory permissions for: 'D:\Cours\Cours Ipssi\Note\Devops\J3\actions-runner\_work'
[2026-08-06 07:41:22Z INFO HostContext] Well known directory 'Bin': 'D:\Cours\Cours Ipssi\Note\Devops\J3\actions-runner\bin'
[2026-08-06 07:41:22Z INFO HostContext] Well known directory 'Root': 'D:\Cours\Cours Ipssi\Note\Devops\J3\actions-runner'
[2026-08-06 07:41:22Z INFO HostContext] Well known directory 'Work': 'D:\Cours\Cours Ipssi\Note\Devops\J3\actions-runner\_work'
[2026-08-06 07:41:22Z INFO HostContext] Well known directory 'Tools': 'D:\Cours\Cours Ipssi\Note\Devops\J3\actions-runner\_work\_tool'
[2026-08-06 07:41:22Z INFO HostContext] Well known directory 'Bin': 'D:\Cours\Cours Ipssi\Note\Devops\J3\actions-runner\bin'
[2026-08-06 07:41:22Z INFO HostContext] Well known directory 'Root': 'D:\Cours\Cours Ipssi\Note\Devops\J3\actions-runner'
[2026-08-06 07:41:22Z INFO HostContext] Well known directory 'Work': 'D:\Cours\Cours Ipssi\Note\Devops\J3\actions-runner\_work'
[2026-08-06 07:41:22Z INFO HostContext] Well known directory 'Temp': 'D:\Cours\Cours Ipssi\Note\Devops\J3\actions-runner\_work\_temp'
[2026-08-06 07:41:22Z INFO JobRunner] Getting job extension.
[2026-08-06 07:41:22Z INFO JobRunner] Initialize job. Getting all job steps.
[2026-08-06 07:41:22Z INFO HostContext] Well known directory 'Bin': 'D:\Cours\Cours Ipssi\Note\Devops\J3\actions-runner\bin'
[2026-08-06 07:41:22Z INFO HostContext] Well known directory 'Root': 'D:\Cours\Cours Ipssi\Note\Devops\J3\actions-runner'
[2026-08-06 07:41:22Z INFO HostContext] Well known directory 'Diag': 'D:\Cours\Cours Ipssi\Note\Devops\J3\actions-runner\_diag'
[2026-08-06 07:41:22Z INFO HostContext] Well known directory 'Bin': 'D:\Cours\Cours Ipssi\Note\Devops\J3\actions-runner\bin'
[2026-08-06 07:41:22Z INFO HostContext] Well known directory 'Root': 'D:\Cours\Cours Ipssi\Note\Devops\J3\actions-runner'
[2026-08-06 07:41:22Z INFO HostContext] Well known directory 'Diag': 'D:\Cours\Cours Ipssi\Note\Devops\J3\actions-runner\_diag'
[2026-08-06 07:41:22Z INFO HostContext] Well known directory 'Bin': 'D:\Cours\Cours Ipssi\Note\Devops\J3\actions-runner\bin'
[2026-08-06 07:41:22Z INFO HostContext] Well known directory 'Root': 'D:\Cours\Cours Ipssi\Note\Devops\J3\actions-runner'
[2026-08-06 07:41:22Z INFO HostContext] Well known config file 'Credentials': 'D:\Cours\Cours Ipssi\Note\Devops\J3\actions-runner\.credentials'
[2026-08-06 07:41:22Z INFO HostContext] Well known directory 'Bin': 'D:\Cours\Cours Ipssi\Note\Devops\J3\actions-runner\bin'
[2026-08-06 07:41:22Z INFO HostContext] Well known directory 'Root': 'D:\Cours\Cours Ipssi\Note\Devops\J3\actions-runner'
[2026-08-06 07:41:22Z INFO HostContext] Well known config file 'SetupInfo': 'D:\Cours\Cours Ipssi\Note\Devops\J3\actions-runner\.setup_info'
[2026-08-06 07:41:22Z INFO HostContext] Well known directory 'Bin': 'D:\Cours\Cours Ipssi\Note\Devops\J3\actions-runner\bin'
[2026-08-06 07:41:22Z INFO HostContext] Well known directory 'Root': 'D:\Cours\Cours Ipssi\Note\Devops\J3\actions-runner'
[2026-08-06 07:41:22Z INFO HostContext] Well known directory 'Work': 'D:\Cours\Cours Ipssi\Note\Devops\J3\actions-runner\_work'
[2026-08-06 07:41:22Z INFO PipelineDirectoryManager] Loading tracking config if exists: D:\Cours\Cours Ipssi\Note\Devops\J3\actions-runner\_work\_PipelineMapping\***/J3_cours_devops\PipelineFolder.json
[2026-08-06 07:41:22Z INFO PipelineDirectoryManager] Updating job run properties.
[2026-08-06 07:41:22Z INFO HostContext] Well known directory 'Bin': 'D:\Cours\Cours Ipssi\Note\Devops\J3\actions-runner\bin'
[2026-08-06 07:41:22Z INFO HostContext] Well known directory 'Root': 'D:\Cours\Cours Ipssi\Note\Devops\J3\actions-runner'
[2026-08-06 07:41:22Z INFO HostContext] Well known directory 'Work': 'D:\Cours\Cours Ipssi\Note\Devops\J3\actions-runner\_work'
[2026-08-06 07:41:22Z INFO HostContext] Well known directory 'Bin': 'D:\Cours\Cours Ipssi\Note\Devops\J3\actions-runner\bin'
[2026-08-06 07:41:22Z INFO HostContext] Well known directory 'Root': 'D:\Cours\Cours Ipssi\Note\Devops\J3\actions-runner'
[2026-08-06 07:41:22Z INFO HostContext] Well known directory 'Work': 'D:\Cours\Cours Ipssi\Note\Devops\J3\actions-runner\_work'
[2026-08-06 07:41:22Z INFO HostContext] Well known directory 'Bin': 'D:\Cours\Cours Ipssi\Note\Devops\J3\actions-runner\bin'
[2026-08-06 07:41:22Z INFO HostContext] Well known directory 'Root': 'D:\Cours\Cours Ipssi\Note\Devops\J3\actions-runner'
[2026-08-06 07:41:22Z INFO HostContext] Well known directory 'Work': 'D:\Cours\Cours Ipssi\Note\Devops\J3\actions-runner\_work'
[2026-08-06 07:41:22Z INFO JobExtension] Downloading actions
[2026-08-06 07:41:22Z INFO HostContext] Well known directory 'Bin': 'D:\Cours\Cours Ipssi\Note\Devops\J3\actions-runner\bin'
[2026-08-06 07:41:22Z INFO HostContext] Well known directory 'Root': 'D:\Cours\Cours Ipssi\Note\Devops\J3\actions-runner'
[2026-08-06 07:41:22Z INFO HostContext] Well known directory 'Work': 'D:\Cours\Cours Ipssi\Note\Devops\J3\actions-runner\_work'
[2026-08-06 07:41:22Z INFO HostContext] Well known directory 'Actions': 'D:\Cours\Cours Ipssi\Note\Devops\J3\actions-runner\_work\_actions'
[2026-08-06 07:41:22Z INFO Worker] Listening for cancel message from the channel.
[2026-08-06 07:41:22Z INFO Worker] Waiting for the job to complete or for a cancel message from the channel.
[2026-08-06 07:41:22Z INFO ResultServer] Successfully started websocket client.
[2026-08-06 07:41:22Z INFO JobServerQueue] Try to append 1 batches web console lines for record '5ad79b79-105d-4bc0-87de-6d43436d2bf0', success rate: 1/1.
[2026-08-06 07:41:22Z INFO HostContext] Well known directory 'Bin': 'D:\Cours\Cours Ipssi\Note\Devops\J3\actions-runner\bin'
[2026-08-06 07:41:22Z INFO HostContext] Well known directory 'Root': 'D:\Cours\Cours Ipssi\Note\Devops\J3\actions-runner'
[2026-08-06 07:41:22Z INFO HostContext] Well known directory 'Work': 'D:\Cours\Cours Ipssi\Note\Devops\J3\actions-runner\_work'
[2026-08-06 07:41:22Z INFO HostContext] Well known directory 'Actions': 'D:\Cours\Cours Ipssi\Note\Devops\J3\actions-runner\_work\_actions'
[2026-08-06 07:41:22Z INFO HostContext] Well known directory 'Bin': 'D:\Cours\Cours Ipssi\Note\Devops\J3\actions-runner\bin'
[2026-08-06 07:41:22Z INFO HostContext] Well known directory 'Root': 'D:\Cours\Cours Ipssi\Note\Devops\J3\actions-runner'
[2026-08-06 07:41:22Z INFO HostContext] Well known directory 'Work': 'D:\Cours\Cours Ipssi\Note\Devops\J3\actions-runner\_work'
[2026-08-06 07:41:22Z INFO HostContext] Well known directory 'Actions': 'D:\Cours\Cours Ipssi\Note\Devops\J3\actions-runner\_work\_actions'
[2026-08-06 07:41:22Z INFO ActionManager] Save archive 'https://codeload.github.com/actions/checkout/zip/11d5960a326750d5838078e36cf38b85af677262' into D:\Cours\Cours Ipssi\Note\Devops\J3\actions-runner\_work\_actions\_temp_21df031e-08d1-4b04-94ac-15f78482ba76\1eb43668-6b52-4653-acad-c3cd7770c582.zip.
[2026-08-06 07:41:22Z INFO ActionManager] Using Basic token for action archive download.
[2026-08-06 07:41:22Z INFO JobServerQueue] Try to append 1 batches web console lines for record '5ad79b79-105d-4bc0-87de-6d43436d2bf0', success rate: 1/1.
[2026-08-06 07:41:23Z INFO JobServerQueue] Job timeline record has been updated for the first time.
[2026-08-06 07:41:23Z INFO ActionManager] Request URL: https://codeload.github.com/actions/checkout/zip/11d5960a326750d5838078e36cf38b85af677262 X-GitHub-Request-Id: 6E83:28AE3D:7847A7:AC107C:6A743AA2 Http Status: OK
[2026-08-06 07:41:24Z INFO ActionManager] Finished getting action repository.
[2026-08-06 07:41:24Z INFO HostContext] Well known directory 'Bin': 'D:\Cours\Cours Ipssi\Note\Devops\J3\actions-runner\bin'
[2026-08-06 07:41:24Z INFO HostContext] Well known directory 'Root': 'D:\Cours\Cours Ipssi\Note\Devops\J3\actions-runner'
[2026-08-06 07:41:24Z INFO HostContext] Well known directory 'Work': 'D:\Cours\Cours Ipssi\Note\Devops\J3\actions-runner\_work'
[2026-08-06 07:41:24Z INFO HostContext] Well known directory 'Actions': 'D:\Cours\Cours Ipssi\Note\Devops\J3\actions-runner\_work\_actions'
[2026-08-06 07:41:24Z INFO HostContext] Well known directory 'Bin': 'D:\Cours\Cours Ipssi\Note\Devops\J3\actions-runner\bin'
[2026-08-06 07:41:24Z INFO HostContext] Well known directory 'Root': 'D:\Cours\Cours Ipssi\Note\Devops\J3\actions-runner'
[2026-08-06 07:41:24Z INFO HostContext] Well known directory 'Work': 'D:\Cours\Cours Ipssi\Note\Devops\J3\actions-runner\_work'
[2026-08-06 07:41:24Z INFO HostContext] Well known directory 'Actions': 'D:\Cours\Cours Ipssi\Note\Devops\J3\actions-runner\_work\_actions'
[2026-08-06 07:41:24Z INFO ActionManager] Save archive 'https://codeload.github.com/docker/login-action/zip/c94ce9fb468520275223c153574b00df6fe4bcc9' into D:\Cours\Cours Ipssi\Note\Devops\J3\actions-runner\_work\_actions\_temp_14c3411d-44bf-42c2-8048-70c9d5c0d111\f6864158-20ab-40cb-9653-5055c61d5704.zip.
[2026-08-06 07:41:24Z INFO ActionManager] Using Basic token for action archive download.
[2026-08-06 07:41:24Z INFO JobServerQueue] Try to append 1 batches web console lines for record '5ad79b79-105d-4bc0-87de-6d43436d2bf0', success rate: 1/1.
[2026-08-06 07:41:24Z INFO ActionManager] Request URL: https://codeload.github.com/docker/login-action/zip/c94ce9fb468520275223c153574b00df6fe4bcc9 X-GitHub-Request-Id: 9404:141394:82B13C:B66DE5:6A743AA4 Http Status: OK
[2026-08-06 07:41:25Z INFO ActionManager] Finished getting action repository.
[2026-08-06 07:41:25Z INFO HostContext] Well known directory 'Bin': 'D:\Cours\Cours Ipssi\Note\Devops\J3\actions-runner\bin'
[2026-08-06 07:41:25Z INFO HostContext] Well known directory 'Root': 'D:\Cours\Cours Ipssi\Note\Devops\J3\actions-runner'
[2026-08-06 07:41:25Z INFO HostContext] Well known directory 'Work': 'D:\Cours\Cours Ipssi\Note\Devops\J3\actions-runner\_work'
[2026-08-06 07:41:25Z INFO HostContext] Well known directory 'Actions': 'D:\Cours\Cours Ipssi\Note\Devops\J3\actions-runner\_work\_actions'
[2026-08-06 07:41:25Z INFO ActionManifestManagerLegacy] Load schema file with definitions: [
  "null",
  "boolean",
  "number",
  "string",
  "sequence",
  "mapping",
  "any",
  "action-root",
  "inputs",
  "input",
  "outputs",
  "output-definition",
  "runs",
  "container-runs",
  "container-runs-args",
  "container-runs-env",
  "node-runs",
  "plugin-runs",
  "composite-runs",
  "composite-steps",
  "composite-step",
  "run-step",
  "uses-step",
  "container-runs-context",
  "output-value",
  "input-default-context",
  "non-empty-string",
  "string-steps-context",
  "boolean-steps-context",
  "step-env",
  "step-if",
  "step-with"
]
[2026-08-06 07:41:25Z INFO ActionManifestManager] Load schema file with definitions: [
  "null",
  "boolean",
  "number",
  "string",
  "sequence",
  "mapping",
  "any",
  "action-root",
  "inputs",
  "input",
  "outputs",
  "output-definition",
  "runs",
  "container-runs",
  "container-runs-args",
  "container-runs-env",
  "node-runs",
  "plugin-runs",
  "composite-runs",
  "composite-steps",
  "composite-step",
  "run-step",
  "uses-step",
  "container-runs-context",
  "output-value",
  "input-default-context",
  "non-empty-string",
  "string-steps-context",
  "boolean-steps-context",
  "step-env",
  "step-if",
  "step-with"
]
[2026-08-06 07:41:25Z INFO HostContext] Well known directory 'Bin': 'D:\Cours\Cours Ipssi\Note\Devops\J3\actions-runner\bin'
[2026-08-06 07:41:25Z INFO HostContext] Well known directory 'Root': 'D:\Cours\Cours Ipssi\Note\Devops\J3\actions-runner'
[2026-08-06 07:41:25Z INFO HostContext] Well known directory 'Work': 'D:\Cours\Cours Ipssi\Note\Devops\J3\actions-runner\_work'
[2026-08-06 07:41:25Z INFO HostContext] Well known directory 'Actions': 'D:\Cours\Cours Ipssi\Note\Devops\J3\actions-runner\_work\_actions'
[2026-08-06 07:41:25Z INFO ActionManifestManagerLegacy] Loaded action.yml file: {
  "name": "Checkout",
  "description": "Checkout a Git repository at a particular version",
  "inputs": {
    "type": 2,
    "map": [
      {
        "key": {
          "type": 0,
          "file": 2,
          "line": 4,
          "col": 3,
          "lit": "repository"
        },
        "value": {
          "type": 3,
          "file": 2,
          "line": 6,
          "col": 14,
          "expr": "github.repository"
        }
      },
      {
        "key": {
          "type": 0,
          "file": 2,
          "line": 7,
          "col": 3,
          "lit": "ref"
        },
        "value": ""
      },
      {
        "key": {
          "type": 0,
          "file": 2,
          "line": 12,
          "col": 3,
          "lit": "token"
        },
        "value": {
          "type": 3,
          "file": 2,
          "line": 24,
          "col": 14,
          "expr": "github.token"
        }
      },
      {
        "key": {
          "type": 0,
          "file": 2,
          "line": 25,
          "col": 3,
          "lit": "ssh-key"
        },
        "value": ""
      },
      {
        "key": {
          "type": 0,
          "file": 2,
          "line": 37,
          "col": 3,
          "lit": "ssh-known-hosts"
        },
        "value": ""
      },
      {
        "key": {
          "type": 0,
          "file": 2,
          "line": 42,
          "col": 3,
          "lit": "ssh-strict"
        },
        "value": {
          "type": 0,
          "file": 2,
          "line": 47,
          "col": 14,
          "lit": "true"
        }
      },
      {
        "key": {
          "type": 0,
          "file": 2,
          "line": 48,
          "col": 3,
          "lit": "ssh-user"
        },
        "value": {
          "type": 0,
          "file": 2,
          "line": 51,
          "col": 14,
          "lit": "git"
        }
      },
      {
        "key": {
          "type": 0,
          "file": 2,
          "line": 52,
          "col": 3,
          "lit": "persist-credentials"
        },
        "value": {
          "type": 0,
          "file": 2,
          "line": 54,
          "col": 14,
          "lit": "true"
        }
      },
      {
        "key": {
          "type": 0,
          "file": 2,
          "line": 55,
          "col": 3,
          "lit": "path"
        },
        "value": ""
      },
      {
        "key": {
          "type": 0,
          "file": 2,
          "line": 57,
          "col": 3,
          "lit": "clean"
        },
        "value": {
          "type": 0,
          "file": 2,
          "line": 59,
          "col": 14,
          "lit": "true"
        }
      },
      {
        "key": {
          "type": 0,
          "file": 2,
          "line": 60,
          "col": 3,
          "lit": "filter"
        },
        "value": {
          "type": 0,
          "file": 2,
          "line": 64,
          "col": 14,
          "lit": ""
        }
      },
      {
        "key": {
          "type": 0,
          "file": 2,
          "line": 65,
          "col": 3,
          "lit": "sparse-checkout"
        },
        "value": {
          "type": 0,
          "file": 2,
          "line": 69,
          "col": 14,
          "lit": ""
        }
      },
      {
        "key": {
          "type": 0,
          "file": 2,
          "line": 70,
          "col": 3,
          "lit": "sparse-checkout-cone-mode"
        },
        "value": {
          "type": 0,
          "file": 2,
          "line": 73,
          "col": 14,
          "lit": "true"
        }
      },
      {
        "key": {
          "type": 0,
          "file": 2,
          "line": 74,
          "col": 3,
          "lit": "fetch-depth"
        },
        "value": {
          "type": 0,
          "file": 2,
          "line": 76,
          "col": 14,
          "lit": "1"
        }
      },
      {
        "key": {
          "type": 0,
          "file": 2,
          "line": 77,
          "col": 3,
          "lit": "fetch-tags"
        },
        "value": {
          "type": 0,
          "file": 2,
          "line": 79,
          "col": 14,
          "lit": "false"
        }
      },
      {
        "key": {
          "type": 0,
          "file": 2,
          "line": 80,
          "col": 3,
          "lit": "show-progress"
        },
        "value": {
          "type": 0,
          "file": 2,
          "line": 82,
          "col": 14,
          "lit": "true"
        }
      },
      {
        "key": {
          "type": 0,
          "file": 2,
          "line": 83,
          "col": 3,
          "lit": "lfs"
        },
        "value": {
          "type": 0,
          "file": 2,
          "line": 85,
          "col": 14,
          "lit": "false"
        }
      },
      {
        "key": {
          "type": 0,
          "file": 2,
          "line": 86,
          "col": 3,
          "lit": "submodules"
        },
        "value": {
          "type": 0,
          "file": 2,
          "line": 94,
          "col": 14,
          "lit": "false"
        }
      },
      {
        "key": {
          "type": 0,
          "file": 2,
          "line": 95,
          "col": 3,
          "lit": "set-safe-directory"
        },
        "value": {
          "type": 0,
          "file": 2,
          "line": 97,
          "col": 14,
          "lit": "true"
        }
      },
      {
        "key": {
          "type": 0,
          "file": 2,
          "line": 98,
          "col": 3,
          "lit": "github-server-url"
        },
        "value": ""
      },
      {
        "key": {
          "type": 0,
          "file": 2,
          "line": 101,
          "col": 3,
          "lit": "allow-unsafe-pr-checkout"
        },
        "value": {
          "type": 0,
          "file": 2,
          "line": 109,
          "col": 14,
          "lit": "false"
        }
      }
    ]
  },
  "execution": {
    "executionType": "nodeJS",
    "hasPre": false,
    "hasPost": true,
    "script": "dist/index.js",
    "pre": null,
    "post": "dist/index.js",
    "nodeVersion": "node20",
    "cleanupCondition": "always()",
    "initCondition": "always()"
  },
  "deprecated": null
}
[2026-08-06 07:41:25Z INFO ActionManager] Action node.js file: dist/index.js, no more preparation.
[2026-08-06 07:41:25Z INFO HostContext] Well known directory 'Bin': 'D:\Cours\Cours Ipssi\Note\Devops\J3\actions-runner\bin'
[2026-08-06 07:41:25Z INFO HostContext] Well known directory 'Root': 'D:\Cours\Cours Ipssi\Note\Devops\J3\actions-runner'
[2026-08-06 07:41:25Z INFO HostContext] Well known directory 'Work': 'D:\Cours\Cours Ipssi\Note\Devops\J3\actions-runner\_work'
[2026-08-06 07:41:25Z INFO HostContext] Well known directory 'Actions': 'D:\Cours\Cours Ipssi\Note\Devops\J3\actions-runner\_work\_actions'
[2026-08-06 07:41:25Z INFO ActionManager] Load action that reference repository from 'D:\Cours\Cours Ipssi\Note\Devops\J3\actions-runner\_work\_actions\actions\checkout\v4'
[2026-08-06 07:41:25Z INFO HostContext] Well known directory 'Bin': 'D:\Cours\Cours Ipssi\Note\Devops\J3\actions-runner\bin'
[2026-08-06 07:41:25Z INFO HostContext] Well known directory 'Root': 'D:\Cours\Cours Ipssi\Note\Devops\J3\actions-runner'
[2026-08-06 07:41:25Z INFO HostContext] Well known directory 'Work': 'D:\Cours\Cours Ipssi\Note\Devops\J3\actions-runner\_work'
[2026-08-06 07:41:25Z INFO HostContext] Well known directory 'Actions': 'D:\Cours\Cours Ipssi\Note\Devops\J3\actions-runner\_work\_actions'
[2026-08-06 07:41:25Z INFO ActionManifestManagerLegacy] Loaded action.yml file: {
  "name": "Checkout",
  "description": "Checkout a Git repository at a particular version",
  "inputs": {
    "type": 2,
    "map": [
      {
        "key": {
          "type": 0,
          "file": 2,
          "line": 4,
          "col": 3,
          "lit": "repository"
        },
        "value": {
          "type": 3,
          "file": 2,
          "line": 6,
          "col": 14,
          "expr": "github.repository"
        }
      },
      {
        "key": {
          "type": 0,
          "file": 2,
          "line": 7,
          "col": 3,
          "lit": "ref"
        },
        "value": ""
      },
      {
        "key": {
          "type": 0,
          "file": 2,
          "line": 12,
          "col": 3,
          "lit": "token"
        },
        "value": {
          "type": 3,
          "file": 2,
          "line": 24,
          "col": 14,
          "expr": "github.token"
        }
      },
      {
        "key": {
          "type": 0,
          "file": 2,
          "line": 25,
          "col": 3,
          "lit": "ssh-key"
        },
        "value": ""
      },
      {
        "key": {
          "type": 0,
          "file": 2,
          "line": 37,
          "col": 3,
          "lit": "ssh-known-hosts"
        },
        "value": ""
      },
      {
        "key": {
          "type": 0,
          "file": 2,
          "line": 42,
          "col": 3,
          "lit": "ssh-strict"
        },
        "value": {
          "type": 0,
          "file": 2,
          "line": 47,
          "col": 14,
          "lit": "true"
        }
      },
      {
        "key": {
          "type": 0,
          "file": 2,
          "line": 48,
          "col": 3,
          "lit": "ssh-user"
        },
        "value": {
          "type": 0,
          "file": 2,
          "line": 51,
          "col": 14,
          "lit": "git"
        }
      },
      {
        "key": {
          "type": 0,
          "file": 2,
          "line": 52,
          "col": 3,
          "lit": "persist-credentials"
        },
        "value": {
          "type": 0,
          "file": 2,
          "line": 54,
          "col": 14,
          "lit": "true"
        }
      },
      {
        "key": {
          "type": 0,
          "file": 2,
          "line": 55,
          "col": 3,
          "lit": "path"
        },
        "value": ""
      },
      {
        "key": {
          "type": 0,
          "file": 2,
          "line": 57,
          "col": 3,
          "lit": "clean"
        },
        "value": {
          "type": 0,
          "file": 2,
          "line": 59,
          "col": 14,
          "lit": "true"
        }
      },
      {
        "key": {
          "type": 0,
          "file": 2,
          "line": 60,
          "col": 3,
          "lit": "filter"
        },
        "value": {
          "type": 0,
          "file": 2,
          "line": 64,
          "col": 14,
          "lit": ""
        }
      },
      {
        "key": {
          "type": 0,
          "file": 2,
          "line": 65,
          "col": 3,
          "lit": "sparse-checkout"
        },
        "value": {
          "type": 0,
          "file": 2,
          "line": 69,
          "col": 14,
          "lit": ""
        }
      },
      {
        "key": {
          "type": 0,
          "file": 2,
          "line": 70,
          "col": 3,
          "lit": "sparse-checkout-cone-mode"
        },
        "value": {
          "type": 0,
          "file": 2,
          "line": 73,
          "col": 14,
          "lit": "true"
        }
      },
      {
        "key": {
          "type": 0,
          "file": 2,
          "line": 74,
          "col": 3,
          "lit": "fetch-depth"
        },
        "value": {
          "type": 0,
          "file": 2,
          "line": 76,
          "col": 14,
          "lit": "1"
        }
      },
      {
        "key": {
          "type": 0,
          "file": 2,
          "line": 77,
          "col": 3,
          "lit": "fetch-tags"
        },
        "value": {
          "type": 0,
          "file": 2,
          "line": 79,
          "col": 14,
          "lit": "false"
        }
      },
      {
        "key": {
          "type": 0,
          "file": 2,
          "line": 80,
          "col": 3,
          "lit": "show-progress"
        },
        "value": {
          "type": 0,
          "file": 2,
          "line": 82,
          "col": 14,
          "lit": "true"
        }
      },
      {
        "key": {
          "type": 0,
          "file": 2,
          "line": 83,
          "col": 3,
          "lit": "lfs"
        },
        "value": {
          "type": 0,
          "file": 2,
          "line": 85,
          "col": 14,
          "lit": "false"
        }
      },
      {
        "key": {
          "type": 0,
          "file": 2,
          "line": 86,
          "col": 3,
          "lit": "submodules"
        },
        "value": {
          "type": 0,
          "file": 2,
          "line": 94,
          "col": 14,
          "lit": "false"
        }
      },
      {
        "key": {
          "type": 0,
          "file": 2,
          "line": 95,
          "col": 3,
          "lit": "set-safe-directory"
        },
        "value": {
          "type": 0,
          "file": 2,
          "line": 97,
          "col": 14,
          "lit": "true"
        }
      },
      {
        "key": {
          "type": 0,
          "file": 2,
          "line": 98,
          "col": 3,
          "lit": "github-server-url"
        },
        "value": ""
      },
      {
        "key": {
          "type": 0,
          "file": 2,
          "line": 101,
          "col": 3,
          "lit": "allow-unsafe-pr-checkout"
        },
        "value": {
          "type": 0,
          "file": 2,
          "line": 109,
          "col": 14,
          "lit": "false"
        }
      }
    ]
  },
  "execution": {
    "executionType": "nodeJS",
    "hasPre": false,
    "hasPost": true,
    "script": "dist/index.js",
    "pre": null,
    "post": "dist/index.js",
    "nodeVersion": "node20",
    "cleanupCondition": "always()",
    "initCondition": "always()"
  },
  "deprecated": null
}
[2026-08-06 07:41:25Z INFO ActionManager] Action pre node.js file: N/A.
[2026-08-06 07:41:25Z INFO ActionManager] Action node.js file: dist/index.js.
[2026-08-06 07:41:25Z INFO ActionManager] Action post node.js file: dist/index.js.
[2026-08-06 07:41:25Z INFO HostContext] Well known directory 'Bin': 'D:\Cours\Cours Ipssi\Note\Devops\J3\actions-runner\bin'
[2026-08-06 07:41:25Z INFO HostContext] Well known directory 'Root': 'D:\Cours\Cours Ipssi\Note\Devops\J3\actions-runner'
[2026-08-06 07:41:25Z INFO HostContext] Well known directory 'Work': 'D:\Cours\Cours Ipssi\Note\Devops\J3\actions-runner\_work'
[2026-08-06 07:41:25Z INFO HostContext] Well known directory 'Actions': 'D:\Cours\Cours Ipssi\Note\Devops\J3\actions-runner\_work\_actions'
[2026-08-06 07:41:25Z INFO HostContext] Well known directory 'Bin': 'D:\Cours\Cours Ipssi\Note\Devops\J3\actions-runner\bin'
[2026-08-06 07:41:25Z INFO HostContext] Well known directory 'Root': 'D:\Cours\Cours Ipssi\Note\Devops\J3\actions-runner'
[2026-08-06 07:41:25Z INFO HostContext] Well known directory 'Work': 'D:\Cours\Cours Ipssi\Note\Devops\J3\actions-runner\_work'
[2026-08-06 07:41:25Z INFO HostContext] Well known directory 'Actions': 'D:\Cours\Cours Ipssi\Note\Devops\J3\actions-runner\_work\_actions'
[2026-08-06 07:41:25Z INFO ActionManifestManagerLegacy] Ignore action property author.
[2026-08-06 07:41:25Z INFO ActionManifestManagerLegacy] Ignore action property branding.
[2026-08-06 07:41:25Z INFO ActionManifestManagerLegacy] Loaded action.yml file: {
  "name": "Docker Login",
  "description": "GitHub Action to login against a Docker registry",
  "inputs": {
    "type": 2,
    "map": [
      {
        "key": {
          "type": 0,
          "file": 3,
          "line": 10,
          "col": 3,
          "lit": "registry"
        },
        "value": ""
      },
      {
        "key": {
          "type": 0,
          "file": 3,
          "line": 13,
          "col": 3,
          "lit": "username"
        },
        "value": ""
      },
      {
        "key": {
          "type": 0,
          "file": 3,
          "line": 16,
          "col": 3,
          "lit": "password"
        },
        "value": ""
      },
      {
        "key": {
          "type": 0,
          "file": 3,
          "line": 19,
          "col": 3,
          "lit": "ecr"
        },
        "value": ""
      },
      {
        "key": {
          "type": 0,
          "file": 3,
          "line": 22,
          "col": 3,
          "lit": "scope"
        },
        "value": ""
      },
      {
        "key": {
          "type": 0,
          "file": 3,
          "line": 25,
          "col": 3,
          "lit": "logout"
        },
        "value": {
          "type": 0,
          "file": 3,
          "line": 27,
          "col": 14,
          "lit": "true"
        }
      },
      {
        "key": {
          "type": 0,
          "file": 3,
          "line": 29,
          "col": 3,
          "lit": "registry-auth"
        },
        "value": ""
      }
    ]
  },
  "execution": {
    "executionType": "nodeJS",
    "hasPre": false,
    "hasPost": true,
    "script": "dist/index.js",
    "pre": null,
    "post": "dist/index.js",
    "nodeVersion": "node20",
    "cleanupCondition": "always()",
    "initCondition": "always()"
  },
  "deprecated": null
}
[2026-08-06 07:41:25Z INFO ActionManager] Action node.js file: dist/index.js, no more preparation.
[2026-08-06 07:41:25Z INFO HostContext] Well known directory 'Bin': 'D:\Cours\Cours Ipssi\Note\Devops\J3\actions-runner\bin'
[2026-08-06 07:41:25Z INFO HostContext] Well known directory 'Root': 'D:\Cours\Cours Ipssi\Note\Devops\J3\actions-runner'
[2026-08-06 07:41:25Z INFO HostContext] Well known directory 'Work': 'D:\Cours\Cours Ipssi\Note\Devops\J3\actions-runner\_work'
[2026-08-06 07:41:25Z INFO HostContext] Well known directory 'Actions': 'D:\Cours\Cours Ipssi\Note\Devops\J3\actions-runner\_work\_actions'
[2026-08-06 07:41:25Z INFO ActionManager] Load action that reference repository from 'D:\Cours\Cours Ipssi\Note\Devops\J3\actions-runner\_work\_actions\docker\login-action\v3'
[2026-08-06 07:41:25Z INFO HostContext] Well known directory 'Bin': 'D:\Cours\Cours Ipssi\Note\Devops\J3\actions-runner\bin'
[2026-08-06 07:41:25Z INFO HostContext] Well known directory 'Root': 'D:\Cours\Cours Ipssi\Note\Devops\J3\actions-runner'
[2026-08-06 07:41:25Z INFO HostContext] Well known directory 'Work': 'D:\Cours\Cours Ipssi\Note\Devops\J3\actions-runner\_work'
[2026-08-06 07:41:25Z INFO HostContext] Well known directory 'Actions': 'D:\Cours\Cours Ipssi\Note\Devops\J3\actions-runner\_work\_actions'
[2026-08-06 07:41:25Z INFO ActionManifestManagerLegacy] Ignore action property author.
[2026-08-06 07:41:25Z INFO ActionManifestManagerLegacy] Ignore action property branding.
[2026-08-06 07:41:25Z INFO ActionManifestManagerLegacy] Loaded action.yml file: {
  "name": "Docker Login",
  "description": "GitHub Action to login against a Docker registry",
  "inputs": {
    "type": 2,
    "map": [
      {
        "key": {
          "type": 0,
          "file": 3,
          "line": 10,
          "col": 3,
          "lit": "registry"
        },
        "value": ""
      },
      {
        "key": {
          "type": 0,
          "file": 3,
          "line": 13,
          "col": 3,
          "lit": "username"
        },
        "value": ""
      },
      {
        "key": {
          "type": 0,
          "file": 3,
          "line": 16,
          "col": 3,
          "lit": "password"
        },
        "value": ""
      },
      {
        "key": {
          "type": 0,
          "file": 3,
          "line": 19,
          "col": 3,
          "lit": "ecr"
        },
        "value": ""
      },
      {
        "key": {
          "type": 0,
          "file": 3,
          "line": 22,
          "col": 3,
          "lit": "scope"
        },
        "value": ""
      },
      {
        "key": {
          "type": 0,
          "file": 3,
          "line": 25,
          "col": 3,
          "lit": "logout"
        },
        "value": {
          "type": 0,
          "file": 3,
          "line": 27,
          "col": 14,
          "lit": "true"
        }
      },
      {
        "key": {
          "type": 0,
          "file": 3,
          "line": 29,
          "col": 3,
          "lit": "registry-auth"
        },
        "value": ""
      }
    ]
  },
  "execution": {
    "executionType": "nodeJS",
    "hasPre": false,
    "hasPost": true,
    "script": "dist/index.js",
    "pre": null,
    "post": "dist/index.js",
    "nodeVersion": "node20",
    "cleanupCondition": "always()",
    "initCondition": "always()"
  },
  "deprecated": null
}
[2026-08-06 07:41:25Z INFO ActionManager] Action pre node.js file: N/A.
[2026-08-06 07:41:25Z INFO ActionManager] Action node.js file: dist/index.js.
[2026-08-06 07:41:25Z INFO ActionManager] Action post node.js file: dist/index.js.
[2026-08-06 07:41:25Z INFO JobExtension] Adding .
[2026-08-06 07:41:25Z INFO JobExtension] Adding .
[2026-08-06 07:41:25Z INFO JobExtension] Adding .
[2026-08-06 07:41:25Z INFO JobExtension] Adding .
[2026-08-06 07:41:25Z INFO JobExtension] Adding .
[2026-08-06 07:41:25Z INFO JobExtension] Adding .
[2026-08-06 07:41:25Z INFO JobExtension] Adding .
[2026-08-06 07:41:25Z INFO HostContext] Well known directory 'Bin': 'D:\Cours\Cours Ipssi\Note\Devops\J3\actions-runner\bin'
[2026-08-06 07:41:25Z INFO HostContext] Well known directory 'Root': 'D:\Cours\Cours Ipssi\Note\Devops\J3\actions-runner'
[2026-08-06 07:41:25Z INFO HostContext] Well known directory 'Diag': 'D:\Cours\Cours Ipssi\Note\Devops\J3\actions-runner\_diag'
[2026-08-06 07:41:25Z INFO HostContext] Well known directory 'Bin': 'D:\Cours\Cours Ipssi\Note\Devops\J3\actions-runner\bin'
[2026-08-06 07:41:25Z INFO HostContext] Well known directory 'Root': 'D:\Cours\Cours Ipssi\Note\Devops\J3\actions-runner'
[2026-08-06 07:41:25Z INFO HostContext] Well known directory 'Diag': 'D:\Cours\Cours Ipssi\Note\Devops\J3\actions-runner\_diag'
[2026-08-06 07:41:25Z INFO HostContext] Well known directory 'Bin': 'D:\Cours\Cours Ipssi\Note\Devops\J3\actions-runner\bin'
[2026-08-06 07:41:25Z INFO HostContext] Well known directory 'Root': 'D:\Cours\Cours Ipssi\Note\Devops\J3\actions-runner'
[2026-08-06 07:41:25Z INFO HostContext] Well known directory 'Diag': 'D:\Cours\Cours Ipssi\Note\Devops\J3\actions-runner\_diag'
[2026-08-06 07:41:25Z INFO HostContext] Well known directory 'Bin': 'D:\Cours\Cours Ipssi\Note\Devops\J3\actions-runner\bin'
[2026-08-06 07:41:25Z INFO HostContext] Well known directory 'Root': 'D:\Cours\Cours Ipssi\Note\Devops\J3\actions-runner'
[2026-08-06 07:41:25Z INFO HostContext] Well known directory 'Diag': 'D:\Cours\Cours Ipssi\Note\Devops\J3\actions-runner\_diag'
[2026-08-06 07:41:25Z INFO HostContext] Well known directory 'Bin': 'D:\Cours\Cours Ipssi\Note\Devops\J3\actions-runner\bin'
[2026-08-06 07:41:25Z INFO HostContext] Well known directory 'Root': 'D:\Cours\Cours Ipssi\Note\Devops\J3\actions-runner'
[2026-08-06 07:41:25Z INFO HostContext] Well known directory 'Diag': 'D:\Cours\Cours Ipssi\Note\Devops\J3\actions-runner\_diag'
[2026-08-06 07:41:25Z INFO HostContext] Well known directory 'Bin': 'D:\Cours\Cours Ipssi\Note\Devops\J3\actions-runner\bin'
[2026-08-06 07:41:25Z INFO HostContext] Well known directory 'Root': 'D:\Cours\Cours Ipssi\Note\Devops\J3\actions-runner'
[2026-08-06 07:41:25Z INFO HostContext] Well known directory 'Diag': 'D:\Cours\Cours Ipssi\Note\Devops\J3\actions-runner\_diag'
[2026-08-06 07:41:25Z INFO HostContext] Well known directory 'Bin': 'D:\Cours\Cours Ipssi\Note\Devops\J3\actions-runner\bin'
[2026-08-06 07:41:25Z INFO HostContext] Well known directory 'Root': 'D:\Cours\Cours Ipssi\Note\Devops\J3\actions-runner'
[2026-08-06 07:41:25Z INFO HostContext] Well known directory 'Diag': 'D:\Cours\Cours Ipssi\Note\Devops\J3\actions-runner\_diag'
[2026-08-06 07:41:25Z INFO HostContext] Well known directory 'Bin': 'D:\Cours\Cours Ipssi\Note\Devops\J3\actions-runner\bin'
[2026-08-06 07:41:25Z INFO HostContext] Well known directory 'Root': 'D:\Cours\Cours Ipssi\Note\Devops\J3\actions-runner'
[2026-08-06 07:41:25Z INFO HostContext] Well known directory 'Diag': 'D:\Cours\Cours Ipssi\Note\Devops\J3\actions-runner\_diag'
[2026-08-06 07:41:25Z INFO HostContext] Well known directory 'Bin': 'D:\Cours\Cours Ipssi\Note\Devops\J3\actions-runner\bin'
[2026-08-06 07:41:25Z INFO HostContext] Well known directory 'Root': 'D:\Cours\Cours Ipssi\Note\Devops\J3\actions-runner'
[2026-08-06 07:41:25Z INFO HostContext] Well known directory 'Diag': 'D:\Cours\Cours Ipssi\Note\Devops\J3\actions-runner\_diag'
[2026-08-06 07:41:25Z INFO HostContext] Well known directory 'Bin': 'D:\Cours\Cours Ipssi\Note\Devops\J3\actions-runner\bin'
[2026-08-06 07:41:25Z INFO HostContext] Well known directory 'Root': 'D:\Cours\Cours Ipssi\Note\Devops\J3\actions-runner'
[2026-08-06 07:41:25Z INFO HostContext] Well known directory 'Diag': 'D:\Cours\Cours Ipssi\Note\Devops\J3\actions-runner\_diag'
[2026-08-06 07:41:25Z INFO HostContext] Well known directory 'Bin': 'D:\Cours\Cours Ipssi\Note\Devops\J3\actions-runner\bin'
[2026-08-06 07:41:25Z INFO HostContext] Well known directory 'Root': 'D:\Cours\Cours Ipssi\Note\Devops\J3\actions-runner'
[2026-08-06 07:41:25Z INFO HostContext] Well known directory 'Diag': 'D:\Cours\Cours Ipssi\Note\Devops\J3\actions-runner\_diag'
[2026-08-06 07:41:25Z INFO HostContext] Well known directory 'Bin': 'D:\Cours\Cours Ipssi\Note\Devops\J3\actions-runner\bin'
[2026-08-06 07:41:25Z INFO HostContext] Well known directory 'Root': 'D:\Cours\Cours Ipssi\Note\Devops\J3\actions-runner'
[2026-08-06 07:41:25Z INFO HostContext] Well known directory 'Diag': 'D:\Cours\Cours Ipssi\Note\Devops\J3\actions-runner\_diag'
[2026-08-06 07:41:25Z INFO HostContext] Well known directory 'Bin': 'D:\Cours\Cours Ipssi\Note\Devops\J3\actions-runner\bin'
[2026-08-06 07:41:25Z INFO HostContext] Well known directory 'Root': 'D:\Cours\Cours Ipssi\Note\Devops\J3\actions-runner'
[2026-08-06 07:41:25Z INFO HostContext] Well known directory 'Diag': 'D:\Cours\Cours Ipssi\Note\Devops\J3\actions-runner\_diag'
[2026-08-06 07:41:25Z INFO HostContext] Well known directory 'Bin': 'D:\Cours\Cours Ipssi\Note\Devops\J3\actions-runner\bin'
[2026-08-06 07:41:25Z INFO HostContext] Well known directory 'Root': 'D:\Cours\Cours Ipssi\Note\Devops\J3\actions-runner'
[2026-08-06 07:41:25Z INFO HostContext] Well known directory 'Diag': 'D:\Cours\Cours Ipssi\Note\Devops\J3\actions-runner\_diag'
[2026-08-06 07:41:25Z INFO JobExtension] Total accessible running process: 329.
[2026-08-06 07:41:25Z INFO HostContext] Well known directory 'Bin': 'D:\Cours\Cours Ipssi\Note\Devops\J3\actions-runner\bin'
[2026-08-06 07:41:25Z INFO HostContext] Well known directory 'Root': 'D:\Cours\Cours Ipssi\Note\Devops\J3\actions-runner'
[2026-08-06 07:41:25Z INFO HostContext] Well known directory 'Work': 'D:\Cours\Cours Ipssi\Note\Devops\J3\actions-runner\_work'
[2026-08-06 07:41:25Z INFO JobExtension] Start checking server connectivity.
[2026-08-06 07:41:25Z INFO JobExtension] Check server connectivity for https://broker.actions.githubusercontent.com/health.
[2026-08-06 07:41:25Z INFO JobExtension] Check server connectivity for https://token.actions.githubusercontent.com/ready.
[2026-08-06 07:41:25Z INFO JobExtension] Check server connectivity for https://run.actions.githubusercontent.com/health.
[2026-08-06 07:41:25Z INFO JobExtension] Start checking server connectivity and DNS.
[2026-08-06 07:41:25Z INFO JobExtension] Check server connectivity for https://github.com/_dns.
[2026-08-06 07:41:25Z INFO JobExtension] Check server connectivity for https://api.github.com/_dns.
[2026-08-06 07:41:25Z INFO JobExtension] Check server connectivity for https://codeload.github.com/_dns.
[2026-08-06 07:41:25Z INFO JobExtension] Check server connectivity for https://pkg.github.com/_dns.
[2026-08-06 07:41:25Z INFO JobExtension] Check server connectivity for https://copilot-proxy.githubusercontent.com/_dns.
[2026-08-06 07:41:25Z INFO JobExtension] Start checking service connectivity in background.
[2026-08-06 07:41:25Z INFO ExecutionContext] Publish step telemetry for current step {
  "action": "setup_job",
  "type": "runner",
  "stage": "Pre",
  "stepId": "5ad79b79-105d-4bc0-87de-6d43436d2bf0",
  "result": "succeeded",
  "errorMessages": [],
  "executionTimeInSeconds": 4,
  "startTime": "2026-08-06T07:41:22.373884Z",
  "finishTime": "2026-08-06T07:41:25.4822825Z"
}.
[2026-08-06 07:41:25Z INFO JobRunner] Total job steps: 7.
[2026-08-06 07:41:25Z INFO JobRunner] Run all job steps.
[2026-08-06 07:41:25Z INFO DapDebugger] DapDebugger initialized
[2026-08-06 07:41:25Z INFO StepsRunner] Processing step: DisplayName='Run actions/checkout@v4'
[2026-08-06 07:41:25Z INFO StepsRunner] Evaluating: success()
[2026-08-06 07:41:25Z INFO StepsRunner] Result: true
[2026-08-06 07:41:25Z INFO StepsRunner] Starting the step.
[2026-08-06 07:41:25Z INFO HostContext] Well known directory 'Bin': 'D:\Cours\Cours Ipssi\Note\Devops\J3\actions-runner\bin'
[2026-08-06 07:41:25Z INFO HostContext] Well known directory 'Root': 'D:\Cours\Cours Ipssi\Note\Devops\J3\actions-runner'
[2026-08-06 07:41:25Z INFO HostContext] Well known directory 'Work': 'D:\Cours\Cours Ipssi\Note\Devops\J3\actions-runner\_work'
[2026-08-06 07:41:25Z INFO StepsRunner] Which2: 'chcp'
[2026-08-06 07:41:25Z INFO StepsRunner] Location: 'C:\Windows\system32\chcp.COM'
[2026-08-06 07:41:25Z INFO ProcessInvokerWrapper] Starting process:
[2026-08-06 07:41:25Z INFO ProcessInvokerWrapper]   File name: 'C:\Windows\system32\chcp.COM'
[2026-08-06 07:41:25Z INFO ProcessInvokerWrapper]   Arguments: '65001'
[2026-08-06 07:41:25Z INFO ProcessInvokerWrapper]   Working directory: 'D:\Cours\Cours Ipssi\Note\Devops\J3\actions-runner\_work'
[2026-08-06 07:41:25Z INFO ProcessInvokerWrapper]   Require exit code zero: 'False'
[2026-08-06 07:41:25Z INFO ProcessInvokerWrapper]   Encoding web name:  ; code page: ''
[2026-08-06 07:41:25Z INFO ProcessInvokerWrapper]   Force kill process on cancellation: 'False'
[2026-08-06 07:41:25Z INFO ProcessInvokerWrapper]   Redirected STDIN: 'False'
[2026-08-06 07:41:25Z INFO ProcessInvokerWrapper]   Persist current code page: 'True'
[2026-08-06 07:41:25Z INFO ProcessInvokerWrapper]   Keep redirected STDIN open: 'False'
[2026-08-06 07:41:25Z INFO ProcessInvokerWrapper]   High priority process: 'False'
[2026-08-06 07:41:25Z INFO ProcessInvokerWrapper] Process started with process id 19704, waiting for process exit.
[2026-08-06 07:41:25Z INFO JobServerQueue] Try to append 1 batches web console lines for record '5ad79b79-105d-4bc0-87de-6d43436d2bf0', success rate: 1/1.
[2026-08-06 07:41:25Z INFO ProcessInvokerWrapper] STDOUT/STDERR stream read finished.
[2026-08-06 07:41:25Z INFO ProcessInvokerWrapper] STDOUT/STDERR stream read finished.
[2026-08-06 07:41:25Z INFO ProcessInvokerWrapper] Finished process 19704 with exit code 0, and elapsed time 00:00:00.0390824.
[2026-08-06 07:41:25Z INFO StepsRunner] Successfully returned to code page 65001 (UTF8)
[2026-08-06 07:41:25Z INFO HostContext] Well known directory 'Bin': 'D:\Cours\Cours Ipssi\Note\Devops\J3\actions-runner\bin'
[2026-08-06 07:41:25Z INFO HostContext] Well known directory 'Root': 'D:\Cours\Cours Ipssi\Note\Devops\J3\actions-runner'
[2026-08-06 07:41:25Z INFO HostContext] Well known directory 'Work': 'D:\Cours\Cours Ipssi\Note\Devops\J3\actions-runner\_work'
[2026-08-06 07:41:25Z INFO HostContext] Well known directory 'Actions': 'D:\Cours\Cours Ipssi\Note\Devops\J3\actions-runner\_work\_actions'
[2026-08-06 07:41:25Z INFO ActionManager] Load action that reference repository from 'D:\Cours\Cours Ipssi\Note\Devops\J3\actions-runner\_work\_actions\actions\checkout\v4'
[2026-08-06 07:41:25Z INFO HostContext] Well known directory 'Bin': 'D:\Cours\Cours Ipssi\Note\Devops\J3\actions-runner\bin'
[2026-08-06 07:41:25Z INFO HostContext] Well known directory 'Root': 'D:\Cours\Cours Ipssi\Note\Devops\J3\actions-runner'
[2026-08-06 07:41:25Z INFO HostContext] Well known directory 'Work': 'D:\Cours\Cours Ipssi\Note\Devops\J3\actions-runner\_work'
[2026-08-06 07:41:25Z INFO HostContext] Well known directory 'Actions': 'D:\Cours\Cours Ipssi\Note\Devops\J3\actions-runner\_work\_actions'
[2026-08-06 07:41:25Z INFO ActionManifestManagerLegacy] Loaded action.yml file: {
  "name": "Checkout",
  "description": "Checkout a Git repository at a particular version",
  "inputs": {
    "type": 2,
    "map": [
      {
        "key": {
          "type": 0,
          "file": 2,
          "line": 4,
          "col": 3,
          "lit": "repository"
        },
        "value": {
          "type": 3,
          "file": 2,
          "line": 6,
          "col": 14,
          "expr": "github.repository"
        }
      },
      {
        "key": {
          "type": 0,
          "file": 2,
          "line": 7,
          "col": 3,
          "lit": "ref"
        },
        "value": ""
      },
      {
        "key": {
          "type": 0,
          "file": 2,
          "line": 12,
          "col": 3,
          "lit": "token"
        },
        "value": {
          "type": 3,
          "file": 2,
          "line": 24,
          "col": 14,
          "expr": "github.token"
        }
      },
      {
        "key": {
          "type": 0,
          "file": 2,
          "line": 25,
          "col": 3,
          "lit": "ssh-key"
        },
        "value": ""
      },
      {
        "key": {
          "type": 0,
          "file": 2,
          "line": 37,
          "col": 3,
          "lit": "ssh-known-hosts"
        },
        "value": ""
      },
      {
        "key": {
          "type": 0,
          "file": 2,
          "line": 42,
          "col": 3,
          "lit": "ssh-strict"
        },
        "value": {
          "type": 0,
          "file": 2,
          "line": 47,
          "col": 14,
          "lit": "true"
        }
      },
      {
        "key": {
          "type": 0,
          "file": 2,
          "line": 48,
          "col": 3,
          "lit": "ssh-user"
        },
        "value": {
          "type": 0,
          "file": 2,
          "line": 51,
          "col": 14,
          "lit": "git"
        }
      },
      {
        "key": {
          "type": 0,
          "file": 2,
          "line": 52,
          "col": 3,
          "lit": "persist-credentials"
        },
        "value": {
          "type": 0,
          "file": 2,
          "line": 54,
          "col": 14,
          "lit": "true"
        }
      },
      {
        "key": {
          "type": 0,
          "file": 2,
          "line": 55,
          "col": 3,
          "lit": "path"
        },
        "value": ""
      },
      {
        "key": {
          "type": 0,
          "file": 2,
          "line": 57,
          "col": 3,
          "lit": "clean"
        },
        "value": {
          "type": 0,
          "file": 2,
          "line": 59,
          "col": 14,
          "lit": "true"
        }
      },
      {
        "key": {
          "type": 0,
          "file": 2,
          "line": 60,
          "col": 3,
          "lit": "filter"
        },
        "value": {
          "type": 0,
          "file": 2,
          "line": 64,
          "col": 14,
          "lit": ""
        }
      },
      {
        "key": {
          "type": 0,
          "file": 2,
          "line": 65,
          "col": 3,
          "lit": "sparse-checkout"
        },
        "value": {
          "type": 0,
          "file": 2,
          "line": 69,
          "col": 14,
          "lit": ""
        }
      },
      {
        "key": {
          "type": 0,
          "file": 2,
          "line": 70,
          "col": 3,
          "lit": "sparse-checkout-cone-mode"
        },
        "value": {
          "type": 0,
          "file": 2,
          "line": 73,
          "col": 14,
          "lit": "true"
        }
      },
      {
        "key": {
          "type": 0,
          "file": 2,
          "line": 74,
          "col": 3,
          "lit": "fetch-depth"
        },
        "value": {
          "type": 0,
          "file": 2,
          "line": 76,
          "col": 14,
          "lit": "1"
        }
      },
      {
        "key": {
          "type": 0,
          "file": 2,
          "line": 77,
          "col": 3,
          "lit": "fetch-tags"
        },
        "value": {
          "type": 0,
          "file": 2,
          "line": 79,
          "col": 14,
          "lit": "false"
        }
      },
      {
        "key": {
          "type": 0,
          "file": 2,
          "line": 80,
          "col": 3,
          "lit": "show-progress"
        },
        "value": {
          "type": 0,
          "file": 2,
          "line": 82,
          "col": 14,
          "lit": "true"
        }
      },
      {
        "key": {
          "type": 0,
          "file": 2,
          "line": 83,
          "col": 3,
          "lit": "lfs"
        },
        "value": {
          "type": 0,
          "file": 2,
          "line": 85,
          "col": 14,
          "lit": "false"
        }
      },
      {
        "key": {
          "type": 0,
          "file": 2,
          "line": 86,
          "col": 3,
          "lit": "submodules"
        },
        "value": {
          "type": 0,
          "file": 2,
          "line": 94,
          "col": 14,
          "lit": "false"
        }
      },
      {
        "key": {
          "type": 0,
          "file": 2,
          "line": 95,
          "col": 3,
          "lit": "set-safe-directory"
        },
        "value": {
          "type": 0,
          "file": 2,
          "line": 97,
          "col": 14,
          "lit": "true"
        }
      },
      {
        "key": {
          "type": 0,
          "file": 2,
          "line": 98,
          "col": 3,
          "lit": "github-server-url"
        },
        "value": ""
      },
      {
        "key": {
          "type": 0,
          "file": 2,
          "line": 101,
          "col": 3,
          "lit": "allow-unsafe-pr-checkout"
        },
        "value": {
          "type": 0,
          "file": 2,
          "line": 109,
          "col": 14,
          "lit": "false"
        }
      }
    ]
  },
  "execution": {
    "executionType": "nodeJS",
    "hasPre": false,
    "hasPost": true,
    "script": "dist/index.js",
    "pre": null,
    "post": "dist/index.js",
    "nodeVersion": "node20",
    "cleanupCondition": "always()",
    "initCondition": "always()"
  },
  "deprecated": null
}
[2026-08-06 07:41:25Z INFO ActionManager] Action pre node.js file: N/A.
[2026-08-06 07:41:25Z INFO ActionManager] Action node.js file: dist/index.js.
[2026-08-06 07:41:25Z INFO ActionManager] Action post node.js file: dist/index.js.
[2026-08-06 07:41:25Z INFO ExecutionContext] Reserve record order 9 to 16 for post job actions.
[2026-08-06 07:41:25Z INFO HostContext] Well known directory 'Bin': 'D:\Cours\Cours Ipssi\Note\Devops\J3\actions-runner\bin'
[2026-08-06 07:41:25Z INFO HostContext] Well known directory 'Root': 'D:\Cours\Cours Ipssi\Note\Devops\J3\actions-runner'
[2026-08-06 07:41:25Z INFO HostContext] Well known directory 'Diag': 'D:\Cours\Cours Ipssi\Note\Devops\J3\actions-runner\_diag'
[2026-08-06 07:41:25Z INFO HostContext] Well known directory 'Bin': 'D:\Cours\Cours Ipssi\Note\Devops\J3\actions-runner\bin'
[2026-08-06 07:41:25Z INFO HostContext] Well known directory 'Root': 'D:\Cours\Cours Ipssi\Note\Devops\J3\actions-runner'
[2026-08-06 07:41:25Z INFO HostContext] Well known directory 'Diag': 'D:\Cours\Cours Ipssi\Note\Devops\J3\actions-runner\_diag'
[2026-08-06 07:41:25Z INFO HostContext] Well known directory 'Bin': 'D:\Cours\Cours Ipssi\Note\Devops\J3\actions-runner\bin'
[2026-08-06 07:41:25Z INFO HostContext] Well known directory 'Root': 'D:\Cours\Cours Ipssi\Note\Devops\J3\actions-runner'
[2026-08-06 07:41:25Z INFO HostContext] Well known directory 'Work': 'D:\Cours\Cours Ipssi\Note\Devops\J3\actions-runner\_work'
[2026-08-06 07:41:25Z INFO HostContext] Well known directory 'Temp': 'D:\Cours\Cours Ipssi\Note\Devops\J3\actions-runner\_work\_temp'
[2026-08-06 07:41:25Z INFO ExecutionContext] Write event payload to D:\Cours\Cours Ipssi\Note\Devops\J3\actions-runner\_work\_temp\_github_workflow\event.json
[2026-08-06 07:41:25Z INFO HostContext] Well known directory 'Bin': 'D:\Cours\Cours Ipssi\Note\Devops\J3\actions-runner\bin'
[2026-08-06 07:41:25Z INFO HostContext] Well known directory 'Root': 'D:\Cours\Cours Ipssi\Note\Devops\J3\actions-runner'
[2026-08-06 07:41:25Z INFO HostContext] Well known directory 'Work': 'D:\Cours\Cours Ipssi\Note\Devops\J3\actions-runner\_work'
[2026-08-06 07:41:25Z INFO HostContext] Well known directory 'Temp': 'D:\Cours\Cours Ipssi\Note\Devops\J3\actions-runner\_work\_temp'
[2026-08-06 07:41:25Z INFO ExtensionManager] Getting extensions for interface: 'GitHub.Runner.Worker.IFileCommandExtension'
[2026-08-06 07:41:25Z INFO ExtensionManager] Creating instance: GitHub.Runner.Worker.AddPathFileCommand, Runner.Worker
[2026-08-06 07:41:25Z INFO ExtensionManager] Creating instance: GitHub.Runner.Worker.SetEnvFileCommand, Runner.Worker
[2026-08-06 07:41:25Z INFO ExtensionManager] Creating instance: GitHub.Runner.Worker.CreateStepSummaryCommand, Runner.Worker
[2026-08-06 07:41:25Z INFO ExtensionManager] Creating instance: GitHub.Runner.Worker.SaveStateFileCommand, Runner.Worker
[2026-08-06 07:41:25Z INFO ExtensionManager] Creating instance: GitHub.Runner.Worker.SetOutputFileCommand, Runner.Worker
[2026-08-06 07:41:25Z INFO ExtensionManager] Creating instance: GitHub.Runner.Worker.CreateArtifactsFileCommand, Runner.Worker
[2026-08-06 07:41:25Z INFO ExtensionManager] Creating instance: GitHub.Runner.Worker.ArtifactsListFileCommand, Runner.Worker
[2026-08-06 07:41:25Z INFO ActionManifestManagerLegacy] Input 'repository': default value evaluate result: {
  "type": 0,
  "file": 2,
  "line": 6,
  "col": 14,
  "lit": "***/J3_cours_devops"
}
[2026-08-06 07:41:25Z INFO ActionManifestManagerLegacy] Input 'ref': default value evaluate result: ""
[2026-08-06 07:41:25Z INFO ActionManifestManagerLegacy] Input 'token': default value evaluate result: {
  "type": 0,
  "file": 2,
  "line": 24,
  "col": 14,
  "lit": "***"
}
[2026-08-06 07:41:25Z INFO ActionManifestManagerLegacy] Input 'ssh-key': default value evaluate result: ""
[2026-08-06 07:41:25Z INFO ActionManifestManagerLegacy] Input 'ssh-known-hosts': default value evaluate result: ""
[2026-08-06 07:41:25Z INFO ActionManifestManagerLegacy] Input 'ssh-strict': default value evaluate result: {
  "type": 0,
  "file": 2,
  "line": 47,
  "col": 14,
  "lit": "true"
}
[2026-08-06 07:41:25Z INFO ActionManifestManagerLegacy] Input 'ssh-user': default value evaluate result: {
  "type": 0,
  "file": 2,
  "line": 51,
  "col": 14,
  "lit": "git"
}
[2026-08-06 07:41:25Z INFO ActionManifestManagerLegacy] Input 'persist-credentials': default value evaluate result: {
  "type": 0,
  "file": 2,
  "line": 54,
  "col": 14,
  "lit": "true"
}
[2026-08-06 07:41:25Z INFO ActionManifestManagerLegacy] Input 'path': default value evaluate result: ""
[2026-08-06 07:41:25Z INFO ActionManifestManagerLegacy] Input 'clean': default value evaluate result: {
  "type": 0,
  "file": 2,
  "line": 59,
  "col": 14,
  "lit": "true"
}
[2026-08-06 07:41:25Z INFO ActionManifestManagerLegacy] Input 'filter': default value evaluate result: {
  "type": 0,
  "file": 2,
  "line": 64,
  "col": 14,
  "lit": ""
}
[2026-08-06 07:41:25Z INFO ActionManifestManagerLegacy] Input 'sparse-checkout': default value evaluate result: {
  "type": 0,
  "file": 2,
  "line": 69,
  "col": 14,
  "lit": ""
}
[2026-08-06 07:41:25Z INFO ActionManifestManagerLegacy] Input 'sparse-checkout-cone-mode': default value evaluate result: {
  "type": 0,
  "file": 2,
  "line": 73,
  "col": 14,
  "lit": "true"
}
[2026-08-06 07:41:25Z INFO ActionManifestManagerLegacy] Input 'fetch-depth': default value evaluate result: {
  "type": 0,
  "file": 2,
  "line": 76,
  "col": 14,
  "lit": "1"
}
[2026-08-06 07:41:25Z INFO ActionManifestManagerLegacy] Input 'fetch-tags': default value evaluate result: {
  "type": 0,
  "file": 2,
  "line": 79,
  "col": 14,
  "lit": "false"
}
[2026-08-06 07:41:25Z INFO ActionManifestManagerLegacy] Input 'show-progress': default value evaluate result: {
  "type": 0,
  "file": 2,
  "line": 82,
  "col": 14,
  "lit": "true"
}
[2026-08-06 07:41:25Z INFO ActionManifestManagerLegacy] Input 'lfs': default value evaluate result: {
  "type": 0,
  "file": 2,
  "line": 85,
  "col": 14,
  "lit": "false"
}
[2026-08-06 07:41:25Z INFO ActionManifestManagerLegacy] Input 'submodules': default value evaluate result: {
  "type": 0,
  "file": 2,
  "line": 94,
  "col": 14,
  "lit": "false"
}
[2026-08-06 07:41:25Z INFO ActionManifestManagerLegacy] Input 'set-safe-directory': default value evaluate result: {
  "type": 0,
  "file": 2,
  "line": 97,
  "col": 14,
  "lit": "true"
}
[2026-08-06 07:41:25Z INFO ActionManifestManagerLegacy] Input 'github-server-url': default value evaluate result: ""
[2026-08-06 07:41:25Z INFO ActionManifestManagerLegacy] Input 'allow-unsafe-pr-checkout': default value evaluate result: {
  "type": 0,
  "file": 2,
  "line": 109,
  "col": 14,
  "lit": "false"
}
[2026-08-06 07:41:25Z INFO ExtensionManager] Getting extensions for interface: 'GitHub.Runner.Worker.IActionCommandExtension'
[2026-08-06 07:41:25Z INFO ExtensionManager] Creating instance: GitHub.Runner.Worker.InternalPluginSetRepoPathCommandExtension, Runner.Worker
[2026-08-06 07:41:25Z INFO ExtensionManager] Creating instance: GitHub.Runner.Worker.SetEnvCommandExtension, Runner.Worker
[2026-08-06 07:41:25Z INFO ExtensionManager] Creating instance: GitHub.Runner.Worker.SetOutputCommandExtension, Runner.Worker
[2026-08-06 07:41:25Z INFO ExtensionManager] Creating instance: GitHub.Runner.Worker.SaveStateCommandExtension, Runner.Worker
[2026-08-06 07:41:25Z INFO ExtensionManager] Creating instance: GitHub.Runner.Worker.AddPathCommandExtension, Runner.Worker
[2026-08-06 07:41:25Z INFO ExtensionManager] Creating instance: GitHub.Runner.Worker.AddMaskCommandExtension, Runner.Worker
[2026-08-06 07:41:25Z INFO ExtensionManager] Creating instance: GitHub.Runner.Worker.AddMatcherCommandExtension, Runner.Worker
[2026-08-06 07:41:25Z INFO ExtensionManager] Creating instance: GitHub.Runner.Worker.RemoveMatcherCommandExtension, Runner.Worker
[2026-08-06 07:41:25Z INFO ExtensionManager] Creating instance: GitHub.Runner.Worker.WarningCommandExtension, Runner.Worker
[2026-08-06 07:41:25Z INFO ExtensionManager] Creating instance: GitHub.Runner.Worker.ErrorCommandExtension, Runner.Worker
[2026-08-06 07:41:25Z INFO ExtensionManager] Creating instance: GitHub.Runner.Worker.NoticeCommandExtension, Runner.Worker
[2026-08-06 07:41:25Z INFO ExtensionManager] Creating instance: GitHub.Runner.Worker.DebugCommandExtension, Runner.Worker
[2026-08-06 07:41:25Z INFO ExtensionManager] Creating instance: GitHub.Runner.Worker.GroupCommandExtension, Runner.Worker
[2026-08-06 07:41:25Z INFO ExtensionManager] Creating instance: GitHub.Runner.Worker.EndGroupCommandExtension, Runner.Worker
[2026-08-06 07:41:25Z INFO ExtensionManager] Creating instance: GitHub.Runner.Worker.EchoCommandExtension, Runner.Worker
[2026-08-06 07:41:25Z INFO ActionCommandManager] Register action command extension for command internal-set-repo-path
[2026-08-06 07:41:25Z INFO ActionCommandManager] Register action command extension for command set-env
[2026-08-06 07:41:25Z INFO ActionCommandManager] Register action command extension for command set-output
[2026-08-06 07:41:25Z INFO ActionCommandManager] Register action command extension for command save-state
[2026-08-06 07:41:25Z INFO ActionCommandManager] Register action command extension for command add-path
[2026-08-06 07:41:25Z INFO ActionCommandManager] Register action command extension for command add-mask
[2026-08-06 07:41:25Z INFO ActionCommandManager] Register action command extension for command add-matcher
[2026-08-06 07:41:25Z INFO ActionCommandManager] Register action command extension for command remove-matcher
[2026-08-06 07:41:25Z INFO ActionCommandManager] Register action command extension for command warning
[2026-08-06 07:41:25Z INFO ActionCommandManager] Register action command extension for command error
[2026-08-06 07:41:25Z INFO ActionCommandManager] Register action command extension for command notice
[2026-08-06 07:41:25Z INFO ActionCommandManager] Register action command extension for command debug
[2026-08-06 07:41:25Z INFO ActionCommandManager] Register action command extension for command group
[2026-08-06 07:41:25Z INFO ActionCommandManager] Register action command extension for command endgroup
[2026-08-06 07:41:25Z INFO ActionCommandManager] Register action command extension for command echo
[2026-08-06 07:41:25Z INFO HostContext] Well known directory 'Bin': 'D:\Cours\Cours Ipssi\Note\Devops\J3\actions-runner\bin'
[2026-08-06 07:41:25Z INFO HostContext] Well known directory 'Root': 'D:\Cours\Cours Ipssi\Note\Devops\J3\actions-runner'
[2026-08-06 07:41:25Z INFO HostContext] Well known directory 'Externals': 'D:\Cours\Cours Ipssi\Note\Devops\J3\actions-runner\externals'
[2026-08-06 07:41:25Z INFO ProcessInvokerWrapper] Starting process:
[2026-08-06 07:41:25Z INFO ProcessInvokerWrapper]   File name: 'D:\Cours\Cours Ipssi\Note\Devops\J3\actions-runner\externals\node24\bin\node.exe'
[2026-08-06 07:41:25Z INFO ProcessInvokerWrapper]   Arguments: '"D:\Cours\Cours Ipssi\Note\Devops\J3\actions-runner\_work\_actions\actions\checkout\v4\dist/index.js"'
[2026-08-06 07:41:25Z INFO ProcessInvokerWrapper]   Working directory: 'D:\Cours\Cours Ipssi\Note\Devops\J3\actions-runner\_work\J3_cours_devops\J3_cours_devops'
[2026-08-06 07:41:25Z INFO ProcessInvokerWrapper]   Require exit code zero: 'False'
[2026-08-06 07:41:25Z INFO ProcessInvokerWrapper]   Encoding web name: utf-8 ; code page: '65001'
[2026-08-06 07:41:25Z INFO ProcessInvokerWrapper]   Force kill process on cancellation: 'False'
[2026-08-06 07:41:25Z INFO ProcessInvokerWrapper]   Redirected STDIN: 'False'
[2026-08-06 07:41:25Z INFO ProcessInvokerWrapper]   Persist current code page: 'True'
[2026-08-06 07:41:25Z INFO ProcessInvokerWrapper]   Keep redirected STDIN open: 'False'
[2026-08-06 07:41:25Z INFO ProcessInvokerWrapper]   High priority process: 'False'
[2026-08-06 07:41:25Z INFO ProcessInvokerWrapper] Process started with process id 23816, waiting for process exit.
[2026-08-06 07:41:25Z INFO JobServerQueue] Try to append 1 batches web console lines for record '751ba775-5c32-4e97-bea7-201c412c665f', success rate: 1/1.
[2026-08-06 07:41:26Z INFO AddMaskCommandExtension] Add new secret mask with length of 524
[2026-08-06 07:41:26Z INFO JobServerQueue] Try to append 1 batches web console lines for record '751ba775-5c32-4e97-bea7-201c412c665f', success rate: 1/1.
[2026-08-06 07:41:26Z INFO JobServerQueue] Got a step log file to send to results service.
[2026-08-06 07:41:26Z INFO JobServerQueue] Try to append 1 batches web console lines for record '751ba775-5c32-4e97-bea7-201c412c665f', success rate: 1/1.
[2026-08-06 07:41:26Z INFO JobServerQueue] Starting upload of step log file to results service ResultsLog, D:\Cours\Cours Ipssi\Note\Devops\J3\actions-runner\_diag\blocks\abc8c8c6-61b1-4686-a8a5-219ccfd5dea6_5ad79b79-105d-4bc0-87de-6d43436d2bf0.1
[2026-08-06 07:41:26Z INFO JobServerQueue] Try to upload 1 log files or attachments, success rate: 1/1.
[2026-08-06 07:41:26Z INFO JobServerQueue] Try to append 1 batches web console lines for record '751ba775-5c32-4e97-bea7-201c412c665f', success rate: 1/1.
[2026-08-06 07:41:26Z INFO JobServerQueue] Try to append 1 batches web console lines for record '751ba775-5c32-4e97-bea7-201c412c665f', success rate: 1/1.
[2026-08-06 07:41:27Z INFO JobServerQueue] Tried to upload 1 file(s) to results, success rate: 1/1.
[2026-08-06 07:41:28Z INFO JobServerQueue] Try to append 1 batches web console lines for record '751ba775-5c32-4e97-bea7-201c412c665f', success rate: 1/1.
[2026-08-06 07:41:28Z INFO JobServerQueue] Try to append 1 batches web console lines for record '751ba775-5c32-4e97-bea7-201c412c665f', success rate: 1/1.
[2026-08-06 07:41:29Z INFO JobServerQueue] Try to append 1 batches web console lines for record '751ba775-5c32-4e97-bea7-201c412c665f', success rate: 1/1.
[2026-08-06 07:41:29Z INFO JobServerQueue] Try to append 1 batches web console lines for record '751ba775-5c32-4e97-bea7-201c412c665f', success rate: 1/1.
[2026-08-06 07:41:30Z INFO JobServerQueue] Try to append 1 batches web console lines for record '751ba775-5c32-4e97-bea7-201c412c665f', success rate: 1/1.
[2026-08-06 07:41:30Z INFO JobServerQueue] Try to append 1 batches web console lines for record '751ba775-5c32-4e97-bea7-201c412c665f', success rate: 1/1.
[2026-08-06 07:41:32Z INFO JobServerQueue] Try to append 1 batches web console lines for record '751ba775-5c32-4e97-bea7-201c412c665f', success rate: 1/1.
[2026-08-06 07:41:33Z INFO JobServerQueue] Try to append 1 batches web console lines for record '751ba775-5c32-4e97-bea7-201c412c665f', success rate: 1/1.
[2026-08-06 07:41:35Z INFO HostContext] Well known directory 'Bin': 'D:\Cours\Cours Ipssi\Note\Devops\J3\actions-runner\bin'
[2026-08-06 07:41:35Z INFO HostContext] Well known directory 'Root': 'D:\Cours\Cours Ipssi\Note\Devops\J3\actions-runner'
[2026-08-06 07:41:35Z INFO HostContext] Well known directory 'Work': 'D:\Cours\Cours Ipssi\Note\Devops\J3\actions-runner\_work'
[2026-08-06 07:41:35Z INFO JobServerQueue] Try to append 1 batches web console lines for record '751ba775-5c32-4e97-bea7-201c412c665f', success rate: 1/1.
[2026-08-06 07:41:35Z INFO JobServerQueue] Try to append 1 batches web console lines for record '751ba775-5c32-4e97-bea7-201c412c665f', success rate: 1/1.
[2026-08-06 07:41:45Z INFO HostContext] Well known directory 'Bin': 'D:\Cours\Cours Ipssi\Note\Devops\J3\actions-runner\bin'
[2026-08-06 07:41:45Z INFO HostContext] Well known directory 'Root': 'D:\Cours\Cours Ipssi\Note\Devops\J3\actions-runner'
[2026-08-06 07:41:45Z INFO HostContext] Well known directory 'Work': 'D:\Cours\Cours Ipssi\Note\Devops\J3\actions-runner\_work'
[2026-08-06 07:41:48Z INFO JobServerQueue] Try to append 1 batches web console lines for record '751ba775-5c32-4e97-bea7-201c412c665f', success rate: 1/1.
[2026-08-06 07:41:48Z INFO JobServerQueue] Try to append 1 batches web console lines for record '751ba775-5c32-4e97-bea7-201c412c665f', success rate: 1/1.
[2026-08-06 07:41:49Z INFO JobServerQueue] Try to append 1 batches web console lines for record '751ba775-5c32-4e97-bea7-201c412c665f', success rate: 1/1.
[2026-08-06 07:41:50Z INFO JobServerQueue] Try to append 1 batches web console lines for record '751ba775-5c32-4e97-bea7-201c412c665f', success rate: 1/1.
[2026-08-06 07:41:50Z INFO JobServerQueue] Try to append 1 batches web console lines for record '751ba775-5c32-4e97-bea7-201c412c665f', success rate: 1/1.
[2026-08-06 07:41:50Z INFO JobServerQueue] Try to append 1 batches web console lines for record '751ba775-5c32-4e97-bea7-201c412c665f', success rate: 1/1.
[2026-08-06 07:41:50Z INFO JobServerQueue] Try to append 1 batches web console lines for record '751ba775-5c32-4e97-bea7-201c412c665f', success rate: 1/1.
[2026-08-06 07:41:51Z INFO JobServerQueue] Try to append 1 batches web console lines for record '751ba775-5c32-4e97-bea7-201c412c665f', success rate: 1/1.
[2026-08-06 07:41:52Z INFO JobServerQueue] Try to append 1 batches web console lines for record '751ba775-5c32-4e97-bea7-201c412c665f', success rate: 1/1.
[2026-08-06 07:41:52Z INFO JobServerQueue] Try to append 1 batches web console lines for record '751ba775-5c32-4e97-bea7-201c412c665f', success rate: 1/1.
[2026-08-06 07:41:52Z INFO ProcessInvokerWrapper] STDOUT/STDERR stream read finished.
[2026-08-06 07:41:52Z INFO ProcessInvokerWrapper] STDOUT/STDERR stream read finished.
[2026-08-06 07:41:52Z INFO ProcessInvokerWrapper] Finished process 23816 with exit code 0, and elapsed time 00:00:26.9075266.
[2026-08-06 07:41:52Z INFO CreateStepSummaryCommand] Step Summary file (D:\Cours\Cours Ipssi\Note\Devops\J3\actions-runner\_work\_temp\_runner_file_commands\step_summary_433130d5-c7e2-4f24-9e11-c64daec663d3) is empty; skipping attachment upload
[2026-08-06 07:41:52Z INFO StepsRunner] Step result: 
[2026-08-06 07:41:52Z INFO ExecutionContext] Publish step telemetry for current step {
  "action": "actions/checkout",
  "ref": "v4",
  "type": "node24",
  "stage": "Main",
  "stepId": "751ba775-5c32-4e97-bea7-201c412c665f",
  "stepContextName": "__actions_checkout",
  "hasPreStep": false,
  "hasPostStep": true,
  "result": "succeeded",
  "errorMessages": [
    "no submodule mapping found in .gitmodules for path 'actions-runner/_work/J3_cours_devops/J3_cours_devops'",
    "Unable to clean or reset the repository. The repository will be recreated instead."
  ],
  "executionTimeInSeconds": 28,
  "startTime": "2026-08-06T07:41:25.5050726Z",
  "finishTime": "2026-08-06T07:41:52.556852Z"
}.
[2026-08-06 07:41:52Z INFO StepsRunner] No need for updating job result with current step result 'Succeeded'.
[2026-08-06 07:41:52Z INFO StepsRunner] Current state: job state = ''
[2026-08-06 07:41:52Z INFO StepsRunner] Processing step: DisplayName='Run docker/login-action@v3'
[2026-08-06 07:41:52Z INFO StepsRunner] Evaluating: success()
[2026-08-06 07:41:52Z INFO StepsRunner] Result: true
[2026-08-06 07:41:52Z INFO StepsRunner] Starting the step.
[2026-08-06 07:41:52Z INFO HostContext] Well known directory 'Bin': 'D:\Cours\Cours Ipssi\Note\Devops\J3\actions-runner\bin'
[2026-08-06 07:41:52Z INFO HostContext] Well known directory 'Root': 'D:\Cours\Cours Ipssi\Note\Devops\J3\actions-runner'
[2026-08-06 07:41:52Z INFO HostContext] Well known directory 'Work': 'D:\Cours\Cours Ipssi\Note\Devops\J3\actions-runner\_work'
[2026-08-06 07:41:52Z INFO StepsRunner] Which2: 'chcp'
[2026-08-06 07:41:52Z INFO StepsRunner] Location: 'C:\Windows\system32\chcp.COM'
[2026-08-06 07:41:52Z INFO ProcessInvokerWrapper] Starting process:
[2026-08-06 07:41:52Z INFO ProcessInvokerWrapper]   File name: 'C:\Windows\system32\chcp.COM'
[2026-08-06 07:41:52Z INFO ProcessInvokerWrapper]   Arguments: '65001'
[2026-08-06 07:41:52Z INFO ProcessInvokerWrapper]   Working directory: 'D:\Cours\Cours Ipssi\Note\Devops\J3\actions-runner\_work'
[2026-08-06 07:41:52Z INFO ProcessInvokerWrapper]   Require exit code zero: 'False'
[2026-08-06 07:41:52Z INFO ProcessInvokerWrapper]   Encoding web name:  ; code page: ''
[2026-08-06 07:41:52Z INFO ProcessInvokerWrapper]   Force kill process on cancellation: 'False'
[2026-08-06 07:41:52Z INFO ProcessInvokerWrapper]   Redirected STDIN: 'False'
[2026-08-06 07:41:52Z INFO ProcessInvokerWrapper]   Persist current code page: 'True'
[2026-08-06 07:41:52Z INFO ProcessInvokerWrapper]   Keep redirected STDIN open: 'False'
[2026-08-06 07:41:52Z INFO ProcessInvokerWrapper]   High priority process: 'False'
[2026-08-06 07:41:52Z INFO JobServerQueue] Try to upload 1 log files or attachments, success rate: 1/1.
[2026-08-06 07:41:52Z INFO ProcessInvokerWrapper] Process started with process id 5052, waiting for process exit.
[2026-08-06 07:41:52Z INFO ProcessInvokerWrapper] STDOUT/STDERR stream read finished.
[2026-08-06 07:41:52Z INFO ProcessInvokerWrapper] STDOUT/STDERR stream read finished.
[2026-08-06 07:41:52Z INFO ProcessInvokerWrapper] Finished process 5052 with exit code 0, and elapsed time 00:00:00.0295605.
[2026-08-06 07:41:52Z INFO StepsRunner] Successfully returned to code page 65001 (UTF8)
[2026-08-06 07:41:52Z INFO HostContext] Well known directory 'Bin': 'D:\Cours\Cours Ipssi\Note\Devops\J3\actions-runner\bin'
[2026-08-06 07:41:52Z INFO HostContext] Well known directory 'Root': 'D:\Cours\Cours Ipssi\Note\Devops\J3\actions-runner'
[2026-08-06 07:41:52Z INFO HostContext] Well known directory 'Work': 'D:\Cours\Cours Ipssi\Note\Devops\J3\actions-runner\_work'
[2026-08-06 07:41:52Z INFO HostContext] Well known directory 'Actions': 'D:\Cours\Cours Ipssi\Note\Devops\J3\actions-runner\_work\_actions'
[2026-08-06 07:41:52Z INFO ActionManager] Load action that reference repository from 'D:\Cours\Cours Ipssi\Note\Devops\J3\actions-runner\_work\_actions\docker\login-action\v3'
[2026-08-06 07:41:52Z INFO HostContext] Well known directory 'Bin': 'D:\Cours\Cours Ipssi\Note\Devops\J3\actions-runner\bin'
[2026-08-06 07:41:52Z INFO HostContext] Well known directory 'Root': 'D:\Cours\Cours Ipssi\Note\Devops\J3\actions-runner'
[2026-08-06 07:41:52Z INFO HostContext] Well known directory 'Work': 'D:\Cours\Cours Ipssi\Note\Devops\J3\actions-runner\_work'
[2026-08-06 07:41:52Z INFO HostContext] Well known directory 'Actions': 'D:\Cours\Cours Ipssi\Note\Devops\J3\actions-runner\_work\_actions'
[2026-08-06 07:41:52Z INFO ActionManifestManagerLegacy] Ignore action property author.
[2026-08-06 07:41:52Z INFO ActionManifestManagerLegacy] Ignore action property branding.
[2026-08-06 07:41:52Z INFO ActionManifestManagerLegacy] Loaded action.yml file: {
  "name": "Docker Login",
  "description": "GitHub Action to login against a Docker registry",
  "inputs": {
    "type": 2,
    "map": [
      {
        "key": {
          "type": 0,
          "file": 3,
          "line": 10,
          "col": 3,
          "lit": "registry"
        },
        "value": ""
      },
      {
        "key": {
          "type": 0,
          "file": 3,
          "line": 13,
          "col": 3,
          "lit": "username"
        },
        "value": ""
      },
      {
        "key": {
          "type": 0,
          "file": 3,
          "line": 16,
          "col": 3,
          "lit": "password"
        },
        "value": ""
      },
      {
        "key": {
          "type": 0,
          "file": 3,
          "line": 19,
          "col": 3,
          "lit": "ecr"
        },
        "value": ""
      },
      {
        "key": {
          "type": 0,
          "file": 3,
          "line": 22,
          "col": 3,
          "lit": "scope"
        },
        "value": ""
      },
      {
        "key": {
          "type": 0,
          "file": 3,
          "line": 25,
          "col": 3,
          "lit": "logout"
        },
        "value": {
          "type": 0,
          "file": 3,
          "line": 27,
          "col": 14,
          "lit": "true"
        }
      },
      {
        "key": {
          "type": 0,
          "file": 3,
          "line": 29,
          "col": 3,
          "lit": "registry-auth"
        },
        "value": ""
      }
    ]
  },
  "execution": {
    "executionType": "nodeJS",
    "hasPre": false,
    "hasPost": true,
    "script": "dist/index.js",
    "pre": null,
    "post": "dist/index.js",
    "nodeVersion": "node20",
    "cleanupCondition": "always()",
    "initCondition": "always()"
  },
  "deprecated": null
}
[2026-08-06 07:41:52Z INFO ActionManager] Action pre node.js file: N/A.
[2026-08-06 07:41:52Z INFO ActionManager] Action node.js file: dist/index.js.
[2026-08-06 07:41:52Z INFO ActionManager] Action post node.js file: dist/index.js.
[2026-08-06 07:41:52Z INFO HostContext] Well known directory 'Bin': 'D:\Cours\Cours Ipssi\Note\Devops\J3\actions-runner\bin'
[2026-08-06 07:41:52Z INFO HostContext] Well known directory 'Root': 'D:\Cours\Cours Ipssi\Note\Devops\J3\actions-runner'
[2026-08-06 07:41:52Z INFO HostContext] Well known directory 'Diag': 'D:\Cours\Cours Ipssi\Note\Devops\J3\actions-runner\_diag'
[2026-08-06 07:41:52Z INFO HostContext] Well known directory 'Bin': 'D:\Cours\Cours Ipssi\Note\Devops\J3\actions-runner\bin'
[2026-08-06 07:41:52Z INFO HostContext] Well known directory 'Root': 'D:\Cours\Cours Ipssi\Note\Devops\J3\actions-runner'
[2026-08-06 07:41:52Z INFO HostContext] Well known directory 'Diag': 'D:\Cours\Cours Ipssi\Note\Devops\J3\actions-runner\_diag'
[2026-08-06 07:41:52Z INFO HostContext] Well known directory 'Bin': 'D:\Cours\Cours Ipssi\Note\Devops\J3\actions-runner\bin'
[2026-08-06 07:41:52Z INFO HostContext] Well known directory 'Root': 'D:\Cours\Cours Ipssi\Note\Devops\J3\actions-runner'
[2026-08-06 07:41:52Z INFO HostContext] Well known directory 'Work': 'D:\Cours\Cours Ipssi\Note\Devops\J3\actions-runner\_work'
[2026-08-06 07:41:52Z INFO HostContext] Well known directory 'Temp': 'D:\Cours\Cours Ipssi\Note\Devops\J3\actions-runner\_work\_temp'
[2026-08-06 07:41:52Z INFO ExecutionContext] Write event payload to D:\Cours\Cours Ipssi\Note\Devops\J3\actions-runner\_work\_temp\_github_workflow\event.json
[2026-08-06 07:41:52Z INFO HostContext] Well known directory 'Bin': 'D:\Cours\Cours Ipssi\Note\Devops\J3\actions-runner\bin'
[2026-08-06 07:41:52Z INFO HostContext] Well known directory 'Root': 'D:\Cours\Cours Ipssi\Note\Devops\J3\actions-runner'
[2026-08-06 07:41:52Z INFO HostContext] Well known directory 'Work': 'D:\Cours\Cours Ipssi\Note\Devops\J3\actions-runner\_work'
[2026-08-06 07:41:52Z INFO HostContext] Well known directory 'Temp': 'D:\Cours\Cours Ipssi\Note\Devops\J3\actions-runner\_work\_temp'
[2026-08-06 07:41:52Z INFO ExtensionManager] Getting extensions for interface: 'GitHub.Runner.Worker.IFileCommandExtension'
[2026-08-06 07:41:52Z INFO ActionManifestManagerLegacy] Input 'registry': default value evaluate result: ""
[2026-08-06 07:41:52Z INFO ActionManifestManagerLegacy] Input 'ecr': default value evaluate result: ""
[2026-08-06 07:41:52Z INFO ActionManifestManagerLegacy] Input 'scope': default value evaluate result: ""
[2026-08-06 07:41:52Z INFO ActionManifestManagerLegacy] Input 'logout': default value evaluate result: {
  "type": 0,
  "file": 3,
  "line": 27,
  "col": 14,
  "lit": "true"
}
[2026-08-06 07:41:52Z INFO ActionManifestManagerLegacy] Input 'registry-auth': default value evaluate result: ""
[2026-08-06 07:41:52Z INFO ExtensionManager] Getting extensions for interface: 'GitHub.Runner.Worker.IActionCommandExtension'
[2026-08-06 07:41:52Z INFO ActionCommandManager] Register action command extension for command internal-set-repo-path
[2026-08-06 07:41:52Z INFO ActionCommandManager] Register action command extension for command set-env
[2026-08-06 07:41:52Z INFO ActionCommandManager] Register action command extension for command set-output
[2026-08-06 07:41:52Z INFO ActionCommandManager] Register action command extension for command save-state
[2026-08-06 07:41:52Z INFO ActionCommandManager] Register action command extension for command add-path
[2026-08-06 07:41:52Z INFO ActionCommandManager] Register action command extension for command add-mask
[2026-08-06 07:41:52Z INFO ActionCommandManager] Register action command extension for command add-matcher
[2026-08-06 07:41:52Z INFO ActionCommandManager] Register action command extension for command remove-matcher
[2026-08-06 07:41:52Z INFO ActionCommandManager] Register action command extension for command warning
[2026-08-06 07:41:52Z INFO JobServerQueue] Try to append 1 batches web console lines for record '751ba775-5c32-4e97-bea7-201c412c665f', success rate: 1/1.
[2026-08-06 07:41:52Z INFO ActionCommandManager] Register action command extension for command error
[2026-08-06 07:41:52Z INFO ActionCommandManager] Register action command extension for command notice
[2026-08-06 07:41:52Z INFO ActionCommandManager] Register action command extension for command debug
[2026-08-06 07:41:52Z INFO ActionCommandManager] Register action command extension for command group
[2026-08-06 07:41:52Z INFO ActionCommandManager] Register action command extension for command endgroup
[2026-08-06 07:41:52Z INFO ActionCommandManager] Register action command extension for command echo
[2026-08-06 07:41:52Z INFO HostContext] Well known directory 'Bin': 'D:\Cours\Cours Ipssi\Note\Devops\J3\actions-runner\bin'
[2026-08-06 07:41:52Z INFO HostContext] Well known directory 'Root': 'D:\Cours\Cours Ipssi\Note\Devops\J3\actions-runner'
[2026-08-06 07:41:52Z INFO HostContext] Well known directory 'Externals': 'D:\Cours\Cours Ipssi\Note\Devops\J3\actions-runner\externals'
[2026-08-06 07:41:52Z INFO ProcessInvokerWrapper] Starting process:
[2026-08-06 07:41:52Z INFO ProcessInvokerWrapper]   File name: 'D:\Cours\Cours Ipssi\Note\Devops\J3\actions-runner\externals\node24\bin\node.exe'
[2026-08-06 07:41:52Z INFO ProcessInvokerWrapper]   Arguments: '"D:\Cours\Cours Ipssi\Note\Devops\J3\actions-runner\_work\_actions\docker\login-action\v3\dist/index.js"'
[2026-08-06 07:41:52Z INFO ProcessInvokerWrapper]   Working directory: 'D:\Cours\Cours Ipssi\Note\Devops\J3\actions-runner\_work\J3_cours_devops\J3_cours_devops'
[2026-08-06 07:41:52Z INFO ProcessInvokerWrapper]   Require exit code zero: 'False'
[2026-08-06 07:41:52Z INFO ProcessInvokerWrapper]   Encoding web name: utf-8 ; code page: '65001'
[2026-08-06 07:41:52Z INFO ProcessInvokerWrapper]   Force kill process on cancellation: 'False'
[2026-08-06 07:41:52Z INFO ProcessInvokerWrapper]   Redirected STDIN: 'False'
[2026-08-06 07:41:52Z INFO ProcessInvokerWrapper]   Persist current code page: 'True'
[2026-08-06 07:41:52Z INFO ProcessInvokerWrapper]   Keep redirected STDIN open: 'False'
[2026-08-06 07:41:52Z INFO ProcessInvokerWrapper]   High priority process: 'False'
[2026-08-06 07:41:52Z INFO ProcessInvokerWrapper] Process started with process id 18992, waiting for process exit.
[2026-08-06 07:41:52Z INFO JobServerQueue] Try to append 1 batches web console lines for record 'd32ce1f1-c83e-4b4a-a7dd-aa3d9d2b9fa5', success rate: 1/1.
[2026-08-06 07:41:53Z INFO JobServerQueue] Got a step log file to send to results service.
[2026-08-06 07:41:53Z INFO JobServerQueue] Starting upload of step log file to results service ResultsLog, D:\Cours\Cours Ipssi\Note\Devops\J3\actions-runner\_diag\blocks\abc8c8c6-61b1-4686-a8a5-219ccfd5dea6_751ba775-5c32-4e97-bea7-201c412c665f.1
[2026-08-06 07:41:53Z INFO JobServerQueue] Try to append 1 batches web console lines for record 'd32ce1f1-c83e-4b4a-a7dd-aa3d9d2b9fa5', success rate: 1/1.
[2026-08-06 07:41:53Z INFO JobServerQueue] Tried to upload 1 file(s) to results, success rate: 1/1.
[2026-08-06 07:41:54Z INFO ProcessInvokerWrapper] STDOUT/STDERR stream read finished.
[2026-08-06 07:41:54Z INFO ProcessInvokerWrapper] STDOUT/STDERR stream read finished.
[2026-08-06 07:41:54Z INFO ProcessInvokerWrapper] Finished process 18992 with exit code 0, and elapsed time 00:00:01.8789190.
[2026-08-06 07:41:54Z INFO CreateStepSummaryCommand] Step Summary file (D:\Cours\Cours Ipssi\Note\Devops\J3\actions-runner\_work\_temp\_runner_file_commands\step_summary_19e1864b-851e-4585-9a45-0ce029a064b7) is empty; skipping attachment upload
[2026-08-06 07:41:54Z INFO StepsRunner] Step result: 
[2026-08-06 07:41:54Z INFO ExecutionContext] Publish step telemetry for current step {
  "action": "docker/login-action",
  "ref": "v3",
  "type": "node24",
  "stage": "Main",
  "stepId": "d32ce1f1-c83e-4b4a-a7dd-aa3d9d2b9fa5",
  "stepContextName": "__docker_login-action",
  "hasPreStep": false,
  "hasPostStep": true,
  "result": "succeeded",
  "errorMessages": [],
  "executionTimeInSeconds": 2,
  "startTime": "2026-08-06T07:41:52.5741894Z",
  "finishTime": "2026-08-06T07:41:54.5110949Z"
}.
[2026-08-06 07:41:54Z INFO StepsRunner] No need for updating job result with current step result 'Succeeded'.
[2026-08-06 07:41:54Z INFO StepsRunner] Current state: job state = ''
[2026-08-06 07:41:54Z INFO StepsRunner] Processing step: DisplayName='Run npm install'
[2026-08-06 07:41:54Z INFO StepsRunner] Evaluating: success()
[2026-08-06 07:41:54Z INFO StepsRunner] Result: true
[2026-08-06 07:41:54Z INFO StepsRunner] Starting the step.
[2026-08-06 07:41:54Z INFO HostContext] Well known directory 'Bin': 'D:\Cours\Cours Ipssi\Note\Devops\J3\actions-runner\bin'
[2026-08-06 07:41:54Z INFO HostContext] Well known directory 'Root': 'D:\Cours\Cours Ipssi\Note\Devops\J3\actions-runner'
[2026-08-06 07:41:54Z INFO HostContext] Well known directory 'Work': 'D:\Cours\Cours Ipssi\Note\Devops\J3\actions-runner\_work'
[2026-08-06 07:41:54Z INFO StepsRunner] Which2: 'chcp'
[2026-08-06 07:41:54Z INFO StepsRunner] Location: 'C:\Windows\system32\chcp.COM'
[2026-08-06 07:41:54Z INFO ProcessInvokerWrapper] Starting process:
[2026-08-06 07:41:54Z INFO ProcessInvokerWrapper]   File name: 'C:\Windows\system32\chcp.COM'
[2026-08-06 07:41:54Z INFO ProcessInvokerWrapper]   Arguments: '65001'
[2026-08-06 07:41:54Z INFO ProcessInvokerWrapper]   Working directory: 'D:\Cours\Cours Ipssi\Note\Devops\J3\actions-runner\_work'
[2026-08-06 07:41:54Z INFO ProcessInvokerWrapper]   Require exit code zero: 'False'
[2026-08-06 07:41:54Z INFO ProcessInvokerWrapper]   Encoding web name:  ; code page: ''
[2026-08-06 07:41:54Z INFO ProcessInvokerWrapper]   Force kill process on cancellation: 'False'
[2026-08-06 07:41:54Z INFO ProcessInvokerWrapper]   Redirected STDIN: 'False'
[2026-08-06 07:41:54Z INFO ProcessInvokerWrapper]   Persist current code page: 'True'
[2026-08-06 07:41:54Z INFO ProcessInvokerWrapper]   Keep redirected STDIN open: 'False'
[2026-08-06 07:41:54Z INFO ProcessInvokerWrapper]   High priority process: 'False'
[2026-08-06 07:41:54Z INFO ProcessInvokerWrapper] Process started with process id 4204, waiting for process exit.
[2026-08-06 07:41:54Z INFO ProcessInvokerWrapper] STDOUT/STDERR stream read finished.
[2026-08-06 07:41:54Z INFO ProcessInvokerWrapper] STDOUT/STDERR stream read finished.
[2026-08-06 07:41:54Z INFO ProcessInvokerWrapper] Finished process 4204 with exit code 0, and elapsed time 00:00:00.0285478.
[2026-08-06 07:41:54Z INFO StepsRunner] Successfully returned to code page 65001 (UTF8)
[2026-08-06 07:41:54Z INFO HostContext] Well known directory 'Bin': 'D:\Cours\Cours Ipssi\Note\Devops\J3\actions-runner\bin'
[2026-08-06 07:41:54Z INFO HostContext] Well known directory 'Root': 'D:\Cours\Cours Ipssi\Note\Devops\J3\actions-runner'
[2026-08-06 07:41:54Z INFO HostContext] Well known directory 'Work': 'D:\Cours\Cours Ipssi\Note\Devops\J3\actions-runner\_work'
[2026-08-06 07:41:54Z INFO HostContext] Well known directory 'Temp': 'D:\Cours\Cours Ipssi\Note\Devops\J3\actions-runner\_work\_temp'
[2026-08-06 07:41:54Z INFO ExecutionContext] Write event payload to D:\Cours\Cours Ipssi\Note\Devops\J3\actions-runner\_work\_temp\_github_workflow\event.json
[2026-08-06 07:41:54Z INFO HostContext] Well known directory 'Bin': 'D:\Cours\Cours Ipssi\Note\Devops\J3\actions-runner\bin'
[2026-08-06 07:41:54Z INFO HostContext] Well known directory 'Root': 'D:\Cours\Cours Ipssi\Note\Devops\J3\actions-runner'
[2026-08-06 07:41:54Z INFO HostContext] Well known directory 'Work': 'D:\Cours\Cours Ipssi\Note\Devops\J3\actions-runner\_work'
[2026-08-06 07:41:54Z INFO HostContext] Well known directory 'Temp': 'D:\Cours\Cours Ipssi\Note\Devops\J3\actions-runner\_work\_temp'
[2026-08-06 07:41:54Z INFO ExtensionManager] Getting extensions for interface: 'GitHub.Runner.Worker.IFileCommandExtension'
[2026-08-06 07:41:54Z INFO ExtensionManager] Getting extensions for interface: 'GitHub.Runner.Worker.IActionCommandExtension'
[2026-08-06 07:41:54Z INFO ActionCommandManager] Register action command extension for command internal-set-repo-path
[2026-08-06 07:41:54Z INFO ActionCommandManager] Register action command extension for command set-env
[2026-08-06 07:41:54Z INFO ActionCommandManager] Register action command extension for command set-output
[2026-08-06 07:41:54Z INFO ActionCommandManager] Register action command extension for command save-state
[2026-08-06 07:41:54Z INFO ActionCommandManager] Register action command extension for command add-path
[2026-08-06 07:41:54Z INFO ActionCommandManager] Register action command extension for command add-mask
[2026-08-06 07:41:54Z INFO ActionCommandManager] Register action command extension for command add-matcher
[2026-08-06 07:41:54Z INFO ActionCommandManager] Register action command extension for command remove-matcher
[2026-08-06 07:41:54Z INFO ActionCommandManager] Register action command extension for command warning
[2026-08-06 07:41:54Z INFO ActionCommandManager] Register action command extension for command error
[2026-08-06 07:41:54Z INFO ActionCommandManager] Register action command extension for command notice
[2026-08-06 07:41:54Z INFO ActionCommandManager] Register action command extension for command debug
[2026-08-06 07:41:54Z INFO ActionCommandManager] Register action command extension for command group
[2026-08-06 07:41:54Z INFO ActionCommandManager] Register action command extension for command endgroup
[2026-08-06 07:41:54Z INFO ActionCommandManager] Register action command extension for command echo
[2026-08-06 07:41:54Z INFO ScriptHandler] Which2: 'pwsh'
[2026-08-06 07:41:54Z INFO ScriptHandler] pwsh: command not found. Make sure 'pwsh' is installed and its location included in the 'Path' environment variable.
[2026-08-06 07:41:54Z INFO ScriptHandler] Defaulting to powershell
[2026-08-06 07:41:54Z INFO ScriptHandler] Which2: 'powershell'
[2026-08-06 07:41:54Z INFO JobServerQueue] Got a step log file to send to results service.
[2026-08-06 07:41:54Z INFO JobServerQueue] Starting upload of step log file to results service ResultsLog, D:\Cours\Cours Ipssi\Note\Devops\J3\actions-runner\_diag\blocks\abc8c8c6-61b1-4686-a8a5-219ccfd5dea6_d32ce1f1-c83e-4b4a-a7dd-aa3d9d2b9fa5.1
[2026-08-06 07:41:54Z INFO ScriptHandler] Location: 'C:\Windows\System32\WindowsPowerShell\v1.0\powershell.EXE'
[2026-08-06 07:41:54Z INFO HostContext] Well known directory 'Bin': 'D:\Cours\Cours Ipssi\Note\Devops\J3\actions-runner\bin'
[2026-08-06 07:41:54Z INFO HostContext] Well known directory 'Root': 'D:\Cours\Cours Ipssi\Note\Devops\J3\actions-runner'
[2026-08-06 07:41:54Z INFO HostContext] Well known directory 'Work': 'D:\Cours\Cours Ipssi\Note\Devops\J3\actions-runner\_work'
[2026-08-06 07:41:54Z INFO HostContext] Well known directory 'Temp': 'D:\Cours\Cours Ipssi\Note\Devops\J3\actions-runner\_work\_temp'
[2026-08-06 07:41:54Z INFO ScriptHandler] Which2: 'pwsh'
[2026-08-06 07:41:54Z INFO JobServerQueue] Try to upload 1 log files or attachments, success rate: 1/1.
[2026-08-06 07:41:54Z INFO ScriptHandler] pwsh: command not found. Make sure 'pwsh' is installed and its location included in the 'Path' environment variable.
[2026-08-06 07:41:54Z INFO ScriptHandler] Defaulting to powershell
[2026-08-06 07:41:54Z INFO ScriptHandler] Which2: 'powershell'
[2026-08-06 07:41:54Z INFO ScriptHandler] Location: 'C:\Windows\System32\WindowsPowerShell\v1.0\powershell.EXE'
[2026-08-06 07:41:54Z INFO ProcessInvokerWrapper] Starting process:
[2026-08-06 07:41:54Z INFO ProcessInvokerWrapper]   File name: 'C:\Windows\System32\WindowsPowerShell\v1.0\powershell.EXE'
[2026-08-06 07:41:54Z INFO ProcessInvokerWrapper]   Arguments: '-command ". 'D:\Cours\Cours Ipssi\Note\Devops\J3\actions-runner\_work\_temp\43bf4401-81c5-447c-972e-74c0b619ecc4.ps1'"'
[2026-08-06 07:41:54Z INFO ProcessInvokerWrapper]   Working directory: 'D:\Cours\Cours Ipssi\Note\Devops\J3\actions-runner\_work\J3_cours_devops\J3_cours_devops'
[2026-08-06 07:41:54Z INFO ProcessInvokerWrapper]   Require exit code zero: 'False'
[2026-08-06 07:41:54Z INFO ProcessInvokerWrapper]   Encoding web name:  ; code page: ''
[2026-08-06 07:41:54Z INFO ProcessInvokerWrapper]   Force kill process on cancellation: 'False'
[2026-08-06 07:41:54Z INFO ProcessInvokerWrapper]   Redirected STDIN: 'False'
[2026-08-06 07:41:54Z INFO ProcessInvokerWrapper]   Persist current code page: 'True'
[2026-08-06 07:41:54Z INFO ProcessInvokerWrapper]   Keep redirected STDIN open: 'False'
[2026-08-06 07:41:54Z INFO ProcessInvokerWrapper]   High priority process: 'False'
[2026-08-06 07:41:54Z INFO ProcessInvokerWrapper] Process started with process id 24628, waiting for process exit.
[2026-08-06 07:41:54Z INFO JobServerQueue] Try to append 1 batches web console lines for record 'd32ce1f1-c83e-4b4a-a7dd-aa3d9d2b9fa5', success rate: 1/1.
[2026-08-06 07:41:54Z INFO JobServerQueue] Try to append 1 batches web console lines for record '52ae835e-1c94-4e4d-9776-2d50371543a3', success rate: 1/1.
[2026-08-06 07:41:54Z INFO JobServerQueue] Tried to upload 1 file(s) to results, success rate: 1/1.
[2026-08-06 07:41:55Z INFO HostContext] Well known directory 'Bin': 'D:\Cours\Cours Ipssi\Note\Devops\J3\actions-runner\bin'
[2026-08-06 07:41:55Z INFO HostContext] Well known directory 'Root': 'D:\Cours\Cours Ipssi\Note\Devops\J3\actions-runner'
[2026-08-06 07:41:55Z INFO HostContext] Well known directory 'Work': 'D:\Cours\Cours Ipssi\Note\Devops\J3\actions-runner\_work'
[2026-08-06 07:42:01Z INFO JobServerQueue] Try to append 1 batches web console lines for record '52ae835e-1c94-4e4d-9776-2d50371543a3', success rate: 1/1.
[2026-08-06 07:42:02Z INFO JobServerQueue] Try to append 1 batches web console lines for record '52ae835e-1c94-4e4d-9776-2d50371543a3', success rate: 1/1.
[2026-08-06 07:42:05Z INFO HostContext] Well known directory 'Bin': 'D:\Cours\Cours Ipssi\Note\Devops\J3\actions-runner\bin'
[2026-08-06 07:42:05Z INFO HostContext] Well known directory 'Root': 'D:\Cours\Cours Ipssi\Note\Devops\J3\actions-runner'
[2026-08-06 07:42:05Z INFO HostContext] Well known directory 'Work': 'D:\Cours\Cours Ipssi\Note\Devops\J3\actions-runner\_work'
[2026-08-06 07:42:05Z INFO JobServerQueue] Try to append 1 batches web console lines for record '52ae835e-1c94-4e4d-9776-2d50371543a3', success rate: 1/1.
[2026-08-06 07:42:14Z INFO JobServerQueue] Try to append 1 batches web console lines for record '52ae835e-1c94-4e4d-9776-2d50371543a3', success rate: 1/1.
[2026-08-06 07:42:14Z INFO ProcessInvokerWrapper] STDOUT/STDERR stream read finished.
[2026-08-06 07:42:14Z INFO ProcessInvokerWrapper] STDOUT/STDERR stream read finished.
[2026-08-06 07:42:14Z INFO ProcessInvokerWrapper] Finished process 24628 with exit code 0, and elapsed time 00:00:20.2044715.
[2026-08-06 07:42:14Z INFO CreateStepSummaryCommand] Step Summary file (D:\Cours\Cours Ipssi\Note\Devops\J3\actions-runner\_work\_temp\_runner_file_commands\step_summary_e42f9e8c-d51d-40f5-afb2-5b538d53d7dc) is empty; skipping attachment upload
[2026-08-06 07:42:14Z INFO StepsRunner] Step result: 
[2026-08-06 07:42:14Z INFO ExecutionContext] Publish step telemetry for current step {
  "action": "powershell",
  "type": "run",
  "stage": "Main",
  "stepId": "52ae835e-1c94-4e4d-9776-2d50371543a3",
  "stepContextName": "__run",
  "result": "succeeded",
  "errorMessages": [],
  "executionTimeInSeconds": 21,
  "startTime": "2026-08-06T07:41:54.5207948Z",
  "finishTime": "2026-08-06T07:42:14.8451588Z"
}.
[2026-08-06 07:42:14Z INFO StepsRunner] No need for updating job result with current step result 'Succeeded'.
[2026-08-06 07:42:14Z INFO StepsRunner] Current state: job state = ''
[2026-08-06 07:42:14Z INFO StepsRunner] Processing step: DisplayName='Run npm run test'
[2026-08-06 07:42:14Z INFO StepsRunner] Evaluating: success()
[2026-08-06 07:42:14Z INFO StepsRunner] Result: true
[2026-08-06 07:42:14Z INFO StepsRunner] Starting the step.
[2026-08-06 07:42:14Z INFO HostContext] Well known directory 'Bin': 'D:\Cours\Cours Ipssi\Note\Devops\J3\actions-runner\bin'
[2026-08-06 07:42:14Z INFO HostContext] Well known directory 'Root': 'D:\Cours\Cours Ipssi\Note\Devops\J3\actions-runner'
[2026-08-06 07:42:14Z INFO HostContext] Well known directory 'Work': 'D:\Cours\Cours Ipssi\Note\Devops\J3\actions-runner\_work'
[2026-08-06 07:42:14Z INFO StepsRunner] Which2: 'chcp'
[2026-08-06 07:42:14Z INFO StepsRunner] Location: 'C:\Windows\system32\chcp.COM'
[2026-08-06 07:42:14Z INFO ProcessInvokerWrapper] Starting process:
[2026-08-06 07:42:14Z INFO ProcessInvokerWrapper]   File name: 'C:\Windows\system32\chcp.COM'
[2026-08-06 07:42:14Z INFO ProcessInvokerWrapper]   Arguments: '65001'
[2026-08-06 07:42:14Z INFO ProcessInvokerWrapper]   Working directory: 'D:\Cours\Cours Ipssi\Note\Devops\J3\actions-runner\_work'
[2026-08-06 07:42:14Z INFO ProcessInvokerWrapper]   Require exit code zero: 'False'
[2026-08-06 07:42:14Z INFO ProcessInvokerWrapper]   Encoding web name:  ; code page: ''
[2026-08-06 07:42:14Z INFO ProcessInvokerWrapper]   Force kill process on cancellation: 'False'
[2026-08-06 07:42:14Z INFO ProcessInvokerWrapper]   Redirected STDIN: 'False'
[2026-08-06 07:42:14Z INFO ProcessInvokerWrapper]   Persist current code page: 'True'
[2026-08-06 07:42:14Z INFO ProcessInvokerWrapper]   Keep redirected STDIN open: 'False'
[2026-08-06 07:42:14Z INFO ProcessInvokerWrapper]   High priority process: 'False'
[2026-08-06 07:42:14Z INFO ProcessInvokerWrapper] Process started with process id 17684, waiting for process exit.
[2026-08-06 07:42:14Z INFO ProcessInvokerWrapper] STDOUT/STDERR stream read finished.
[2026-08-06 07:42:14Z INFO ProcessInvokerWrapper] STDOUT/STDERR stream read finished.
[2026-08-06 07:42:14Z INFO ProcessInvokerWrapper] Finished process 17684 with exit code 0, and elapsed time 00:00:00.0262642.
[2026-08-06 07:42:14Z INFO StepsRunner] Successfully returned to code page 65001 (UTF8)
[2026-08-06 07:42:14Z INFO HostContext] Well known directory 'Bin': 'D:\Cours\Cours Ipssi\Note\Devops\J3\actions-runner\bin'
[2026-08-06 07:42:14Z INFO HostContext] Well known directory 'Root': 'D:\Cours\Cours Ipssi\Note\Devops\J3\actions-runner'
[2026-08-06 07:42:14Z INFO HostContext] Well known directory 'Work': 'D:\Cours\Cours Ipssi\Note\Devops\J3\actions-runner\_work'
[2026-08-06 07:42:14Z INFO HostContext] Well known directory 'Temp': 'D:\Cours\Cours Ipssi\Note\Devops\J3\actions-runner\_work\_temp'
[2026-08-06 07:42:14Z INFO ExecutionContext] Write event payload to D:\Cours\Cours Ipssi\Note\Devops\J3\actions-runner\_work\_temp\_github_workflow\event.json
[2026-08-06 07:42:14Z INFO HostContext] Well known directory 'Bin': 'D:\Cours\Cours Ipssi\Note\Devops\J3\actions-runner\bin'
[2026-08-06 07:42:14Z INFO HostContext] Well known directory 'Root': 'D:\Cours\Cours Ipssi\Note\Devops\J3\actions-runner'
[2026-08-06 07:42:14Z INFO HostContext] Well known directory 'Work': 'D:\Cours\Cours Ipssi\Note\Devops\J3\actions-runner\_work'
[2026-08-06 07:42:14Z INFO HostContext] Well known directory 'Temp': 'D:\Cours\Cours Ipssi\Note\Devops\J3\actions-runner\_work\_temp'
[2026-08-06 07:42:14Z INFO ExtensionManager] Getting extensions for interface: 'GitHub.Runner.Worker.IFileCommandExtension'
[2026-08-06 07:42:14Z INFO ExtensionManager] Getting extensions for interface: 'GitHub.Runner.Worker.IActionCommandExtension'
[2026-08-06 07:42:14Z INFO ActionCommandManager] Register action command extension for command internal-set-repo-path
[2026-08-06 07:42:14Z INFO ActionCommandManager] Register action command extension for command set-env
[2026-08-06 07:42:14Z INFO ActionCommandManager] Register action command extension for command set-output
[2026-08-06 07:42:14Z INFO ActionCommandManager] Register action command extension for command save-state
[2026-08-06 07:42:14Z INFO ActionCommandManager] Register action command extension for command add-path
[2026-08-06 07:42:14Z INFO ActionCommandManager] Register action command extension for command add-mask
[2026-08-06 07:42:14Z INFO ActionCommandManager] Register action command extension for command add-matcher
[2026-08-06 07:42:14Z INFO ActionCommandManager] Register action command extension for command remove-matcher
[2026-08-06 07:42:14Z INFO ActionCommandManager] Register action command extension for command warning
[2026-08-06 07:42:14Z INFO ActionCommandManager] Register action command extension for command error
[2026-08-06 07:42:14Z INFO ActionCommandManager] Register action command extension for command notice
[2026-08-06 07:42:14Z INFO ActionCommandManager] Register action command extension for command debug
[2026-08-06 07:42:14Z INFO ActionCommandManager] Register action command extension for command group
[2026-08-06 07:42:14Z INFO ActionCommandManager] Register action command extension for command endgroup
[2026-08-06 07:42:14Z INFO ActionCommandManager] Register action command extension for command echo
[2026-08-06 07:42:14Z INFO ScriptHandler] Which2: 'pwsh'
[2026-08-06 07:42:14Z INFO ScriptHandler] pwsh: command not found. Make sure 'pwsh' is installed and its location included in the 'Path' environment variable.
[2026-08-06 07:42:14Z INFO ScriptHandler] Defaulting to powershell
[2026-08-06 07:42:14Z INFO ScriptHandler] Which2: 'powershell'
[2026-08-06 07:42:14Z INFO ScriptHandler] Location: 'C:\Windows\System32\WindowsPowerShell\v1.0\powershell.EXE'
[2026-08-06 07:42:14Z INFO HostContext] Well known directory 'Bin': 'D:\Cours\Cours Ipssi\Note\Devops\J3\actions-runner\bin'
[2026-08-06 07:42:14Z INFO HostContext] Well known directory 'Root': 'D:\Cours\Cours Ipssi\Note\Devops\J3\actions-runner'
[2026-08-06 07:42:14Z INFO HostContext] Well known directory 'Work': 'D:\Cours\Cours Ipssi\Note\Devops\J3\actions-runner\_work'
[2026-08-06 07:42:14Z INFO HostContext] Well known directory 'Temp': 'D:\Cours\Cours Ipssi\Note\Devops\J3\actions-runner\_work\_temp'
[2026-08-06 07:42:14Z INFO ScriptHandler] Which2: 'pwsh'
[2026-08-06 07:42:14Z INFO ScriptHandler] pwsh: command not found. Make sure 'pwsh' is installed and its location included in the 'Path' environment variable.
[2026-08-06 07:42:14Z INFO ScriptHandler] Defaulting to powershell
[2026-08-06 07:42:14Z INFO ScriptHandler] Which2: 'powershell'
[2026-08-06 07:42:14Z INFO ScriptHandler] Location: 'C:\Windows\System32\WindowsPowerShell\v1.0\powershell.EXE'
[2026-08-06 07:42:14Z INFO ProcessInvokerWrapper] Starting process:
[2026-08-06 07:42:14Z INFO ProcessInvokerWrapper]   File name: 'C:\Windows\System32\WindowsPowerShell\v1.0\powershell.EXE'
[2026-08-06 07:42:14Z INFO ProcessInvokerWrapper]   Arguments: '-command ". 'D:\Cours\Cours Ipssi\Note\Devops\J3\actions-runner\_work\_temp\2b7a5c4c-1221-4b4f-ad6c-98fa598fa967.ps1'"'
[2026-08-06 07:42:14Z INFO ProcessInvokerWrapper]   Working directory: 'D:\Cours\Cours Ipssi\Note\Devops\J3\actions-runner\_work\J3_cours_devops\J3_cours_devops'
[2026-08-06 07:42:14Z INFO ProcessInvokerWrapper]   Require exit code zero: 'False'
[2026-08-06 07:42:14Z INFO ProcessInvokerWrapper]   Encoding web name:  ; code page: ''
[2026-08-06 07:42:14Z INFO ProcessInvokerWrapper]   Force kill process on cancellation: 'False'
[2026-08-06 07:42:14Z INFO ProcessInvokerWrapper]   Redirected STDIN: 'False'
[2026-08-06 07:42:14Z INFO ProcessInvokerWrapper]   Persist current code page: 'True'
[2026-08-06 07:42:14Z INFO ProcessInvokerWrapper]   Keep redirected STDIN open: 'False'
[2026-08-06 07:42:14Z INFO ProcessInvokerWrapper]   High priority process: 'False'
[2026-08-06 07:42:14Z INFO ProcessInvokerWrapper] Process started with process id 18480, waiting for process exit.
[2026-08-06 07:42:15Z INFO JobServerQueue] Try to append 1 batches web console lines for record 'f2c1656a-2f3d-4b0e-85a6-d147690eaba0', success rate: 1/1.
[2026-08-06 07:42:15Z INFO JobServerQueue] Got a step log file to send to results service.
[2026-08-06 07:42:15Z INFO JobServerQueue] Starting upload of step log file to results service ResultsLog, D:\Cours\Cours Ipssi\Note\Devops\J3\actions-runner\_diag\blocks\abc8c8c6-61b1-4686-a8a5-219ccfd5dea6_52ae835e-1c94-4e4d-9776-2d50371543a3.1
[2026-08-06 07:42:15Z INFO HostContext] Well known directory 'Bin': 'D:\Cours\Cours Ipssi\Note\Devops\J3\actions-runner\bin'
[2026-08-06 07:42:15Z INFO HostContext] Well known directory 'Root': 'D:\Cours\Cours Ipssi\Note\Devops\J3\actions-runner'
[2026-08-06 07:42:15Z INFO HostContext] Well known directory 'Work': 'D:\Cours\Cours Ipssi\Note\Devops\J3\actions-runner\_work'
[2026-08-06 07:42:15Z INFO JobServerQueue] Tried to upload 1 file(s) to results, success rate: 1/1.
[2026-08-06 07:42:15Z INFO JobServerQueue] Try to upload 1 log files or attachments, success rate: 1/1.
[2026-08-06 07:42:16Z INFO JobServerQueue] Try to append 1 batches web console lines for record 'f2c1656a-2f3d-4b0e-85a6-d147690eaba0', success rate: 1/1.
[2026-08-06 07:42:19Z INFO JobServerQueue] Try to append 1 batches web console lines for record 'f2c1656a-2f3d-4b0e-85a6-d147690eaba0', success rate: 1/1.
[2026-08-06 07:42:19Z INFO JobServerQueue] Try to append 2 batches web console lines for record 'f2c1656a-2f3d-4b0e-85a6-d147690eaba0', success rate: 2/2.
[2026-08-06 07:42:19Z INFO JobServerQueue] Try to append 1 batches web console lines for record 'f2c1656a-2f3d-4b0e-85a6-d147690eaba0', success rate: 1/1.
[2026-08-06 07:42:20Z INFO JobServerQueue] Try to append 2 batches web console lines for record 'f2c1656a-2f3d-4b0e-85a6-d147690eaba0', success rate: 2/2.
[2026-08-06 07:42:20Z INFO JobServerQueue] Try to append 1 batches web console lines for record 'f2c1656a-2f3d-4b0e-85a6-d147690eaba0', success rate: 1/1.
[2026-08-06 07:42:20Z INFO JobServerQueue] Try to append 1 batches web console lines for record 'f2c1656a-2f3d-4b0e-85a6-d147690eaba0', success rate: 1/1.
[2026-08-06 07:42:21Z INFO JobServerQueue] Try to append 1 batches web console lines for record 'f2c1656a-2f3d-4b0e-85a6-d147690eaba0', success rate: 1/1.
[2026-08-06 07:42:22Z INFO JobServerQueue] Try to append 1 batches web console lines for record 'f2c1656a-2f3d-4b0e-85a6-d147690eaba0', success rate: 1/1.
[2026-08-06 07:42:22Z INFO ProcessInvokerWrapper] STDOUT/STDERR stream read finished.
[2026-08-06 07:42:22Z INFO ProcessInvokerWrapper] STDOUT/STDERR stream read finished.
[2026-08-06 07:42:22Z INFO ProcessInvokerWrapper] Finished process 18480 with exit code 1, and elapsed time 00:00:07.2928068.
[2026-08-06 07:42:22Z INFO CreateStepSummaryCommand] Step Summary file (D:\Cours\Cours Ipssi\Note\Devops\J3\actions-runner\_work\_temp\_runner_file_commands\step_summary_3fff13f6-62c2-4f23-8904-e5e21adc3d1d) is empty; skipping attachment upload
[2026-08-06 07:42:22Z INFO StepsRunner] Step result: Failed
[2026-08-06 07:42:22Z INFO ExecutionContext] Publish step telemetry for current step {
  "action": "powershell",
  "type": "run",
  "stage": "Main",
  "stepId": "f2c1656a-2f3d-4b0e-85a6-d147690eaba0",
  "stepContextName": "__run_2",
  "result": "failed",
  "errorMessages": [
    "Process completed with exit code 1."
  ],
  "executionTimeInSeconds": 8,
  "startTime": "2026-08-06T07:42:14.8467445Z",
  "finishTime": "2026-08-06T07:42:22.2504941Z"
}.
[2026-08-06 07:42:22Z INFO StepsRunner] Update job result with current step result 'Failed'.
[2026-08-06 07:42:22Z INFO StepsRunner] Current state: job state = 'Failed'
[2026-08-06 07:42:22Z INFO StepsRunner] Processing step: DisplayName='Build the Docker image'
[2026-08-06 07:42:22Z INFO StepsRunner] Evaluating: success()
[2026-08-06 07:42:22Z INFO StepsRunner] Result: false
[2026-08-06 07:42:22Z INFO StepsRunner] Skipping step due to condition evaluation.
[2026-08-06 07:42:22Z INFO StepsRunner] No need for updating job result with current step result 'Skipped'.
[2026-08-06 07:42:22Z INFO StepsRunner] Current state: job state = 'Failed'
[2026-08-06 07:42:22Z INFO StepsRunner] Processing step: DisplayName='Add tag before push'
[2026-08-06 07:42:22Z INFO StepsRunner] Evaluating: success()
[2026-08-06 07:42:22Z INFO StepsRunner] Result: false
[2026-08-06 07:42:22Z INFO StepsRunner] Skipping step due to condition evaluation.
[2026-08-06 07:42:22Z INFO StepsRunner] No need for updating job result with current step result 'Skipped'.
[2026-08-06 07:42:22Z INFO StepsRunner] Current state: job state = 'Failed'
[2026-08-06 07:42:22Z INFO StepsRunner] Processing step: DisplayName='Push on Docker Hub'
[2026-08-06 07:42:22Z INFO StepsRunner] Evaluating: success()
[2026-08-06 07:42:22Z INFO StepsRunner] Result: false
[2026-08-06 07:42:22Z INFO StepsRunner] Skipping step due to condition evaluation.
[2026-08-06 07:42:22Z INFO StepsRunner] No need for updating job result with current step result 'Skipped'.
[2026-08-06 07:42:22Z INFO StepsRunner] Current state: job state = 'Failed'
[2026-08-06 07:42:22Z INFO StepsRunner] Processing step: DisplayName='Post Run docker/login-action@v3'
[2026-08-06 07:42:22Z INFO StepsRunner] Evaluating: always()
[2026-08-06 07:42:22Z INFO StepsRunner] Result: true
[2026-08-06 07:42:22Z INFO StepsRunner] Starting the step.
[2026-08-06 07:42:22Z INFO HostContext] Well known directory 'Bin': 'D:\Cours\Cours Ipssi\Note\Devops\J3\actions-runner\bin'
[2026-08-06 07:42:22Z INFO HostContext] Well known directory 'Root': 'D:\Cours\Cours Ipssi\Note\Devops\J3\actions-runner'
[2026-08-06 07:42:22Z INFO HostContext] Well known directory 'Work': 'D:\Cours\Cours Ipssi\Note\Devops\J3\actions-runner\_work'
[2026-08-06 07:42:22Z INFO StepsRunner] Which2: 'chcp'
[2026-08-06 07:42:22Z INFO StepsRunner] Location: 'C:\Windows\system32\chcp.COM'
[2026-08-06 07:42:22Z INFO ProcessInvokerWrapper] Starting process:
[2026-08-06 07:42:22Z INFO ProcessInvokerWrapper]   File name: 'C:\Windows\system32\chcp.COM'
[2026-08-06 07:42:22Z INFO ProcessInvokerWrapper]   Arguments: '65001'
[2026-08-06 07:42:22Z INFO ProcessInvokerWrapper]   Working directory: 'D:\Cours\Cours Ipssi\Note\Devops\J3\actions-runner\_work'
[2026-08-06 07:42:22Z INFO ProcessInvokerWrapper]   Require exit code zero: 'False'
[2026-08-06 07:42:22Z INFO ProcessInvokerWrapper]   Encoding web name:  ; code page: ''
[2026-08-06 07:42:22Z INFO ProcessInvokerWrapper]   Force kill process on cancellation: 'False'
[2026-08-06 07:42:22Z INFO ProcessInvokerWrapper]   Redirected STDIN: 'False'
[2026-08-06 07:42:22Z INFO ProcessInvokerWrapper]   Persist current code page: 'True'
[2026-08-06 07:42:22Z INFO ProcessInvokerWrapper]   Keep redirected STDIN open: 'False'
[2026-08-06 07:42:22Z INFO ProcessInvokerWrapper]   High priority process: 'False'
[2026-08-06 07:42:22Z INFO ProcessInvokerWrapper] Process started with process id 13868, waiting for process exit.
[2026-08-06 07:42:22Z INFO ProcessInvokerWrapper] STDOUT/STDERR stream read finished.
[2026-08-06 07:42:22Z INFO ProcessInvokerWrapper] STDOUT/STDERR stream read finished.
[2026-08-06 07:42:22Z INFO ProcessInvokerWrapper] Finished process 13868 with exit code 0, and elapsed time 00:00:00.0306867.
[2026-08-06 07:42:22Z INFO StepsRunner] Successfully returned to code page 65001 (UTF8)
[2026-08-06 07:42:22Z INFO HostContext] Well known directory 'Bin': 'D:\Cours\Cours Ipssi\Note\Devops\J3\actions-runner\bin'
[2026-08-06 07:42:22Z INFO HostContext] Well known directory 'Root': 'D:\Cours\Cours Ipssi\Note\Devops\J3\actions-runner'
[2026-08-06 07:42:22Z INFO HostContext] Well known directory 'Work': 'D:\Cours\Cours Ipssi\Note\Devops\J3\actions-runner\_work'
[2026-08-06 07:42:22Z INFO HostContext] Well known directory 'Actions': 'D:\Cours\Cours Ipssi\Note\Devops\J3\actions-runner\_work\_actions'
[2026-08-06 07:42:22Z INFO ActionManager] Load action that reference repository from 'D:\Cours\Cours Ipssi\Note\Devops\J3\actions-runner\_work\_actions\docker\login-action\v3'
[2026-08-06 07:42:22Z INFO HostContext] Well known directory 'Bin': 'D:\Cours\Cours Ipssi\Note\Devops\J3\actions-runner\bin'
[2026-08-06 07:42:22Z INFO HostContext] Well known directory 'Root': 'D:\Cours\Cours Ipssi\Note\Devops\J3\actions-runner'
[2026-08-06 07:42:22Z INFO HostContext] Well known directory 'Work': 'D:\Cours\Cours Ipssi\Note\Devops\J3\actions-runner\_work'
[2026-08-06 07:42:22Z INFO HostContext] Well known directory 'Actions': 'D:\Cours\Cours Ipssi\Note\Devops\J3\actions-runner\_work\_actions'
[2026-08-06 07:42:22Z INFO ActionManifestManagerLegacy] Ignore action property author.
[2026-08-06 07:42:22Z INFO ActionManifestManagerLegacy] Ignore action property branding.
[2026-08-06 07:42:22Z INFO ActionManifestManagerLegacy] Loaded action.yml file: {
  "name": "Docker Login",
  "description": "GitHub Action to login against a Docker registry",
  "inputs": {
    "type": 2,
    "map": [
      {
        "key": {
          "type": 0,
          "file": 3,
          "line": 10,
          "col": 3,
          "lit": "registry"
        },
        "value": ""
      },
      {
        "key": {
          "type": 0,
          "file": 3,
          "line": 13,
          "col": 3,
          "lit": "username"
        },
        "value": ""
      },
      {
        "key": {
          "type": 0,
          "file": 3,
          "line": 16,
          "col": 3,
          "lit": "password"
        },
        "value": ""
      },
      {
        "key": {
          "type": 0,
          "file": 3,
          "line": 19,
          "col": 3,
          "lit": "ecr"
        },
        "value": ""
      },
      {
        "key": {
          "type": 0,
          "file": 3,
          "line": 22,
          "col": 3,
          "lit": "scope"
        },
        "value": ""
      },
      {
        "key": {
          "type": 0,
          "file": 3,
          "line": 25,
          "col": 3,
          "lit": "logout"
        },
        "value": {
          "type": 0,
          "file": 3,
          "line": 27,
          "col": 14,
          "lit": "true"
        }
      },
      {
        "key": {
          "type": 0,
          "file": 3,
          "line": 29,
          "col": 3,
          "lit": "registry-auth"
        },
        "value": ""
      }
    ]
  },
  "execution": {
    "executionType": "nodeJS",
    "hasPre": false,
    "hasPost": true,
    "script": "dist/index.js",
    "pre": null,
    "post": "dist/index.js",
    "nodeVersion": "node20",
    "cleanupCondition": "always()",
    "initCondition": "always()"
  },
  "deprecated": null
}
[2026-08-06 07:42:22Z INFO ActionManager] Action pre node.js file: N/A.
[2026-08-06 07:42:22Z INFO ActionManager] Action node.js file: dist/index.js.
[2026-08-06 07:42:22Z INFO ActionManager] Action post node.js file: dist/index.js.
[2026-08-06 07:42:22Z INFO HostContext] Well known directory 'Bin': 'D:\Cours\Cours Ipssi\Note\Devops\J3\actions-runner\bin'
[2026-08-06 07:42:22Z INFO HostContext] Well known directory 'Root': 'D:\Cours\Cours Ipssi\Note\Devops\J3\actions-runner'
[2026-08-06 07:42:22Z INFO HostContext] Well known directory 'Work': 'D:\Cours\Cours Ipssi\Note\Devops\J3\actions-runner\_work'
[2026-08-06 07:42:22Z INFO HostContext] Well known directory 'Temp': 'D:\Cours\Cours Ipssi\Note\Devops\J3\actions-runner\_work\_temp'
[2026-08-06 07:42:22Z INFO ExecutionContext] Write event payload to D:\Cours\Cours Ipssi\Note\Devops\J3\actions-runner\_work\_temp\_github_workflow\event.json
[2026-08-06 07:42:22Z INFO HostContext] Well known directory 'Bin': 'D:\Cours\Cours Ipssi\Note\Devops\J3\actions-runner\bin'
[2026-08-06 07:42:22Z INFO HostContext] Well known directory 'Root': 'D:\Cours\Cours Ipssi\Note\Devops\J3\actions-runner'
[2026-08-06 07:42:22Z INFO HostContext] Well known directory 'Work': 'D:\Cours\Cours Ipssi\Note\Devops\J3\actions-runner\_work'
[2026-08-06 07:42:22Z INFO HostContext] Well known directory 'Temp': 'D:\Cours\Cours Ipssi\Note\Devops\J3\actions-runner\_work\_temp'
[2026-08-06 07:42:22Z INFO ExtensionManager] Getting extensions for interface: 'GitHub.Runner.Worker.IFileCommandExtension'
[2026-08-06 07:42:22Z INFO ActionManifestManagerLegacy] Input 'registry': default value evaluate result: ""
[2026-08-06 07:42:22Z INFO ActionManifestManagerLegacy] Input 'ecr': default value evaluate result: ""
[2026-08-06 07:42:22Z INFO ActionManifestManagerLegacy] Input 'scope': default value evaluate result: ""
[2026-08-06 07:42:22Z INFO ActionManifestManagerLegacy] Input 'logout': default value evaluate result: {
  "type": 0,
  "file": 3,
  "line": 27,
  "col": 14,
  "lit": "true"
}
[2026-08-06 07:42:22Z INFO ActionManifestManagerLegacy] Input 'registry-auth': default value evaluate result: ""
[2026-08-06 07:42:22Z INFO ExtensionManager] Getting extensions for interface: 'GitHub.Runner.Worker.IActionCommandExtension'
[2026-08-06 07:42:22Z INFO ActionCommandManager] Register action command extension for command internal-set-repo-path
[2026-08-06 07:42:22Z INFO ActionCommandManager] Register action command extension for command set-env
[2026-08-06 07:42:22Z INFO ActionCommandManager] Register action command extension for command set-output
[2026-08-06 07:42:22Z INFO ActionCommandManager] Register action command extension for command save-state
[2026-08-06 07:42:22Z INFO ActionCommandManager] Register action command extension for command add-path
[2026-08-06 07:42:22Z INFO ActionCommandManager] Register action command extension for command add-mask
[2026-08-06 07:42:22Z INFO ActionCommandManager] Register action command extension for command add-matcher
[2026-08-06 07:42:22Z INFO ActionCommandManager] Register action command extension for command remove-matcher
[2026-08-06 07:42:22Z INFO ActionCommandManager] Register action command extension for command warning
[2026-08-06 07:42:22Z INFO ActionCommandManager] Register action command extension for command error
[2026-08-06 07:42:22Z INFO ActionCommandManager] Register action command extension for command notice
[2026-08-06 07:42:22Z INFO ActionCommandManager] Register action command extension for command debug
[2026-08-06 07:42:22Z INFO ActionCommandManager] Register action command extension for command group
[2026-08-06 07:42:22Z INFO ActionCommandManager] Register action command extension for command endgroup
[2026-08-06 07:42:22Z INFO ActionCommandManager] Register action command extension for command echo
[2026-08-06 07:42:22Z INFO HostContext] Well known directory 'Bin': 'D:\Cours\Cours Ipssi\Note\Devops\J3\actions-runner\bin'
[2026-08-06 07:42:22Z INFO HostContext] Well known directory 'Root': 'D:\Cours\Cours Ipssi\Note\Devops\J3\actions-runner'
[2026-08-06 07:42:22Z INFO HostContext] Well known directory 'Externals': 'D:\Cours\Cours Ipssi\Note\Devops\J3\actions-runner\externals'
[2026-08-06 07:42:22Z INFO ProcessInvokerWrapper] Starting process:
[2026-08-06 07:42:22Z INFO ProcessInvokerWrapper]   File name: 'D:\Cours\Cours Ipssi\Note\Devops\J3\actions-runner\externals\node24\bin\node.exe'
[2026-08-06 07:42:22Z INFO ProcessInvokerWrapper]   Arguments: '"D:\Cours\Cours Ipssi\Note\Devops\J3\actions-runner\_work\_actions\docker\login-action\v3\dist/index.js"'
[2026-08-06 07:42:22Z INFO ProcessInvokerWrapper]   Working directory: 'D:\Cours\Cours Ipssi\Note\Devops\J3\actions-runner\_work\J3_cours_devops\J3_cours_devops'
[2026-08-06 07:42:22Z INFO ProcessInvokerWrapper]   Require exit code zero: 'False'
[2026-08-06 07:42:22Z INFO ProcessInvokerWrapper]   Encoding web name: utf-8 ; code page: '65001'
[2026-08-06 07:42:22Z INFO ProcessInvokerWrapper]   Force kill process on cancellation: 'False'
[2026-08-06 07:42:22Z INFO ProcessInvokerWrapper]   Redirected STDIN: 'False'
[2026-08-06 07:42:22Z INFO ProcessInvokerWrapper]   Persist current code page: 'True'
[2026-08-06 07:42:22Z INFO ProcessInvokerWrapper]   Keep redirected STDIN open: 'False'
[2026-08-06 07:42:22Z INFO ProcessInvokerWrapper]   High priority process: 'False'
[2026-08-06 07:42:22Z INFO JobServerQueue] Try to append 1 batches web console lines for record 'f2c1656a-2f3d-4b0e-85a6-d147690eaba0', success rate: 1/1.
[2026-08-06 07:42:22Z INFO JobServerQueue] Try to append 1 batches web console lines for record 'd74b28f3-a43d-4c5f-8dd3-3ee74c8abc41', success rate: 1/1.
[2026-08-06 07:42:22Z INFO ProcessInvokerWrapper] Process started with process id 25936, waiting for process exit.
[2026-08-06 07:42:22Z INFO JobServerQueue] Got a step log file to send to results service.
[2026-08-06 07:42:22Z INFO JobServerQueue] Starting upload of step log file to results service ResultsLog, D:\Cours\Cours Ipssi\Note\Devops\J3\actions-runner\_diag\blocks\abc8c8c6-61b1-4686-a8a5-219ccfd5dea6_f2c1656a-2f3d-4b0e-85a6-d147690eaba0.1
[2026-08-06 07:42:22Z INFO JobServerQueue] Try to append 1 batches web console lines for record 'd74b28f3-a43d-4c5f-8dd3-3ee74c8abc41', success rate: 1/1.
[2026-08-06 07:42:22Z INFO JobServerQueue] Try to upload 1 log files or attachments, success rate: 1/1.
[2026-08-06 07:42:23Z INFO JobServerQueue] Tried to upload 1 file(s) to results, success rate: 1/1.
[2026-08-06 07:42:23Z INFO JobServerQueue] Try to append 1 batches web console lines for record 'd74b28f3-a43d-4c5f-8dd3-3ee74c8abc41', success rate: 1/1.
[2026-08-06 07:42:23Z INFO ProcessInvokerWrapper] STDOUT/STDERR stream read finished.
[2026-08-06 07:42:23Z INFO ProcessInvokerWrapper] STDOUT/STDERR stream read finished.
[2026-08-06 07:42:23Z INFO ProcessInvokerWrapper] Finished process 25936 with exit code 0, and elapsed time 00:00:01.4690748.
[2026-08-06 07:42:23Z INFO CreateStepSummaryCommand] Step Summary file (D:\Cours\Cours Ipssi\Note\Devops\J3\actions-runner\_work\_temp\_runner_file_commands\step_summary_f4d09c7a-1c97-44cb-8e4d-5612e06e6ecf) is empty; skipping attachment upload
[2026-08-06 07:42:23Z INFO StepsRunner] Step result: 
[2026-08-06 07:42:23Z INFO ExecutionContext] Publish step telemetry for current step {
  "action": "docker/login-action",
  "ref": "v3",
  "type": "node24",
  "stage": "Post",
  "stepId": "d74b28f3-a43d-4c5f-8dd3-3ee74c8abc41",
  "result": "succeeded",
  "errorMessages": [],
  "executionTimeInSeconds": 2,
  "startTime": "2026-08-06T07:42:22.2572838Z",
  "finishTime": "2026-08-06T07:42:23.7779122Z"
}.
[2026-08-06 07:42:23Z INFO StepsRunner] No need for updating job result with current step result 'Succeeded'.
[2026-08-06 07:42:23Z INFO StepsRunner] Current state: job state = 'Failed'
[2026-08-06 07:42:23Z INFO StepsRunner] Processing step: DisplayName='Post Run actions/checkout@v4'
[2026-08-06 07:42:23Z INFO StepsRunner] Evaluating: always()
[2026-08-06 07:42:23Z INFO StepsRunner] Result: true
[2026-08-06 07:42:23Z INFO StepsRunner] Starting the step.
[2026-08-06 07:42:23Z INFO HostContext] Well known directory 'Bin': 'D:\Cours\Cours Ipssi\Note\Devops\J3\actions-runner\bin'
[2026-08-06 07:42:23Z INFO HostContext] Well known directory 'Root': 'D:\Cours\Cours Ipssi\Note\Devops\J3\actions-runner'
[2026-08-06 07:42:23Z INFO HostContext] Well known directory 'Work': 'D:\Cours\Cours Ipssi\Note\Devops\J3\actions-runner\_work'
[2026-08-06 07:42:23Z INFO StepsRunner] Which2: 'chcp'
[2026-08-06 07:42:23Z INFO StepsRunner] Location: 'C:\Windows\system32\chcp.COM'
[2026-08-06 07:42:23Z INFO ProcessInvokerWrapper] Starting process:
[2026-08-06 07:42:23Z INFO ProcessInvokerWrapper]   File name: 'C:\Windows\system32\chcp.COM'
[2026-08-06 07:42:23Z INFO ProcessInvokerWrapper]   Arguments: '65001'
[2026-08-06 07:42:23Z INFO ProcessInvokerWrapper]   Working directory: 'D:\Cours\Cours Ipssi\Note\Devops\J3\actions-runner\_work'
[2026-08-06 07:42:23Z INFO ProcessInvokerWrapper]   Require exit code zero: 'False'
[2026-08-06 07:42:23Z INFO ProcessInvokerWrapper]   Encoding web name:  ; code page: ''
[2026-08-06 07:42:23Z INFO ProcessInvokerWrapper]   Force kill process on cancellation: 'False'
[2026-08-06 07:42:23Z INFO ProcessInvokerWrapper]   Redirected STDIN: 'False'
[2026-08-06 07:42:23Z INFO ProcessInvokerWrapper]   Persist current code page: 'True'
[2026-08-06 07:42:23Z INFO ProcessInvokerWrapper]   Keep redirected STDIN open: 'False'
[2026-08-06 07:42:23Z INFO ProcessInvokerWrapper]   High priority process: 'False'
[2026-08-06 07:42:23Z INFO ProcessInvokerWrapper] Process started with process id 24880, waiting for process exit.
[2026-08-06 07:42:23Z INFO ProcessInvokerWrapper] STDOUT/STDERR stream read finished.
[2026-08-06 07:42:23Z INFO ProcessInvokerWrapper] STDOUT/STDERR stream read finished.
[2026-08-06 07:42:23Z INFO ProcessInvokerWrapper] Finished process 24880 with exit code 0, and elapsed time 00:00:00.0349963.
[2026-08-06 07:42:23Z INFO StepsRunner] Successfully returned to code page 65001 (UTF8)
[2026-08-06 07:42:23Z INFO HostContext] Well known directory 'Bin': 'D:\Cours\Cours Ipssi\Note\Devops\J3\actions-runner\bin'
[2026-08-06 07:42:23Z INFO HostContext] Well known directory 'Root': 'D:\Cours\Cours Ipssi\Note\Devops\J3\actions-runner'
[2026-08-06 07:42:23Z INFO HostContext] Well known directory 'Work': 'D:\Cours\Cours Ipssi\Note\Devops\J3\actions-runner\_work'
[2026-08-06 07:42:23Z INFO HostContext] Well known directory 'Actions': 'D:\Cours\Cours Ipssi\Note\Devops\J3\actions-runner\_work\_actions'
[2026-08-06 07:42:23Z INFO ActionManager] Load action that reference repository from 'D:\Cours\Cours Ipssi\Note\Devops\J3\actions-runner\_work\_actions\actions\checkout\v4'
[2026-08-06 07:42:23Z INFO HostContext] Well known directory 'Bin': 'D:\Cours\Cours Ipssi\Note\Devops\J3\actions-runner\bin'
[2026-08-06 07:42:23Z INFO HostContext] Well known directory 'Root': 'D:\Cours\Cours Ipssi\Note\Devops\J3\actions-runner'
[2026-08-06 07:42:23Z INFO HostContext] Well known directory 'Work': 'D:\Cours\Cours Ipssi\Note\Devops\J3\actions-runner\_work'
[2026-08-06 07:42:23Z INFO HostContext] Well known directory 'Actions': 'D:\Cours\Cours Ipssi\Note\Devops\J3\actions-runner\_work\_actions'
[2026-08-06 07:42:23Z INFO ActionManifestManagerLegacy] Loaded action.yml file: {
  "name": "Checkout",
  "description": "Checkout a Git repository at a particular version",
  "inputs": {
    "type": 2,
    "map": [
      {
        "key": {
          "type": 0,
          "file": 2,
          "line": 4,
          "col": 3,
          "lit": "repository"
        },
        "value": {
          "type": 3,
          "file": 2,
          "line": 6,
          "col": 14,
          "expr": "github.repository"
        }
      },
      {
        "key": {
          "type": 0,
          "file": 2,
          "line": 7,
          "col": 3,
          "lit": "ref"
        },
        "value": ""
      },
      {
        "key": {
          "type": 0,
          "file": 2,
          "line": 12,
          "col": 3,
          "lit": "token"
        },
        "value": {
          "type": 3,
          "file": 2,
          "line": 24,
          "col": 14,
          "expr": "github.token"
        }
      },
      {
        "key": {
          "type": 0,
          "file": 2,
          "line": 25,
          "col": 3,
          "lit": "ssh-key"
        },
        "value": ""
      },
      {
        "key": {
          "type": 0,
          "file": 2,
          "line": 37,
          "col": 3,
          "lit": "ssh-known-hosts"
        },
        "value": ""
      },
      {
        "key": {
          "type": 0,
          "file": 2,
          "line": 42,
          "col": 3,
          "lit": "ssh-strict"
        },
        "value": {
          "type": 0,
          "file": 2,
          "line": 47,
          "col": 14,
          "lit": "true"
        }
      },
      {
        "key": {
          "type": 0,
          "file": 2,
          "line": 48,
          "col": 3,
          "lit": "ssh-user"
        },
        "value": {
          "type": 0,
          "file": 2,
          "line": 51,
          "col": 14,
          "lit": "git"
        }
      },
      {
        "key": {
          "type": 0,
          "file": 2,
          "line": 52,
          "col": 3,
          "lit": "persist-credentials"
        },
        "value": {
          "type": 0,
          "file": 2,
          "line": 54,
          "col": 14,
          "lit": "true"
        }
      },
      {
        "key": {
          "type": 0,
          "file": 2,
          "line": 55,
          "col": 3,
          "lit": "path"
        },
        "value": ""
      },
      {
        "key": {
          "type": 0,
          "file": 2,
          "line": 57,
          "col": 3,
          "lit": "clean"
        },
        "value": {
          "type": 0,
          "file": 2,
          "line": 59,
          "col": 14,
          "lit": "true"
        }
      },
      {
        "key": {
          "type": 0,
          "file": 2,
          "line": 60,
          "col": 3,
          "lit": "filter"
        },
        "value": {
          "type": 0,
          "file": 2,
          "line": 64,
          "col": 14,
          "lit": ""
        }
      },
      {
        "key": {
          "type": 0,
          "file": 2,
          "line": 65,
          "col": 3,
          "lit": "sparse-checkout"
        },
        "value": {
          "type": 0,
          "file": 2,
          "line": 69,
          "col": 14,
          "lit": ""
        }
      },
      {
        "key": {
          "type": 0,
          "file": 2,
          "line": 70,
          "col": 3,
          "lit": "sparse-checkout-cone-mode"
        },
        "value": {
          "type": 0,
          "file": 2,
          "line": 73,
          "col": 14,
          "lit": "true"
        }
      },
      {
        "key": {
          "type": 0,
          "file": 2,
          "line": 74,
          "col": 3,
          "lit": "fetch-depth"
        },
        "value": {
          "type": 0,
          "file": 2,
          "line": 76,
          "col": 14,
          "lit": "1"
        }
      },
      {
        "key": {
          "type": 0,
          "file": 2,
          "line": 77,
          "col": 3,
          "lit": "fetch-tags"
        },
        "value": {
          "type": 0,
          "file": 2,
          "line": 79,
          "col": 14,
          "lit": "false"
        }
      },
      {
        "key": {
          "type": 0,
          "file": 2,
          "line": 80,
          "col": 3,
          "lit": "show-progress"
        },
        "value": {
          "type": 0,
          "file": 2,
          "line": 82,
          "col": 14,
          "lit": "true"
        }
      },
      {
        "key": {
          "type": 0,
          "file": 2,
          "line": 83,
          "col": 3,
          "lit": "lfs"
        },
        "value": {
          "type": 0,
          "file": 2,
          "line": 85,
          "col": 14,
          "lit": "false"
        }
      },
      {
        "key": {
          "type": 0,
          "file": 2,
          "line": 86,
          "col": 3,
          "lit": "submodules"
        },
        "value": {
          "type": 0,
          "file": 2,
          "line": 94,
          "col": 14,
          "lit": "false"
        }
      },
      {
        "key": {
          "type": 0,
          "file": 2,
          "line": 95,
          "col": 3,
          "lit": "set-safe-directory"
        },
        "value": {
          "type": 0,
          "file": 2,
          "line": 97,
          "col": 14,
          "lit": "true"
        }
      },
      {
        "key": {
          "type": 0,
          "file": 2,
          "line": 98,
          "col": 3,
          "lit": "github-server-url"
        },
        "value": ""
      },
      {
        "key": {
          "type": 0,
          "file": 2,
          "line": 101,
          "col": 3,
          "lit": "allow-unsafe-pr-checkout"
        },
        "value": {
          "type": 0,
          "file": 2,
          "line": 109,
          "col": 14,
          "lit": "false"
        }
      }
    ]
  },
  "execution": {
    "executionType": "nodeJS",
    "hasPre": false,
    "hasPost": true,
    "script": "dist/index.js",
    "pre": null,
    "post": "dist/index.js",
    "nodeVersion": "node20",
    "cleanupCondition": "always()",
    "initCondition": "always()"
  },
  "deprecated": null
}
[2026-08-06 07:42:23Z INFO ActionManager] Action pre node.js file: N/A.
[2026-08-06 07:42:23Z INFO ActionManager] Action node.js file: dist/index.js.
[2026-08-06 07:42:23Z INFO ActionManager] Action post node.js file: dist/index.js.
[2026-08-06 07:42:23Z INFO HostContext] Well known directory 'Bin': 'D:\Cours\Cours Ipssi\Note\Devops\J3\actions-runner\bin'
[2026-08-06 07:42:23Z INFO HostContext] Well known directory 'Root': 'D:\Cours\Cours Ipssi\Note\Devops\J3\actions-runner'
[2026-08-06 07:42:23Z INFO HostContext] Well known directory 'Work': 'D:\Cours\Cours Ipssi\Note\Devops\J3\actions-runner\_work'
[2026-08-06 07:42:23Z INFO HostContext] Well known directory 'Temp': 'D:\Cours\Cours Ipssi\Note\Devops\J3\actions-runner\_work\_temp'
[2026-08-06 07:42:23Z INFO ExecutionContext] Write event payload to D:\Cours\Cours Ipssi\Note\Devops\J3\actions-runner\_work\_temp\_github_workflow\event.json
[2026-08-06 07:42:23Z INFO HostContext] Well known directory 'Bin': 'D:\Cours\Cours Ipssi\Note\Devops\J3\actions-runner\bin'
[2026-08-06 07:42:23Z INFO HostContext] Well known directory 'Root': 'D:\Cours\Cours Ipssi\Note\Devops\J3\actions-runner'
[2026-08-06 07:42:23Z INFO HostContext] Well known directory 'Work': 'D:\Cours\Cours Ipssi\Note\Devops\J3\actions-runner\_work'
[2026-08-06 07:42:23Z INFO HostContext] Well known directory 'Temp': 'D:\Cours\Cours Ipssi\Note\Devops\J3\actions-runner\_work\_temp'
[2026-08-06 07:42:23Z INFO ExtensionManager] Getting extensions for interface: 'GitHub.Runner.Worker.IFileCommandExtension'
[2026-08-06 07:42:23Z INFO ActionManifestManagerLegacy] Input 'repository': default value evaluate result: {
  "type": 0,
  "file": 2,
  "line": 6,
  "col": 14,
  "lit": "***/J3_cours_devops"
}
[2026-08-06 07:42:23Z INFO ActionManifestManagerLegacy] Input 'ref': default value evaluate result: ""
[2026-08-06 07:42:23Z INFO ActionManifestManagerLegacy] Input 'token': default value evaluate result: {
  "type": 0,
  "file": 2,
  "line": 24,
  "col": 14,
  "lit": "***"
}
[2026-08-06 07:42:23Z INFO ActionManifestManagerLegacy] Input 'ssh-key': default value evaluate result: ""
[2026-08-06 07:42:23Z INFO ActionManifestManagerLegacy] Input 'ssh-known-hosts': default value evaluate result: ""
[2026-08-06 07:42:23Z INFO ActionManifestManagerLegacy] Input 'ssh-strict': default value evaluate result: {
  "type": 0,
  "file": 2,
  "line": 47,
  "col": 14,
  "lit": "true"
}
[2026-08-06 07:42:23Z INFO ActionManifestManagerLegacy] Input 'ssh-user': default value evaluate result: {
  "type": 0,
  "file": 2,
  "line": 51,
  "col": 14,
  "lit": "git"
}
[2026-08-06 07:42:23Z INFO ActionManifestManagerLegacy] Input 'persist-credentials': default value evaluate result: {
  "type": 0,
  "file": 2,
  "line": 54,
  "col": 14,
  "lit": "true"
}
[2026-08-06 07:42:23Z INFO ActionManifestManagerLegacy] Input 'path': default value evaluate result: ""
[2026-08-06 07:42:23Z INFO ActionManifestManagerLegacy] Input 'clean': default value evaluate result: {
  "type": 0,
  "file": 2,
  "line": 59,
  "col": 14,
  "lit": "true"
}
[2026-08-06 07:42:23Z INFO ActionManifestManagerLegacy] Input 'filter': default value evaluate result: {
  "type": 0,
  "file": 2,
  "line": 64,
  "col": 14,
  "lit": ""
}
[2026-08-06 07:42:23Z INFO ActionManifestManagerLegacy] Input 'sparse-checkout': default value evaluate result: {
  "type": 0,
  "file": 2,
  "line": 69,
  "col": 14,
  "lit": ""
}
[2026-08-06 07:42:23Z INFO ActionManifestManagerLegacy] Input 'sparse-checkout-cone-mode': default value evaluate result: {
  "type": 0,
  "file": 2,
  "line": 73,
  "col": 14,
  "lit": "true"
}
[2026-08-06 07:42:23Z INFO ActionManifestManagerLegacy] Input 'fetch-depth': default value evaluate result: {
  "type": 0,
  "file": 2,
  "line": 76,
  "col": 14,
  "lit": "1"
}
[2026-08-06 07:42:23Z INFO ActionManifestManagerLegacy] Input 'fetch-tags': default value evaluate result: {
  "type": 0,
  "file": 2,
  "line": 79,
  "col": 14,
  "lit": "false"
}
[2026-08-06 07:42:23Z INFO ActionManifestManagerLegacy] Input 'show-progress': default value evaluate result: {
  "type": 0,
  "file": 2,
  "line": 82,
  "col": 14,
  "lit": "true"
}
[2026-08-06 07:42:23Z INFO ActionManifestManagerLegacy] Input 'lfs': default value evaluate result: {
  "type": 0,
  "file": 2,
  "line": 85,
  "col": 14,
  "lit": "false"
}
[2026-08-06 07:42:23Z INFO ActionManifestManagerLegacy] Input 'submodules': default value evaluate result: {
  "type": 0,
  "file": 2,
  "line": 94,
  "col": 14,
  "lit": "false"
}
[2026-08-06 07:42:23Z INFO ActionManifestManagerLegacy] Input 'set-safe-directory': default value evaluate result: {
  "type": 0,
  "file": 2,
  "line": 97,
  "col": 14,
  "lit": "true"
}
[2026-08-06 07:42:23Z INFO ActionManifestManagerLegacy] Input 'github-server-url': default value evaluate result: ""
[2026-08-06 07:42:23Z INFO ActionManifestManagerLegacy] Input 'allow-unsafe-pr-checkout': default value evaluate result: {
  "type": 0,
  "file": 2,
  "line": 109,
  "col": 14,
  "lit": "false"
}
[2026-08-06 07:42:23Z INFO ExtensionManager] Getting extensions for interface: 'GitHub.Runner.Worker.IActionCommandExtension'
[2026-08-06 07:42:23Z INFO ActionCommandManager] Register action command extension for command internal-set-repo-path
[2026-08-06 07:42:23Z INFO ActionCommandManager] Register action command extension for command set-env
[2026-08-06 07:42:23Z INFO ActionCommandManager] Register action command extension for command set-output
[2026-08-06 07:42:23Z INFO ActionCommandManager] Register action command extension for command save-state
[2026-08-06 07:42:23Z INFO ActionCommandManager] Register action command extension for command add-path
[2026-08-06 07:42:23Z INFO ActionCommandManager] Register action command extension for command add-mask
[2026-08-06 07:42:23Z INFO ActionCommandManager] Register action command extension for command add-matcher
[2026-08-06 07:42:23Z INFO ActionCommandManager] Register action command extension for command remove-matcher
[2026-08-06 07:42:23Z INFO ActionCommandManager] Register action command extension for command warning
[2026-08-06 07:42:23Z INFO ActionCommandManager] Register action command extension for command error
[2026-08-06 07:42:23Z INFO ActionCommandManager] Register action command extension for command notice
[2026-08-06 07:42:23Z INFO ActionCommandManager] Register action command extension for command debug
[2026-08-06 07:42:23Z INFO ActionCommandManager] Register action command extension for command group
[2026-08-06 07:42:23Z INFO ActionCommandManager] Register action command extension for command endgroup
[2026-08-06 07:42:23Z INFO ActionCommandManager] Register action command extension for command echo
[2026-08-06 07:42:23Z INFO HostContext] Well known directory 'Bin': 'D:\Cours\Cours Ipssi\Note\Devops\J3\actions-runner\bin'
[2026-08-06 07:42:23Z INFO HostContext] Well known directory 'Root': 'D:\Cours\Cours Ipssi\Note\Devops\J3\actions-runner'
[2026-08-06 07:42:23Z INFO HostContext] Well known directory 'Externals': 'D:\Cours\Cours Ipssi\Note\Devops\J3\actions-runner\externals'
[2026-08-06 07:42:23Z INFO ProcessInvokerWrapper] Starting process:
[2026-08-06 07:42:23Z INFO ProcessInvokerWrapper]   File name: 'D:\Cours\Cours Ipssi\Note\Devops\J3\actions-runner\externals\node24\bin\node.exe'
[2026-08-06 07:42:23Z INFO ProcessInvokerWrapper]   Arguments: '"D:\Cours\Cours Ipssi\Note\Devops\J3\actions-runner\_work\_actions\actions\checkout\v4\dist/index.js"'
[2026-08-06 07:42:23Z INFO ProcessInvokerWrapper]   Working directory: 'D:\Cours\Cours Ipssi\Note\Devops\J3\actions-runner\_work\J3_cours_devops\J3_cours_devops'
[2026-08-06 07:42:23Z INFO ProcessInvokerWrapper]   Require exit code zero: 'False'
[2026-08-06 07:42:23Z INFO ProcessInvokerWrapper]   Encoding web name: utf-8 ; code page: '65001'
[2026-08-06 07:42:23Z INFO ProcessInvokerWrapper]   Force kill process on cancellation: 'False'
[2026-08-06 07:42:23Z INFO ProcessInvokerWrapper]   Redirected STDIN: 'False'
[2026-08-06 07:42:23Z INFO ProcessInvokerWrapper]   Persist current code page: 'True'
[2026-08-06 07:42:23Z INFO ProcessInvokerWrapper]   Keep redirected STDIN open: 'False'
[2026-08-06 07:42:23Z INFO ProcessInvokerWrapper]   High priority process: 'False'
[2026-08-06 07:42:23Z INFO ProcessInvokerWrapper] Process started with process id 34256, waiting for process exit.
[2026-08-06 07:42:23Z INFO JobServerQueue] Try to append 1 batches web console lines for record 'd74b28f3-a43d-4c5f-8dd3-3ee74c8abc41', success rate: 1/1.
[2026-08-06 07:42:23Z INFO JobServerQueue] Try to append 1 batches web console lines for record '5f6a5128-cfba-4c5d-ac4d-f1be90d80987', success rate: 1/1.
[2026-08-06 07:42:23Z INFO JobServerQueue] Try to upload 1 log files or attachments, success rate: 1/1.
[2026-08-06 07:42:24Z INFO JobServerQueue] Got a step log file to send to results service.
[2026-08-06 07:42:24Z INFO JobServerQueue] Starting upload of step log file to results service ResultsLog, D:\Cours\Cours Ipssi\Note\Devops\J3\actions-runner\_diag\blocks\abc8c8c6-61b1-4686-a8a5-219ccfd5dea6_d74b28f3-a43d-4c5f-8dd3-3ee74c8abc41.1
[2026-08-06 07:42:24Z INFO AddMaskCommandExtension] Add new secret mask with length of 32
[2026-08-06 07:42:24Z INFO JobServerQueue] Tried to upload 1 file(s) to results, success rate: 1/1.
[2026-08-06 07:42:24Z INFO JobServerQueue] Try to append 1 batches web console lines for record '5f6a5128-cfba-4c5d-ac4d-f1be90d80987', success rate: 1/1.
[2026-08-06 07:42:24Z INFO JobServerQueue] Try to append 1 batches web console lines for record '5f6a5128-cfba-4c5d-ac4d-f1be90d80987', success rate: 1/1.
[2026-08-06 07:42:24Z INFO JobServerQueue] Stop aggressive process web console line queue.
[2026-08-06 07:42:25Z INFO HostContext] Well known directory 'Bin': 'D:\Cours\Cours Ipssi\Note\Devops\J3\actions-runner\bin'
[2026-08-06 07:42:25Z INFO HostContext] Well known directory 'Root': 'D:\Cours\Cours Ipssi\Note\Devops\J3\actions-runner'
[2026-08-06 07:42:25Z INFO HostContext] Well known directory 'Work': 'D:\Cours\Cours Ipssi\Note\Devops\J3\actions-runner\_work'
[2026-08-06 07:42:26Z INFO ProcessInvokerWrapper] STDOUT/STDERR stream read finished.
[2026-08-06 07:42:26Z INFO ProcessInvokerWrapper] STDOUT/STDERR stream read finished.
[2026-08-06 07:42:26Z INFO ProcessInvokerWrapper] Finished process 34256 with exit code 0, and elapsed time 00:00:02.8586717.
[2026-08-06 07:42:26Z INFO CreateStepSummaryCommand] Step Summary file (D:\Cours\Cours Ipssi\Note\Devops\J3\actions-runner\_work\_temp\_runner_file_commands\step_summary_97b56866-0a42-4e1a-a264-da1cdf175451) is empty; skipping attachment upload
[2026-08-06 07:42:26Z INFO StepsRunner] Step result: 
[2026-08-06 07:42:26Z INFO ExecutionContext] Publish step telemetry for current step {
  "action": "actions/checkout",
  "ref": "v4",
  "type": "node24",
  "stage": "Post",
  "stepId": "5f6a5128-cfba-4c5d-ac4d-f1be90d80987",
  "result": "succeeded",
  "errorMessages": [
    "The process 'C:\\Program Files\\Git\\cmd\\git.exe' failed with exit code 128"
  ],
  "executionTimeInSeconds": 3,
  "startTime": "2026-08-06T07:42:23.78032Z",
  "finishTime": "2026-08-06T07:42:26.7061903Z"
}.
[2026-08-06 07:42:26Z INFO StepsRunner] No need for updating job result with current step result 'Succeeded'.
[2026-08-06 07:42:26Z INFO StepsRunner] Current state: job state = 'Failed'
[2026-08-06 07:42:26Z INFO JobRunner] Finalize job.
[2026-08-06 07:42:26Z INFO HostContext] Well known directory 'Bin': 'D:\Cours\Cours Ipssi\Note\Devops\J3\actions-runner\bin'
[2026-08-06 07:42:26Z INFO HostContext] Well known directory 'Root': 'D:\Cours\Cours Ipssi\Note\Devops\J3\actions-runner'
[2026-08-06 07:42:26Z INFO HostContext] Well known directory 'Diag': 'D:\Cours\Cours Ipssi\Note\Devops\J3\actions-runner\_diag'
[2026-08-06 07:42:26Z INFO HostContext] Well known directory 'Bin': 'D:\Cours\Cours Ipssi\Note\Devops\J3\actions-runner\bin'
[2026-08-06 07:42:26Z INFO HostContext] Well known directory 'Root': 'D:\Cours\Cours Ipssi\Note\Devops\J3\actions-runner'
[2026-08-06 07:42:26Z INFO HostContext] Well known directory 'Diag': 'D:\Cours\Cours Ipssi\Note\Devops\J3\actions-runner\_diag'
[2026-08-06 07:42:26Z INFO JobExtension] Initialize Env context
[2026-08-06 07:42:26Z INFO JobExtension] Initialize steps context
[2026-08-06 07:42:26Z INFO JobExtension] Total accessible running process: 333.
[2026-08-06 07:42:26Z INFO JobExtension] Inspecting process environment variables. PID: 21680 (opera)
[2026-08-06 07:42:26Z INFO JobExtension] Inspecting process environment variables. PID: 31680 (docker)
[2026-08-06 07:42:26Z INFO JobExtension] Inspecting process environment variables. PID: 7264 (conhost)
[2026-08-06 07:42:26Z INFO JobExtension] Inspecting process environment variables. PID: 27968 (docker)
[2026-08-06 07:42:26Z INFO JobExtension] Inspecting process environment variables. PID: 33828 (conhost)
[2026-08-06 07:42:26Z INFO JobExtension] Inspecting process environment variables. PID: 13496 (docker)
[2026-08-06 07:42:26Z INFO JobExtension] Inspecting process environment variables. PID: 12128 (conhost)
[2026-08-06 07:42:26Z INFO JobExtension] Wait for all connectivity checks to finish.
[2026-08-06 07:42:26Z INFO JobExtension] Connectivity check result: {
  "endpointUrl": "https://broker.actions.githubusercontent.com/health",
  "endpointIPs": null,
  "startTime": "2026-08-06T07:41:25.4726733Z",
  "statusCode": "http_OK",
  "requestId": "6975:17C5C4:1AFC5F7:1BBDB41:6A743AA5",
  "httpRequestDurationInMs": 318,
  "dnsResolutionDurationInMs": 0,
  "dnsError": null
}
[2026-08-06 07:42:26Z INFO JobExtension] Connectivity check result: {
  "endpointUrl": "https://token.actions.githubusercontent.com/ready",
  "endpointIPs": null,
  "startTime": "2026-08-06T07:41:25.4736874Z",
  "statusCode": "http_NoContent",
  "requestId": "4DC8:3716CA:3365CE7:3A23653:6A743AA5",
  "httpRequestDurationInMs": 281,
  "dnsResolutionDurationInMs": 0,
  "dnsError": null
}
[2026-08-06 07:42:26Z INFO JobExtension] Connectivity check result: {
  "endpointUrl": "https://run.actions.githubusercontent.com/health",
  "endpointIPs": null,
  "startTime": "2026-08-06T07:41:25.4739307Z",
  "statusCode": "http_OK",
  "requestId": "173E:7FB4E:1B1325D:1B64224:6A743AA5",
  "httpRequestDurationInMs": 302,
  "dnsResolutionDurationInMs": 0,
  "dnsError": null
}
[2026-08-06 07:42:26Z INFO JobExtension] Wait for all connectivity and DNS checks to finish.
[2026-08-06 07:42:26Z INFO JobExtension] Connectivity and DNS check result: {
  "endpointUrl": "https://github.com/_dns",
  "endpointIPs": [
    "140.82.121.3"
  ],
  "startTime": "2026-08-06T07:41:25.4742115Z",
  "statusCode": "http_OK",
  "requestId": null,
  "httpRequestDurationInMs": 68,
  "dnsResolutionDurationInMs": 8,
  "dnsError": null
}
[2026-08-06 07:42:26Z INFO JobExtension] Connectivity and DNS check result: {
  "endpointUrl": "https://api.github.com/_dns",
  "endpointIPs": [
    "140.82.121.5"
  ],
  "startTime": "2026-08-06T07:41:25.4755726Z",
  "statusCode": "http_OK",
  "requestId": null,
  "httpRequestDurationInMs": 63,
  "dnsResolutionDurationInMs": 7,
  "dnsError": null
}
[2026-08-06 07:42:26Z INFO JobExtension] Connectivity and DNS check result: {
  "endpointUrl": "https://codeload.github.com/_dns",
  "endpointIPs": [
    "140.82.121.9"
  ],
  "startTime": "2026-08-06T07:41:25.4761142Z",
  "statusCode": "http_OK",
  "requestId": "5BE1:BF813:7917B6:ACE25F:6A743AA5",
  "httpRequestDurationInMs": 179,
  "dnsResolutionDurationInMs": 2,
  "dnsError": null
}
[2026-08-06 07:42:26Z INFO JobExtension] Connectivity and DNS check result: {
  "endpointUrl": "https://pkg.github.com/_dns",
  "endpointIPs": [
    "140.82.121.33"
  ],
  "startTime": "2026-08-06T07:41:25.4767531Z",
  "statusCode": "http_OK",
  "requestId": "5BE2:209A1E:4381DF9:465CD4F:6A743AA5",
  "httpRequestDurationInMs": 256,
  "dnsResolutionDurationInMs": 33,
  "dnsError": null
}
[2026-08-06 07:42:26Z INFO JobExtension] Connectivity and DNS check result: {
  "endpointUrl": "https://copilot-proxy.githubusercontent.com/_dns",
  "endpointIPs": [
    "20.199.39.224"
  ],
  "startTime": "2026-08-06T07:41:25.4774847Z",
  "statusCode": "http_OK",
  "requestId": null,
  "httpRequestDurationInMs": 70,
  "dnsResolutionDurationInMs": 50,
  "dnsError": null
}
[2026-08-06 07:42:26Z INFO ExecutionContext] Publish step telemetry for current step {
  "action": "complete_job",
  "type": "runner",
  "stage": "Post",
  "stepId": "ac971f3a-4cdf-4206-9796-809bd36a2704",
  "result": "succeeded",
  "errorMessages": [
    "Node.js 20 is deprecated. The following actions target Node.js 20 but are being forced to run on Node.js 24: actions/checkout@v4, docker/login-action@v3. For more information see: https://github.blog/changelog/2025-09-19-deprecation-of-node-20-on-github-ac"
  ],
  "executionTimeInSeconds": 1,
  "startTime": "2026-08-06T07:42:26.7320147Z",
  "finishTime": "2026-08-06T07:42:26.7870681Z"
}.
[2026-08-06 07:42:26Z INFO JobRunner] Job result after all job steps finish: Failed
[2026-08-06 07:42:26Z INFO JobRunner] Completing the job execution context.
[2026-08-06 07:42:26Z INFO JobRunner] Shutting down the job server queue.
[2026-08-06 07:42:26Z INFO JobServerQueue] Fire signal to shutdown all queues.
[2026-08-06 07:42:27Z INFO JobServerQueue] All queue process task stopped.
[2026-08-06 07:42:27Z INFO JobServerQueue] Try to append 1 batches web console lines for record '5f6a5128-cfba-4c5d-ac4d-f1be90d80987', success rate: 1/1.
[2026-08-06 07:42:27Z INFO JobServerQueue] Try to append 1 batches web console lines for record 'ac971f3a-4cdf-4206-9796-809bd36a2704', success rate: 1/1.
[2026-08-06 07:42:27Z INFO JobServerQueue] Web console line queue drained.
[2026-08-06 07:42:27Z INFO JobServerQueue] Uploading 3 files in one shot.
[2026-08-06 07:42:27Z INFO JobServerQueue] Try to upload 3 log files or attachments, success rate: 3/3.
[2026-08-06 07:42:27Z INFO JobServerQueue] File upload queue drained.
[2026-08-06 07:42:27Z INFO JobServerQueue] Starting results-based upload queue...
[2026-08-06 07:42:27Z INFO JobServerQueue] Uploading 3 file(s) in one shot through results service.
[2026-08-06 07:42:27Z INFO JobServerQueue] Got a step log file to send to results service.
[2026-08-06 07:42:27Z INFO JobServerQueue] Starting upload of step log file to results service ResultsLog, D:\Cours\Cours Ipssi\Note\Devops\J3\actions-runner\_diag\blocks\abc8c8c6-61b1-4686-a8a5-219ccfd5dea6_5f6a5128-cfba-4c5d-ac4d-f1be90d80987.1
[2026-08-06 07:42:27Z INFO JobServerQueue] Got a step log file to send to results service.
[2026-08-06 07:42:27Z INFO JobServerQueue] Starting upload of step log file to results service ResultsLog, D:\Cours\Cours Ipssi\Note\Devops\J3\actions-runner\_diag\blocks\abc8c8c6-61b1-4686-a8a5-219ccfd5dea6_ac971f3a-4cdf-4206-9796-809bd36a2704.1
[2026-08-06 07:42:28Z INFO JobServerQueue] Got a job log file to send to results service.
[2026-08-06 07:42:28Z INFO JobServerQueue] Starting upload of job log file to results service ResultsLog, D:\Cours\Cours Ipssi\Note\Devops\J3\actions-runner\_diag\blocks\abc8c8c6-61b1-4686-a8a5-219ccfd5dea6_8b825631-cd35-59d5-9c6d-3e00fb276019.1
[2026-08-06 07:42:28Z INFO JobServerQueue] Tried to upload 3 file(s) to results, success rate: 3/3.
[2026-08-06 07:42:28Z INFO JobServerQueue] Results upload queue drained.
[2026-08-06 07:42:28Z INFO JobServerQueue] Timeline update queue drained.
[2026-08-06 07:42:28Z INFO JobServerQueue] Disposing job server ...
[2026-08-06 07:42:28Z INFO JobServerQueue] Disposing results server ...
[2026-08-06 07:42:28Z INFO JobServerQueue] All queue process tasks have been stopped, and all queues are drained.
[2026-08-06 07:42:28Z INFO TempDirectoryManager] Cleaning runner temp folder: D:\Cours\Cours Ipssi\Note\Devops\J3\actions-runner\_work\_temp
[2026-08-06 07:42:28Z INFO HostContext] Well known directory 'Bin': 'D:\Cours\Cours Ipssi\Note\Devops\J3\actions-runner\bin'
[2026-08-06 07:42:28Z INFO HostContext] Well known directory 'Root': 'D:\Cours\Cours Ipssi\Note\Devops\J3\actions-runner'
[2026-08-06 07:42:28Z INFO HostContext] Well known directory 'Diag': 'D:\Cours\Cours Ipssi\Note\Devops\J3\actions-runner\_diag'
[2026-08-06 07:42:28Z INFO HostContext] Well known config file 'Telemetry': 'D:\Cours\Cours Ipssi\Note\Devops\J3\actions-runner\_diag\.telemetry'
[2026-08-06 07:42:28Z INFO JobRunner] Raising job completed against run service
[2026-08-06 07:42:28Z INFO Worker] Job completed.
