[2026-08-05 15:23:01Z INFO HostContext] No proxy settings were found based on environmental variables (http_proxy/https_proxy/HTTP_PROXY/HTTPS_PROXY)
[2026-08-05 15:23:01Z INFO HostContext] Well known directory 'Bin': 'D:\Cours\Cours Ipssi\Note\Devops\J3\actions-runner\bin'
[2026-08-05 15:23:01Z INFO HostContext] Well known directory 'Root': 'D:\Cours\Cours Ipssi\Note\Devops\J3\actions-runner'
[2026-08-05 15:23:01Z INFO HostContext] Well known config file 'Credentials': 'D:\Cours\Cours Ipssi\Note\Devops\J3\actions-runner\.credentials'
[2026-08-05 15:23:01Z INFO HostContext] Well known directory 'Bin': 'D:\Cours\Cours Ipssi\Note\Devops\J3\actions-runner\bin'
[2026-08-05 15:23:01Z INFO HostContext] Well known directory 'Root': 'D:\Cours\Cours Ipssi\Note\Devops\J3\actions-runner'
[2026-08-05 15:23:01Z INFO HostContext] Well known config file 'Runner': 'D:\Cours\Cours Ipssi\Note\Devops\J3\actions-runner\.runner'
[2026-08-05 15:23:01Z INFO Worker] Version: 2.336.0
[2026-08-05 15:23:01Z INFO Worker] Commit: 98aabcd429c4e8402406c56ce2d26387fed3b9ce
[2026-08-05 15:23:01Z INFO Worker] Culture: fr-FR
[2026-08-05 15:23:01Z INFO Worker] UI Culture: fr-FR
[2026-08-05 15:23:01Z INFO Worker] Waiting to receive the job message from the channel.
[2026-08-05 15:23:01Z INFO ProcessChannel] Receiving message of length 23954, with hash '517f736b7abf1f576e53b025bf4772ae22b39dad2747ecea7988c500010faa89'
[2026-08-05 15:23:01Z INFO Worker] Message received.
[2026-08-05 15:23:02Z INFO Worker] Job message:
 {
  "fileTable": [
    ".github/workflows/docker-image.yml"
  ],
  "mask": [
    {
      "type": "regex",
      "value": "***"
    },
    {
      "type": "regex",
      "value": "***"
    },
    {
      "type": "regex",
      "value": "***"
    },
    {
      "type": "regex",
      "value": "***"
    },
    {
      "type": "regex",
      "value": "***"
    },
    {
      "type": "regex",
      "value": "***"
    },
    {
      "type": "regex",
      "value": "***"
    },
    {
      "type": "regex",
      "value": "***"
    },
    {
      "type": "regex",
      "value": "***"
    },
    {
      "type": "regex",
      "value": "***"
    },
    {
      "type": "regex",
      "value": "***"
    },
    {
      "type": "regex",
      "value": "***"
    },
    {
      "type": "regex",
      "value": "***"
    },
    {
      "type": "regex",
      "value": "***"
    },
    {
      "type": "regex",
      "value": "***"
    },
    {
      "type": "regex",
      "value": "***"
    },
    {
      "type": "regex",
      "value": "***"
    },
    {
      "type": "regex",
      "value": "***"
    },
    {
      "type": "regex",
      "value": "***"
    },
    {
      "type": "regex",
      "value": "***"
    },
    {
      "type": "regex",
      "value": "***"
    },
    {
      "type": "regex",
      "value": "***"
    },
    {
      "type": "regex",
      "value": "***"
    }
  ],
  "steps": [
    {
      "type": "action",
      "reference": {
        "type": "repository",
        "name": "actions/checkout",
        "ref": "v4",
        "repositoryType": "GitHub"
      },
      "contextName": "__actions_checkout",
      "condition": "success()",
      "id": "12da13bc-d3e8-43eb-b992-0fdbc5345383",
      "name": "__actions_checkout"
    },
    {
      "type": "action",
      "reference": {
        "type": "repository",
        "name": "docker/login-action",
        "ref": "v3",
        "repositoryType": "GitHub"
      },
      "contextName": "__docker_login-action",
      "inputs": {
        "type": 2,
        "file": 1,
        "line": 19,
        "col": 9,
        "map": [
          {
            "key": {
              "type": 0,
              "file": 1,
              "line": 19,
              "col": 9,
              "lit": "username"
            },
            "value": {
              "type": 3,
              "file": 1,
              "line": 19,
              "col": 19,
              "expr": "secrets.DOCKERHUB_USERNAME"
            }
          },
          {
            "key": {
              "type": 0,
              "file": 1,
              "line": 20,
              "col": 9,
              "lit": "password"
            },
            "value": {
              "type": 3,
              "file": 1,
              "line": 20,
              "col": 19,
              "expr": "secrets.DOCKERHUB_TOKEN"
            }
          }
        ]
      },
      "condition": "success()",
      "id": "a217d17e-5592-48b7-90db-76e68a1d172f",
      "name": "__docker_login-action"
    },
    {
      "type": "action",
      "reference": {
        "type": "script"
      },
      "contextName": "__run",
      "inputs": {
        "type": 2,
        "map": [
          {
            "key": "script",
            "value": {
              "type": 0,
              "file": 1,
              "line": 22,
              "col": 12,
              "lit": "npm install"
            }
          }
        ]
      },
      "condition": "success()",
      "id": "fe04450a-5a80-4f97-8f05-22774d3629a0",
      "name": "__run"
    },
    {
      "type": "action",
      "reference": {
        "type": "script"
      },
      "contextName": "__run_2",
      "inputs": {
        "type": 2,
        "map": [
          {
            "key": "script",
            "value": {
              "type": 0,
              "file": 1,
              "line": 23,
              "col": 12,
              "lit": "npm run test"
            }
          }
        ]
      },
      "condition": "success()",
      "id": "4d3ee38d-8343-48ab-b54a-432eb74980bf",
      "name": "__run_2"
    },
    {
      "type": "action",
      "reference": {
        "type": "script"
      },
      "displayNameToken": {
        "type": 0,
        "file": 1,
        "line": 25,
        "col": 13,
        "lit": "Build the Docker image"
      },
      "contextName": "__run_3",
      "inputs": {
        "type": 2,
        "map": [
          {
            "key": "script",
            "value": {
              "type": 0,
              "file": 1,
              "line": 26,
              "col": 12,
              "lit": "docker build . --file Dockerfile --tag j3-todo-api:latest"
            }
          }
        ]
      },
      "condition": "success()",
      "id": "1d7441d4-cf3c-407c-be86-c268839d3c6c",
      "name": "__run_3"
    },
    {
      "type": "action",
      "reference": {
        "type": "script"
      },
      "displayNameToken": {
        "type": 0,
        "file": 1,
        "line": 28,
        "col": 13,
        "lit": "Add tag before push"
      },
      "contextName": "__run_4",
      "inputs": {
        "type": 2,
        "map": [
          {
            "key": "script",
            "value": {
              "type": 3,
              "file": 1,
              "line": 29,
              "col": 12,
              "expr": "format('docker tag j3-todo-api:latest {0}/j3-todo-api:latest', secrets.DOCKERHUB_USERNAME)"
            }
          }
        ]
      },
      "condition": "success()",
      "id": "10780622-79bf-47ea-afff-36568a665a47",
      "name": "__run_4"
    },
    {
      "type": "action",
      "reference": {
        "type": "script"
      },
      "displayNameToken": {
        "type": 0,
        "file": 1,
        "line": 31,
        "col": 13,
        "lit": "Push on Docker Hub"
      },
      "contextName": "__run_5",
      "inputs": {
        "type": 2,
        "map": [
          {
            "key": "script",
            "value": {
              "type": 3,
              "file": 1,
              "line": 32,
              "col": 12,
              "expr": "format('docker push {0}/j3-todo-api:latest', secrets.DOCKERHUB_USERNAME)"
            }
          }
        ]
      },
      "condition": "success()",
      "id": "e96748a6-d1c3-4ca7-88b4-81407e1ffdbb",
      "name": "__run_5"
    }
  ],
  "variables": {
    "Actions.EnableHttpRedirects": {
      "value": "true"
    },
    "DOCKERHUB_TOKEN": {
      "value": "***",
      "isSecret": true
    },
    "DOCKERHUB_USERNAME": {
      "value": "***",
      "isSecret": true
    },
    "DistributedTask.AddWarningToNode12Action": {
      "value": "true"
    },
    "DistributedTask.AddWarningToNode16Action": {
      "value": "true"
    },
    "DistributedTask.AllowRunnerContainerHooks": {
      "value": "true"
    },
    "DistributedTask.DeprecateStepOutputCommands": {
      "value": "true"
    },
    "DistributedTask.DetailUntarFailure": {
      "value": "true"
    },
    "DistributedTask.EnableCompositeActions": {
      "value": "true"
    },
    "DistributedTask.EnableJobServerQueueTelemetry": {
      "value": "true"
    },
    "DistributedTask.EnhancedAnnotations": {
      "value": "true"
    },
    "DistributedTask.ForceGithubJavascriptActionsToNode16": {
      "value": "true"
    },
    "DistributedTask.ForceGithubJavascriptActionsToNode20": {
      "value": "true"
    },
    "DistributedTask.LogTemplateErrorsAsDebugMessages": {
      "value": "true"
    },
    "DistributedTask.MarkJobAsFailedOnWorkerCrash": {
      "value": "true"
    },
    "DistributedTask.NewActionMetadata": {
      "value": "true"
    },
    "DistributedTask.UploadStepSummary": {
      "value": "true"
    },
    "DistributedTask.UseActionArchiveCache": {
      "value": "true"
    },
    "DistributedTask.UseWhich2": {
      "value": "true"
    },
    "RunService.FixEmbeddedIssues": {
      "value": "true"
    },
    "actions.runner.requirenode24": {
      "value": "false"
    },
    "actions.runner.usenode24bydefault": {
      "value": "true"
    },
    "actions.runner.warnonnode20": {
      "value": "true"
    },
    "actions_add_check_run_id_to_job_context": {
      "value": "true"
    },
    "actions_batch_action_resolution": {
      "value": "false"
    },
    "actions_container_action_runner_temp": {
      "value": "true"
    },
    "actions_display_helpful_actions_download_errors": {
      "value": "true"
    },
    "actions_runner_allow_artifacts_file": {
      "value": "false"
    },
    "actions_runner_compare_workflow_parser": {
      "value": "false"
    },
    "actions_runner_deprecate_linux_arm32": {
      "value": "true"
    },
    "actions_runner_emit_composite_markers": {
      "value": "true"
    },
    "actions_runner_kill_linux_arm32": {
      "value": "false"
    },
    "actions_runner_node20_removal_date": {
      "value": ""
    },
    "actions_runner_node24_default_date": {
      "value": "June 16th, 2026"
    },
    "actions_self_repository": {
      "value": "true"
    },
    "actions_service_container_command": {
      "value": "true"
    },
    "actions_set_orchestration_id_env_for_actions": {
      "value": "true"
    },
    "actions_skip_retry_complete_job_upon_known_errors": {
      "value": "true"
    },
    "actions_snapshot_preflight_hosted_runner_check": {
      "value": "false"
    },
    "actions_snapshot_preflight_image_gen_pool_check": {
      "value": "false"
    },
    "actions_use_bearer_token_for_codeload": {
      "value": "false"
    },
    "actions_uses_cache_service_v2": {
      "value": "true"
    },
    "github_token": {
      "value": "***",
      "isSecret": true
    },
    "system.from_run_service": {
      "value": "true"
    },
    "system.github.job": {
      "value": "deploy"
    },
    "system.github.launch_endpoint": {
      "value": "https://launch.actions.githubusercontent.com"
    },
    "system.github.results_endpoint": {
      "value": "https://results-receiver.actions.githubusercontent.com/"
    },
    "system.github.results_upload_with_sdk": {
      "value": "true"
    },
    "system.github.token": {
      "value": "***",
      "isSecret": true
    },
    "system.github.token.permissions": {
      "value": "{\"Contents\":\"read\",\"Metadata\":\"read\",\"Packages\":\"read\"}"
    },
    "system.orchestrationId": {
      "value": "4f1ff05d-0d3b-4999-9e78-61cc0f2ec3a4.deploy.__default"
    },
    "system.phaseDisplayName": {
      "value": "deploy"
    },
    "system.runner.lowdiskspacethreshold": {
      "value": "100"
    },
    "system.runnerEnvironment": {
      "value": "self-hosted"
    },
    "system.runnerGroupName": {
      "value": "Default"
    }
  },
  "messageType": "RunnerJobRequest",
  "plan": {
    "scopeIdentifier": "00000000-0000-0000-0000-000000000000",
    "planType": "actions",
    "version": 0,
    "planId": "4f1ff05d-0d3b-4999-9e78-61cc0f2ec3a4",
    "planGroup": null,
    "artifactUri": null,
    "artifactLocation": null,
    "definition": null,
    "owner": null
  },
  "timeline": {
    "id": "4f1ff05d-0d3b-4999-9e78-61cc0f2ec3a4",
    "changeId": 0,
    "location": null
  },
  "jobId": "88994db9-68a4-5a99-8917-c6db88f4b3ae",
  "jobDisplayName": "deploy",
  "jobName": "__default",
  "requestId": 0,
  "lockedUntil": "0001-01-01T00:00:00",
  "resources": {
    "endpoints": [
      {
        "data": {
          "ServerId": "",
          "ServerName": "",
          "CacheServerUrl": "https://artifactcache.actions.githubusercontent.com/PfcbL4RL6VgiK9SfvdOIMRNGuEt8QaJljcZuldyiADFFwNs1G7/",
          "FeedStreamUrl": "wss://results-receiver.actions.githubusercontent.com/_ws/ingest.sock",
          "ResultsServiceUrl": "https://results-receiver.actions.githubusercontent.com/",
          "PipelinesServiceUrl": "https://pipelinesghubeus23.actions.githubusercontent.com/PfcbL4RL6VgiK9SfvdOIMRNGuEt8QaJljcZuldyiADFFwNs1G7/",
          "GenerateIdTokenUrl": "",
          "ConnectivityChecks": "[\"https://broker.actions.githubusercontent.com/health\",\"https://token.actions.githubusercontent.com/ready\",\"https://run.actions.githubusercontent.com/health\"]",
          "ConnectivityAndDNSChecks": ""
        },
        "name": "SystemVssConnection",
        "url": "https://run-actions-1-azure-eastus.actions.githubusercontent.com/164/",
        "authorization": {
          "parameters": {
            "AccessToken": "***"
          },
          "scheme": "OAuth"
        },
        "isShared": false,
        "isReady": true
      }
    ]
  },
  "contextData": {
    "github": {
      "t": 2,
      "d": [
        {
          "k": "ref",
          "v": "refs/heads/main"
        },
        {
          "k": "sha",
          "v": "38dfad1d912bb78f70d674f69b1fe22175e2d57f"
        },
        {
          "k": "repository",
          "v": "***/J3_cours_devops"
        },
        {
          "k": "repository_owner",
          "v": "***"
        },
        {
          "k": "repository_owner_id",
          "v": "159887743"
        },
        {
          "k": "repositoryUrl",
          "v": "git://github.com/***/J3_cours_devops.git"
        },
        {
          "k": "run_id",
          "v": "31020001005"
        },
        {
          "k": "run_number",
          "v": "5"
        },
        {
          "k": "retention_days",
          "v": "90"
        },
        {
          "k": "run_attempt",
          "v": "1"
        },
        {
          "k": "artifact_cache_size_limit",
          "v": "10"
        },
        {
          "k": "repository_visibility",
          "v": "public"
        },
        {
          "k": "actor_id",
          "v": "159887743"
        },
        {
          "k": "actor",
          "v": "***"
        },
        {
          "k": "workflow",
          "v": "Docker Image CI"
        },
        {
          "k": "head_ref",
          "v": ""
        },
        {
          "k": "base_ref",
          "v": ""
        },
        {
          "k": "event_name",
          "v": "push"
        },
        {
          "k": "server_url",
          "v": "https://github.com"
        },
        {
          "k": "api_url",
          "v": "https://api.github.com"
        },
        {
          "k": "graphql_url",
          "v": "https://api.github.com/graphql"
        },
        {
          "k": "ref_name",
          "v": "main"
        },
        {
          "k": "ref_protected",
          "v": false
        },
        {
          "k": "ref_type",
          "v": "branch"
        },
        {
          "k": "secret_source",
          "v": "Actions"
        },
        {
          "k": "event",
          "v": {
            "t": 2,
            "d": [
              {
                "k": "after",
                "v": "38dfad1d912bb78f70d674f69b1fe22175e2d57f"
              },
              {
                "k": "base_ref",
                "v": null
              },
              {
                "k": "before",
                "v": "b7a975918c982b801419069a13c7bccfc5dc6ad8"
              },
              {
                "k": "commits",
                "v": {
                  "t": 1,
                  "a": [
                    {
                      "t": 2,
                      "d": [
                        {
                          "k": "author",
                          "v": {
                            "t": 2,
                            "d": [
                              {
                                "k": "email",
                                "v": "denisurgel04@gmail.com"
                              },
                              {
                                "k": "name",
                                "v": "Denis"
                              },
                              {
                                "k": "username",
                                "v": "***"
                              }
                            ]
                          }
                        },
                        {
                          "k": "committer",
                          "v": {
                            "t": 2,
                            "d": [
                              {
                                "k": "email",
                                "v": "denisurgel04@gmail.com"
                              },
                              {
                                "k": "name",
                                "v": "Denis"
                              },
                              {
                                "k": "username",
                                "v": "***"
                              }
                            ]
                          }
                        },
                        {
                          "k": "distinct",
                          "v": true
                        },
                        {
                          "k": "id",
                          "v": "38dfad1d912bb78f70d674f69b1fe22175e2d57f"
                        },
                        {
                          "k": "message",
                          "v": "changement build en deploy"
                        },
                        {
                          "k": "timestamp",
                          "v": "2026-08-05T17:22:48+02:00"
                        },
                        {
                          "k": "tree_id",
                          "v": "c38d78d05c605d4626dbf35d66ba47ffa30bc1d6"
                        },
                        {
                          "k": "url",
                          "v": "https://github.com/***/J3_cours_devops/commit/38dfad1d912bb78f70d674f69b1fe22175e2d57f"
                        }
                      ]
                    }
                  ]
                }
              },
              {
                "k": "compare",
                "v": "https://github.com/***/J3_cours_devops/compare/b7a975918c98...38dfad1d912b"
              },
              {
                "k": "created",
                "v": false
              },
              {
                "k": "deleted",
                "v": false
              },
              {
                "k": "forced",
                "v": false
              },
              {
                "k": "head_commit",
                "v": {
                  "t": 2,
                  "d": [
                    {
                      "k": "author",
                      "v": {
                        "t": 2,
                        "d": [
                          {
                            "k": "email",
                            "v": "denisurgel04@gmail.com"
                          },
                          {
                            "k": "name",
                            "v": "Denis"
                          },
                          {
                            "k": "username",
                            "v": "***"
                          }
                        ]
                      }
                    },
                    {
                      "k": "committer",
                      "v": {
                        "t": 2,
                        "d": [
                          {
                            "k": "email",
                            "v": "denisurgel04@gmail.com"
                          },
                          {
                            "k": "name",
                            "v": "Denis"
                          },
                          {
                            "k": "username",
                            "v": "***"
                          }
                        ]
                      }
                    },
                    {
                      "k": "distinct",
                      "v": true
                    },
                    {
                      "k": "id",
                      "v": "38dfad1d912bb78f70d674f69b1fe22175e2d57f"
                    },
                    {
                      "k": "message",
                      "v": "changement build en deploy"
                    },
                    {
                      "k": "timestamp",
                      "v": "2026-08-05T17:22:48+02:00"
                    },
                    {
                      "k": "tree_id",
                      "v": "c38d78d05c605d4626dbf35d66ba47ffa30bc1d6"
                    },
                    {
                      "k": "url",
                      "v": "https://github.com/***/J3_cours_devops/commit/38dfad1d912bb78f70d674f69b1fe22175e2d57f"
                    }
                  ]
                }
              },
              {
                "k": "pusher",
                "v": {
                  "t": 2,
                  "d": [
                    {
                      "k": "email",
                      "v": "159887743+***@users.noreply.github.com"
                    },
                    {
                      "k": "name",
                      "v": "***"
                    }
                  ]
                }
              },
              {
                "k": "ref",
                "v": "refs/heads/main"
              },
              {
                "k": "repository",
                "v": {
                  "t": 2,
                  "d": [
                    {
                      "k": "allow_forking",
                      "v": true
                    },
                    {
                      "k": "archive_url",
                      "v": "https://api.github.com/repos/***/J3_cours_devops/{archive_format}{/ref}"
                    },
                    {
                      "k": "archived",
                      "v": false
                    },
                    {
                      "k": "assignees_url",
                      "v": "https://api.github.com/repos/***/J3_cours_devops/assignees{/user}"
                    },
                    {
                      "k": "blobs_url",
                      "v": "https://api.github.com/repos/***/J3_cours_devops/git/blobs{/sha}"
                    },
                    {
                      "k": "branches_url",
                      "v": "https://api.github.com/repos/***/J3_cours_devops/branches{/branch}"
                    },
                    {
                      "k": "clone_url",
                      "v": "https://github.com/***/J3_cours_devops.git"
                    },
                    {
                      "k": "collaborators_url",
                      "v": "https://api.github.com/repos/***/J3_cours_devops/collaborators{/collaborator}"
                    },
                    {
                      "k": "comments_url",
                      "v": "https://api.github.com/repos/***/J3_cours_devops/comments{/number}"
                    },
                    {
                      "k": "commits_url",
                      "v": "https://api.github.com/repos/***/J3_cours_devops/commits{/sha}"
                    },
                    {
                      "k": "compare_url",
                      "v": "https://api.github.com/repos/***/J3_cours_devops/compare/{base}...{head}"
                    },
                    {
                      "k": "contents_url",
                      "v": "https://api.github.com/repos/***/J3_cours_devops/contents/{+path}"
                    },
                    {
                      "k": "contributors_url",
                      "v": "https://api.github.com/repos/***/J3_cours_devops/contributors"
                    },
                    {
                      "k": "created_at",
                      "v": 1785938108.0
                    },
                    {
                      "k": "default_branch",
                      "v": "main"
                    },
                    {
                      "k": "deployments_url",
                      "v": "https://api.github.com/repos/***/J3_cours_devops/deployments"
                    },
                    {
                      "k": "description",
                      "v": null
                    },
                    {
                      "k": "disabled",
                      "v": false
                    },
                    {
                      "k": "downloads_url",
                      "v": "https://api.github.com/repos/***/J3_cours_devops/downloads"
                    },
                    {
                      "k": "events_url",
                      "v": "https://api.github.com/repos/***/J3_cours_devops/events"
                    },
                    {
                      "k": "fork",
                      "v": false
                    },
                    {
                      "k": "forks",
                      "v": 0.0
                    },
                    {
                      "k": "forks_count",
                      "v": 0.0
                    },
                    {
                      "k": "forks_url",
                      "v": "https://api.github.com/repos/***/J3_cours_devops/forks"
                    },
                    {
                      "k": "full_name",
                      "v": "***/J3_cours_devops"
                    },
                    {
                      "k": "git_commits_url",
                      "v": "https://api.github.com/repos/***/J3_cours_devops/git/commits{/sha}"
                    },
                    {
                      "k": "git_refs_url",
                      "v": "https://api.github.com/repos/***/J3_cours_devops/git/refs{/sha}"
                    },
                    {
                      "k": "git_tags_url",
                      "v": "https://api.github.com/repos/***/J3_cours_devops/git/tags{/sha}"
                    },
                    {
                      "k": "git_url",
                      "v": "git://github.com/***/J3_cours_devops.git"
                    },
                    {
                      "k": "has_discussions",
                      "v": false
                    },
                    {
                      "k": "has_downloads",
                      "v": true
                    },
                    {
                      "k": "has_issues",
                      "v": true
                    },
                    {
                      "k": "has_pages",
                      "v": false
                    },
                    {
                      "k": "has_projects",
                      "v": true
                    },
                    {
                      "k": "has_pull_requests",
                      "v": true
                    },
                    {
                      "k": "has_wiki",
                      "v": true
                    },
                    {
                      "k": "homepage",
                      "v": null
                    },
                    {
                      "k": "hooks_url",
                      "v": "https://api.github.com/repos/***/J3_cours_devops/hooks"
                    },
                    {
                      "k": "html_url",
                      "v": "https://github.com/***/J3_cours_devops"
                    },
                    {
                      "k": "id",
                      "v": 1324109649.0
                    },
                    {
                      "k": "is_template",
                      "v": false
                    },
                    {
                      "k": "issue_comment_url",
                      "v": "https://api.github.com/repos/***/J3_cours_devops/issues/comments{/number}"
                    },
                    {
                      "k": "issue_events_url",
                      "v": "https://api.github.com/repos/***/J3_cours_devops/issues/events{/number}"
                    },
                    {
                      "k": "issues_url",
                      "v": "https://api.github.com/repos/***/J3_cours_devops/issues{/number}"
                    },
                    {
                      "k": "keys_url",
                      "v": "https://api.github.com/repos/***/J3_cours_devops/keys{/key_id}"
                    },
                    {
                      "k": "labels_url",
                      "v": "https://api.github.com/repos/***/J3_cours_devops/labels{/name}"
                    },
                    {
                      "k": "language",
                      "v": "JavaScript"
                    },
                    {
                      "k": "languages_url",
                      "v": "https://api.github.com/repos/***/J3_cours_devops/languages"
                    },
                    {
                      "k": "license",
                      "v": null
                    },
                    {
                      "k": "master_branch",
                      "v": "main"
                    },
                    {
                      "k": "merges_url",
                      "v": "https://api.github.com/repos/***/J3_cours_devops/merges"
                    },
                    {
                      "k": "milestones_url",
                      "v": "https://api.github.com/repos/***/J3_cours_devops/milestones{/number}"
                    },
                    {
                      "k": "mirror_url",
                      "v": null
                    },
                    {
                      "k": "name",
                      "v": "J3_cours_devops"
                    },
                    {
                      "k": "node_id",
                      "v": "R_kgDOTuxPUQ"
                    },
                    {
                      "k": "notifications_url",
                      "v": "https://api.github.com/repos/***/J3_cours_devops/notifications{?since,all,participating}"
                    },
                    {
                      "k": "open_issues",
                      "v": 0.0
                    },
                    {
                      "k": "open_issues_count",
                      "v": 0.0
                    },
                    {
                      "k": "owner",
                      "v": {
                        "t": 2,
                        "d": [
                          {
                            "k": "avatar_url",
                            "v": "https://avatars.githubusercontent.com/u/159887743?v=4"
                          },
                          {
                            "k": "email",
                            "v": "159887743+***@users.noreply.github.com"
                          },
                          {
                            "k": "events_url",
                            "v": "https://api.github.com/users/***/events{/privacy}"
                          },
                          {
                            "k": "followers_url",
                            "v": "https://api.github.com/users/***/followers"
                          },
                          {
                            "k": "following_url",
                            "v": "https://api.github.com/users/***/following{/other_user}"
                          },
                          {
                            "k": "gists_url",
                            "v": "https://api.github.com/users/***/gists{/gist_id}"
                          },
                          {
                            "k": "gravatar_id",
                            "v": ""
                          },
                          {
                            "k": "html_url",
                            "v": "https://github.com/***"
                          },
                          {
                            "k": "id",
                            "v": 159887743.0
                          },
                          {
                            "k": "login",
                            "v": "***"
                          },
                          {
                            "k": "name",
                            "v": "***"
                          },
                          {
                            "k": "node_id",
                            "v": "U_kgDOCYexfw"
                          },
                          {
                            "k": "organizations_url",
                            "v": "https://api.github.com/users/***/orgs"
                          },
                          {
                            "k": "received_events_url",
                            "v": "https://api.github.com/users/***/received_events"
                          },
                          {
                            "k": "repos_url",
                            "v": "https://api.github.com/users/***/repos"
                          },
                          {
                            "k": "site_admin",
                            "v": false
                          },
                          {
                            "k": "starred_url",
                            "v": "https://api.github.com/users/***/starred{/owner}{/repo}"
                          },
                          {
                            "k": "subscriptions_url",
                            "v": "https://api.github.com/users/***/subscriptions"
                          },
                          {
                            "k": "type",
                            "v": "User"
                          },
                          {
                            "k": "url",
                            "v": "https://api.github.com/users/***"
                          },
                          {
                            "k": "user_view_type",
                            "v": "public"
                          }
                        ]
                      }
                    },
                    {
                      "k": "private",
                      "v": false
                    },
                    {
                      "k": "pull_request_creation_policy",
                      "v": "all"
                    },
                    {
                      "k": "pulls_url",
                      "v": "https://api.github.com/repos/***/J3_cours_devops/pulls{/number}"
                    },
                    {
                      "k": "pushed_at",
                      "v": 1785943375.0
                    },
                    {
                      "k": "releases_url",
                      "v": "https://api.github.com/repos/***/J3_cours_devops/releases{/id}"
                    },
                    {
                      "k": "size",
                      "v": 52.0
                    },
                    {
                      "k": "ssh_url",
                      "v": "git@github.com:***/J3_cours_devops.git"
                    },
                    {
                      "k": "stargazers",
                      "v": 0.0
                    },
                    {
                      "k": "stargazers_count",
                      "v": 0.0
                    },
                    {
                      "k": "stargazers_url",
                      "v": "https://api.github.com/repos/***/J3_cours_devops/stargazers"
                    },
                    {
                      "k": "statuses_url",
                      "v": "https://api.github.com/repos/***/J3_cours_devops/statuses/{sha}"
                    },
                    {
                      "k": "subscribers_url",
                      "v": "https://api.github.com/repos/***/J3_cours_devops/subscribers"
                    },
                    {
                      "k": "subscription_url",
                      "v": "https://api.github.com/repos/***/J3_cours_devops/subscription"
                    },
                    {
                      "k": "svn_url",
                      "v": "https://github.com/***/J3_cours_devops"
                    },
                    {
                      "k": "tags_url",
                      "v": "https://api.github.com/repos/***/J3_cours_devops/tags"
                    },
                    {
                      "k": "teams_url",
                      "v": "https://api.github.com/repos/***/J3_cours_devops/teams"
                    },
                    {
                      "k": "topics",
                      "v": {
                        "t": 1
                      }
                    },
                    {
                      "k": "trees_url",
                      "v": "https://api.github.com/repos/***/J3_cours_devops/git/trees{/sha}"
                    },
                    {
                      "k": "updated_at",
                      "v": "2026-08-05T15:21:11Z"
                    },
                    {
                      "k": "url",
                      "v": "https://api.github.com/repos/***/J3_cours_devops"
                    },
                    {
                      "k": "visibility",
                      "v": "public"
                    },
                    {
                      "k": "watchers",
                      "v": 0.0
                    },
                    {
                      "k": "watchers_count",
                      "v": 0.0
                    },
                    {
                      "k": "web_commit_signoff_required",
                      "v": false
                    }
                  ]
                }
              },
              {
                "k": "sender",
                "v": {
                  "t": 2,
                  "d": [
                    {
                      "k": "avatar_url",
                      "v": "https://avatars.githubusercontent.com/u/159887743?v=4"
                    },
                    {
                      "k": "events_url",
                      "v": "https://api.github.com/users/***/events{/privacy}"
                    },
                    {
                      "k": "followers_url",
                      "v": "https://api.github.com/users/***/followers"
                    },
                    {
                      "k": "following_url",
                      "v": "https://api.github.com/users/***/following{/other_user}"
                    },
                    {
                      "k": "gists_url",
                      "v": "https://api.github.com/users/***/gists{/gist_id}"
                    },
                    {
                      "k": "gravatar_id",
                      "v": ""
                    },
                    {
                      "k": "html_url",
                      "v": "https://github.com/***"
                    },
                    {
                      "k": "id",
                      "v": 159887743.0
                    },
                    {
                      "k": "login",
                      "v": "***"
                    },
                    {
                      "k": "node_id",
                      "v": "U_kgDOCYexfw"
                    },
                    {
                      "k": "organizations_url",
                      "v": "https://api.github.com/users/***/orgs"
                    },
                    {
                      "k": "received_events_url",
                      "v": "https://api.github.com/users/***/received_events"
                    },
                    {
                      "k": "repos_url",
                      "v": "https://api.github.com/users/***/repos"
                    },
                    {
                      "k": "site_admin",
                      "v": false
                    },
                    {
                      "k": "starred_url",
                      "v": "https://api.github.com/users/***/starred{/owner}{/repo}"
                    },
                    {
                      "k": "subscriptions_url",
                      "v": "https://api.github.com/users/***/subscriptions"
                    },
                    {
                      "k": "type",
                      "v": "User"
                    },
                    {
                      "k": "url",
                      "v": "https://api.github.com/users/***"
                    },
                    {
                      "k": "user_view_type",
                      "v": "public"
                    }
                  ]
                }
              }
            ]
          }
        },
        {
          "k": "workflow_ref",
          "v": "***/J3_cours_devops/.github/workflows/docker-image.yml@refs/heads/main"
        },
        {
          "k": "workflow_sha",
          "v": "38dfad1d912bb78f70d674f69b1fe22175e2d57f"
        },
        {
          "k": "repository_id",
          "v": "1324109649"
        },
        {
          "k": "triggering_actor",
          "v": "***"
        }
      ]
    },
    "inputs": {
      "t": 2
    },
    "job": {
      "t": 2,
      "d": [
        {
          "k": "check_run_id",
          "v": 92353961319.0
        },
        {
          "k": "workflow_ref",
          "v": "***/J3_cours_devops/.github/workflows/docker-image.yml@refs/heads/main"
        },
        {
          "k": "workflow_sha",
          "v": "38dfad1d912bb78f70d674f69b1fe22175e2d57f"
        },
        {
          "k": "workflow_repository",
          "v": "***/J3_cours_devops"
        },
        {
          "k": "workflow_file_path",
          "v": ".github/workflows/docker-image.yml"
        }
      ]
    },
    "matrix": null,
    "needs": {
      "t": 2
    },
    "strategy": {
      "t": 2,
      "d": [
        {
          "k": "fail-fast",
          "v": true
        },
        {
          "k": "job-index",
          "v": 0.0
        },
        {
          "k": "job-total",
          "v": 1.0
        },
        {
          "k": "max-parallel",
          "v": 1.0
        }
      ]
    },
    "vars": {
      "t": 2
    }
  },
  "billingOwnerId": "U_kgDOCYexfw"
}
[2026-08-05 15:23:02Z INFO JobRunner] Job ID 88994db9-68a4-5a99-8917-c6db88f4b3ae
[2026-08-05 15:23:02Z INFO ConfigurationStore] currentAssemblyLocation: D:\Cours\Cours Ipssi\Note\Devops\J3\actions-runner\bin\Runner.Worker.dll
[2026-08-05 15:23:02Z INFO HostContext] Well known directory 'Bin': 'D:\Cours\Cours Ipssi\Note\Devops\J3\actions-runner\bin'
[2026-08-05 15:23:02Z INFO ConfigurationStore] binPath: D:\Cours\Cours Ipssi\Note\Devops\J3\actions-runner\bin
[2026-08-05 15:23:02Z INFO HostContext] Well known directory 'Bin': 'D:\Cours\Cours Ipssi\Note\Devops\J3\actions-runner\bin'
[2026-08-05 15:23:02Z INFO HostContext] Well known directory 'Root': 'D:\Cours\Cours Ipssi\Note\Devops\J3\actions-runner'
[2026-08-05 15:23:02Z INFO ConfigurationStore] RootFolder: D:\Cours\Cours Ipssi\Note\Devops\J3\actions-runner
[2026-08-05 15:23:02Z INFO HostContext] Well known directory 'Bin': 'D:\Cours\Cours Ipssi\Note\Devops\J3\actions-runner\bin'
[2026-08-05 15:23:02Z INFO HostContext] Well known directory 'Root': 'D:\Cours\Cours Ipssi\Note\Devops\J3\actions-runner'
[2026-08-05 15:23:02Z INFO HostContext] Well known config file 'Runner': 'D:\Cours\Cours Ipssi\Note\Devops\J3\actions-runner\.runner'
[2026-08-05 15:23:02Z INFO ConfigurationStore] ConfigFilePath: D:\Cours\Cours Ipssi\Note\Devops\J3\actions-runner\.runner
[2026-08-05 15:23:02Z INFO HostContext] Well known directory 'Bin': 'D:\Cours\Cours Ipssi\Note\Devops\J3\actions-runner\bin'
[2026-08-05 15:23:02Z INFO HostContext] Well known directory 'Root': 'D:\Cours\Cours Ipssi\Note\Devops\J3\actions-runner'
[2026-08-05 15:23:02Z INFO HostContext] Well known config file 'MigratedRunner': 'D:\Cours\Cours Ipssi\Note\Devops\J3\actions-runner\.runner_migrated'
[2026-08-05 15:23:02Z INFO ConfigurationStore] MigratedConfigFilePath: D:\Cours\Cours Ipssi\Note\Devops\J3\actions-runner\.runner_migrated
[2026-08-05 15:23:02Z INFO HostContext] Well known directory 'Bin': 'D:\Cours\Cours Ipssi\Note\Devops\J3\actions-runner\bin'
[2026-08-05 15:23:02Z INFO HostContext] Well known directory 'Root': 'D:\Cours\Cours Ipssi\Note\Devops\J3\actions-runner'
[2026-08-05 15:23:02Z INFO HostContext] Well known config file 'Credentials': 'D:\Cours\Cours Ipssi\Note\Devops\J3\actions-runner\.credentials'
[2026-08-05 15:23:02Z INFO ConfigurationStore] CredFilePath: D:\Cours\Cours Ipssi\Note\Devops\J3\actions-runner\.credentials
[2026-08-05 15:23:02Z INFO HostContext] Well known directory 'Bin': 'D:\Cours\Cours Ipssi\Note\Devops\J3\actions-runner\bin'
[2026-08-05 15:23:02Z INFO HostContext] Well known directory 'Root': 'D:\Cours\Cours Ipssi\Note\Devops\J3\actions-runner'
[2026-08-05 15:23:02Z INFO HostContext] Well known config file 'MigratedCredentials': 'D:\Cours\Cours Ipssi\Note\Devops\J3\actions-runner\.credentials_migrated'
[2026-08-05 15:23:02Z INFO ConfigurationStore] MigratedCredFilePath: D:\Cours\Cours Ipssi\Note\Devops\J3\actions-runner\.credentials_migrated
[2026-08-05 15:23:02Z INFO HostContext] Well known directory 'Bin': 'D:\Cours\Cours Ipssi\Note\Devops\J3\actions-runner\bin'
[2026-08-05 15:23:02Z INFO HostContext] Well known directory 'Root': 'D:\Cours\Cours Ipssi\Note\Devops\J3\actions-runner'
[2026-08-05 15:23:02Z INFO HostContext] Well known config file 'Service': 'D:\Cours\Cours Ipssi\Note\Devops\J3\actions-runner\.service'
[2026-08-05 15:23:02Z INFO ConfigurationStore] ServiceConfigFilePath: D:\Cours\Cours Ipssi\Note\Devops\J3\actions-runner\.service
[2026-08-05 15:23:02Z INFO ConfigurationStore] Read setting file: 399 chars
[2026-08-05 15:23:02Z INFO JobRunner] Initializing launch client
[2026-08-05 15:23:02Z INFO JobServerQueue] Initializing results client
[2026-08-05 15:23:02Z INFO ResultServer] Creating websocket client ...wss://results-receiver.actions.githubusercontent.com/_ws/ingest.sock
[2026-08-05 15:23:02Z INFO ResultServer] Attempting to start websocket client with delay 00:00:00.
[2026-08-05 15:23:02Z INFO JobServerQueue] Start process web console line queue.
[2026-08-05 15:23:02Z INFO JobServerQueue] Start process file upload queue.
[2026-08-05 15:23:02Z INFO JobServerQueue] Start results file upload queue.
[2026-08-05 15:23:02Z INFO JobServerQueue] Starting results-based upload queue...
[2026-08-05 15:23:02Z INFO JobServerQueue] Start process timeline update queue.
[2026-08-05 15:23:02Z INFO ExecutionContext] Initializing Job context
[2026-08-05 15:23:02Z INFO ExecutionContext] Initialize GitHub context
[2026-08-05 15:23:02Z INFO ExecutionContext] Initialize Env context
[2026-08-05 15:23:02Z INFO HostContext] Well known directory 'Bin': 'D:\Cours\Cours Ipssi\Note\Devops\J3\actions-runner\bin'
[2026-08-05 15:23:02Z INFO HostContext] Well known directory 'Root': 'D:\Cours\Cours Ipssi\Note\Devops\J3\actions-runner'
[2026-08-05 15:23:02Z INFO HostContext] Well known directory 'Diag': 'D:\Cours\Cours Ipssi\Note\Devops\J3\actions-runner\_diag'
[2026-08-05 15:23:02Z INFO HostContext] Well known directory 'Bin': 'D:\Cours\Cours Ipssi\Note\Devops\J3\actions-runner\bin'
[2026-08-05 15:23:02Z INFO HostContext] Well known directory 'Root': 'D:\Cours\Cours Ipssi\Note\Devops\J3\actions-runner'
[2026-08-05 15:23:02Z INFO HostContext] Well known directory 'Diag': 'D:\Cours\Cours Ipssi\Note\Devops\J3\actions-runner\_diag'
[2026-08-05 15:23:02Z INFO JobRunner] Starting the job execution context.
[2026-08-05 15:23:02Z INFO HostContext] Well known directory 'Bin': 'D:\Cours\Cours Ipssi\Note\Devops\J3\actions-runner\bin'
[2026-08-05 15:23:02Z INFO HostContext] Well known directory 'Root': 'D:\Cours\Cours Ipssi\Note\Devops\J3\actions-runner'
[2026-08-05 15:23:02Z INFO HostContext] Well known directory 'Work': 'D:\Cours\Cours Ipssi\Note\Devops\J3\actions-runner\_work'
[2026-08-05 15:23:02Z INFO JobRunner] Validating directory permissions for: 'D:\Cours\Cours Ipssi\Note\Devops\J3\actions-runner\_work'
[2026-08-05 15:23:02Z INFO HostContext] Well known directory 'Bin': 'D:\Cours\Cours Ipssi\Note\Devops\J3\actions-runner\bin'
[2026-08-05 15:23:02Z INFO HostContext] Well known directory 'Root': 'D:\Cours\Cours Ipssi\Note\Devops\J3\actions-runner'
[2026-08-05 15:23:02Z INFO HostContext] Well known directory 'Work': 'D:\Cours\Cours Ipssi\Note\Devops\J3\actions-runner\_work'
[2026-08-05 15:23:02Z INFO HostContext] Well known directory 'Tools': 'D:\Cours\Cours Ipssi\Note\Devops\J3\actions-runner\_work\_tool'
[2026-08-05 15:23:02Z INFO HostContext] Well known directory 'Bin': 'D:\Cours\Cours Ipssi\Note\Devops\J3\actions-runner\bin'
[2026-08-05 15:23:02Z INFO HostContext] Well known directory 'Root': 'D:\Cours\Cours Ipssi\Note\Devops\J3\actions-runner'
[2026-08-05 15:23:02Z INFO HostContext] Well known directory 'Work': 'D:\Cours\Cours Ipssi\Note\Devops\J3\actions-runner\_work'
[2026-08-05 15:23:02Z INFO HostContext] Well known directory 'Temp': 'D:\Cours\Cours Ipssi\Note\Devops\J3\actions-runner\_work\_temp'
[2026-08-05 15:23:02Z INFO JobRunner] Getting job extension.
[2026-08-05 15:23:02Z INFO JobRunner] Initialize job. Getting all job steps.
[2026-08-05 15:23:02Z INFO HostContext] Well known directory 'Bin': 'D:\Cours\Cours Ipssi\Note\Devops\J3\actions-runner\bin'
[2026-08-05 15:23:02Z INFO HostContext] Well known directory 'Root': 'D:\Cours\Cours Ipssi\Note\Devops\J3\actions-runner'
[2026-08-05 15:23:02Z INFO HostContext] Well known directory 'Diag': 'D:\Cours\Cours Ipssi\Note\Devops\J3\actions-runner\_diag'
[2026-08-05 15:23:02Z INFO HostContext] Well known directory 'Bin': 'D:\Cours\Cours Ipssi\Note\Devops\J3\actions-runner\bin'
[2026-08-05 15:23:02Z INFO HostContext] Well known directory 'Root': 'D:\Cours\Cours Ipssi\Note\Devops\J3\actions-runner'
[2026-08-05 15:23:02Z INFO HostContext] Well known directory 'Diag': 'D:\Cours\Cours Ipssi\Note\Devops\J3\actions-runner\_diag'
[2026-08-05 15:23:02Z INFO HostContext] Well known directory 'Bin': 'D:\Cours\Cours Ipssi\Note\Devops\J3\actions-runner\bin'
[2026-08-05 15:23:02Z INFO HostContext] Well known directory 'Root': 'D:\Cours\Cours Ipssi\Note\Devops\J3\actions-runner'
[2026-08-05 15:23:02Z INFO HostContext] Well known config file 'Credentials': 'D:\Cours\Cours Ipssi\Note\Devops\J3\actions-runner\.credentials'
[2026-08-05 15:23:02Z INFO HostContext] Well known directory 'Bin': 'D:\Cours\Cours Ipssi\Note\Devops\J3\actions-runner\bin'
[2026-08-05 15:23:02Z INFO HostContext] Well known directory 'Root': 'D:\Cours\Cours Ipssi\Note\Devops\J3\actions-runner'
[2026-08-05 15:23:02Z INFO HostContext] Well known config file 'SetupInfo': 'D:\Cours\Cours Ipssi\Note\Devops\J3\actions-runner\.setup_info'
[2026-08-05 15:23:02Z INFO HostContext] Well known directory 'Bin': 'D:\Cours\Cours Ipssi\Note\Devops\J3\actions-runner\bin'
[2026-08-05 15:23:02Z INFO HostContext] Well known directory 'Root': 'D:\Cours\Cours Ipssi\Note\Devops\J3\actions-runner'
[2026-08-05 15:23:02Z INFO HostContext] Well known directory 'Work': 'D:\Cours\Cours Ipssi\Note\Devops\J3\actions-runner\_work'
[2026-08-05 15:23:02Z INFO PipelineDirectoryManager] Loading tracking config if exists: D:\Cours\Cours Ipssi\Note\Devops\J3\actions-runner\_work\_PipelineMapping\***/J3_cours_devops\PipelineFolder.json
[2026-08-05 15:23:02Z INFO PipelineDirectoryManager] Creating a new tracking config file.
[2026-08-05 15:23:02Z INFO HostContext] Well known directory 'Bin': 'D:\Cours\Cours Ipssi\Note\Devops\J3\actions-runner\bin'
[2026-08-05 15:23:02Z INFO HostContext] Well known directory 'Root': 'D:\Cours\Cours Ipssi\Note\Devops\J3\actions-runner'
[2026-08-05 15:23:02Z INFO HostContext] Well known directory 'Work': 'D:\Cours\Cours Ipssi\Note\Devops\J3\actions-runner\_work'
[2026-08-05 15:23:02Z INFO PipelineDirectoryManager] Creating pipeline directory.
[2026-08-05 15:23:02Z INFO HostContext] Well known directory 'Bin': 'D:\Cours\Cours Ipssi\Note\Devops\J3\actions-runner\bin'
[2026-08-05 15:23:02Z INFO HostContext] Well known directory 'Root': 'D:\Cours\Cours Ipssi\Note\Devops\J3\actions-runner'
[2026-08-05 15:23:02Z INFO HostContext] Well known directory 'Work': 'D:\Cours\Cours Ipssi\Note\Devops\J3\actions-runner\_work'
[2026-08-05 15:23:02Z INFO PipelineDirectoryManager] Creating workspace directory.
[2026-08-05 15:23:02Z INFO HostContext] Well known directory 'Bin': 'D:\Cours\Cours Ipssi\Note\Devops\J3\actions-runner\bin'
[2026-08-05 15:23:02Z INFO HostContext] Well known directory 'Root': 'D:\Cours\Cours Ipssi\Note\Devops\J3\actions-runner'
[2026-08-05 15:23:02Z INFO HostContext] Well known directory 'Work': 'D:\Cours\Cours Ipssi\Note\Devops\J3\actions-runner\_work'
[2026-08-05 15:23:02Z INFO JobExtension] Downloading actions
[2026-08-05 15:23:02Z INFO HostContext] Well known directory 'Bin': 'D:\Cours\Cours Ipssi\Note\Devops\J3\actions-runner\bin'
[2026-08-05 15:23:02Z INFO HostContext] Well known directory 'Root': 'D:\Cours\Cours Ipssi\Note\Devops\J3\actions-runner'
[2026-08-05 15:23:02Z INFO HostContext] Well known directory 'Work': 'D:\Cours\Cours Ipssi\Note\Devops\J3\actions-runner\_work'
[2026-08-05 15:23:02Z INFO HostContext] Well known directory 'Actions': 'D:\Cours\Cours Ipssi\Note\Devops\J3\actions-runner\_work\_actions'
[2026-08-05 15:23:02Z INFO Worker] Listening for cancel message from the channel.
[2026-08-05 15:23:02Z INFO Worker] Waiting for the job to complete or for a cancel message from the channel.
[2026-08-05 15:23:02Z INFO ResultServer] Successfully started websocket client.
[2026-08-05 15:23:02Z INFO JobServerQueue] Try to append 1 batches web console lines for record '621aeb62-8031-4a78-b002-1ec2fe7b3255', success rate: 1/1.
[2026-08-05 15:23:02Z INFO HostContext] Well known directory 'Bin': 'D:\Cours\Cours Ipssi\Note\Devops\J3\actions-runner\bin'
[2026-08-05 15:23:02Z INFO HostContext] Well known directory 'Root': 'D:\Cours\Cours Ipssi\Note\Devops\J3\actions-runner'
[2026-08-05 15:23:02Z INFO HostContext] Well known directory 'Work': 'D:\Cours\Cours Ipssi\Note\Devops\J3\actions-runner\_work'
[2026-08-05 15:23:02Z INFO HostContext] Well known directory 'Actions': 'D:\Cours\Cours Ipssi\Note\Devops\J3\actions-runner\_work\_actions'
[2026-08-05 15:23:02Z INFO HostContext] Well known directory 'Bin': 'D:\Cours\Cours Ipssi\Note\Devops\J3\actions-runner\bin'
[2026-08-05 15:23:02Z INFO HostContext] Well known directory 'Root': 'D:\Cours\Cours Ipssi\Note\Devops\J3\actions-runner'
[2026-08-05 15:23:02Z INFO HostContext] Well known directory 'Work': 'D:\Cours\Cours Ipssi\Note\Devops\J3\actions-runner\_work'
[2026-08-05 15:23:02Z INFO HostContext] Well known directory 'Actions': 'D:\Cours\Cours Ipssi\Note\Devops\J3\actions-runner\_work\_actions'
[2026-08-05 15:23:02Z INFO ActionManager] Save archive 'https://codeload.github.com/actions/checkout/zip/11d5960a326750d5838078e36cf38b85af677262' into D:\Cours\Cours Ipssi\Note\Devops\J3\actions-runner\_work\_actions\_temp_48754885-61ee-464e-804a-91cc97b40c77\91bb55cf-7d46-471a-a869-7221a8f15752.zip.
[2026-08-05 15:23:02Z INFO ActionManager] Using Basic token for action archive download.
[2026-08-05 15:23:02Z INFO JobServerQueue] Try to append 1 batches web console lines for record '621aeb62-8031-4a78-b002-1ec2fe7b3255', success rate: 1/1.
[2026-08-05 15:23:02Z INFO JobServerQueue] Job timeline record has been updated for the first time.
[2026-08-05 15:23:03Z INFO ActionManager] Request URL: https://codeload.github.com/actions/checkout/zip/11d5960a326750d5838078e36cf38b85af677262 X-GitHub-Request-Id: 62E1:38FFDE:4CBE5D:689A89:6A735556 Http Status: OK
[2026-08-05 15:23:04Z INFO ActionManager] Finished getting action repository.
[2026-08-05 15:23:04Z INFO HostContext] Well known directory 'Bin': 'D:\Cours\Cours Ipssi\Note\Devops\J3\actions-runner\bin'
[2026-08-05 15:23:04Z INFO HostContext] Well known directory 'Root': 'D:\Cours\Cours Ipssi\Note\Devops\J3\actions-runner'
[2026-08-05 15:23:04Z INFO HostContext] Well known directory 'Work': 'D:\Cours\Cours Ipssi\Note\Devops\J3\actions-runner\_work'
[2026-08-05 15:23:04Z INFO HostContext] Well known directory 'Actions': 'D:\Cours\Cours Ipssi\Note\Devops\J3\actions-runner\_work\_actions'
[2026-08-05 15:23:04Z INFO HostContext] Well known directory 'Bin': 'D:\Cours\Cours Ipssi\Note\Devops\J3\actions-runner\bin'
[2026-08-05 15:23:04Z INFO HostContext] Well known directory 'Root': 'D:\Cours\Cours Ipssi\Note\Devops\J3\actions-runner'
[2026-08-05 15:23:04Z INFO HostContext] Well known directory 'Work': 'D:\Cours\Cours Ipssi\Note\Devops\J3\actions-runner\_work'
[2026-08-05 15:23:04Z INFO HostContext] Well known directory 'Actions': 'D:\Cours\Cours Ipssi\Note\Devops\J3\actions-runner\_work\_actions'
[2026-08-05 15:23:04Z INFO ActionManager] Save archive 'https://codeload.github.com/docker/login-action/zip/c94ce9fb468520275223c153574b00df6fe4bcc9' into D:\Cours\Cours Ipssi\Note\Devops\J3\actions-runner\_work\_actions\_temp_0c1e78e4-0945-46ee-9a12-1ea1eabcd76e\b2473981-a40e-4105-90e3-6bcb568fe2a5.zip.
[2026-08-05 15:23:04Z INFO ActionManager] Using Basic token for action archive download.
[2026-08-05 15:23:04Z INFO JobServerQueue] Try to append 1 batches web console lines for record '621aeb62-8031-4a78-b002-1ec2fe7b3255', success rate: 1/1.
[2026-08-05 15:23:04Z INFO ActionManager] Request URL: https://codeload.github.com/docker/login-action/zip/c94ce9fb468520275223c153574b00df6fe4bcc9 X-GitHub-Request-Id: 858E:274D97:4B5BCF:673CFB:6A735558 Http Status: OK
[2026-08-05 15:23:05Z INFO ActionManager] Finished getting action repository.
[2026-08-05 15:23:05Z INFO HostContext] Well known directory 'Bin': 'D:\Cours\Cours Ipssi\Note\Devops\J3\actions-runner\bin'
[2026-08-05 15:23:05Z INFO HostContext] Well known directory 'Root': 'D:\Cours\Cours Ipssi\Note\Devops\J3\actions-runner'
[2026-08-05 15:23:05Z INFO HostContext] Well known directory 'Work': 'D:\Cours\Cours Ipssi\Note\Devops\J3\actions-runner\_work'
[2026-08-05 15:23:05Z INFO HostContext] Well known directory 'Actions': 'D:\Cours\Cours Ipssi\Note\Devops\J3\actions-runner\_work\_actions'
[2026-08-05 15:23:05Z INFO ActionManifestManagerLegacy] Load schema file with definitions: [
  "null",
  "boolean",
  "number",
  "string",
  "sequence",
  "mapping",
  "any",
  "action-root",
  "inputs",
  "input",
  "outputs",
  "output-definition",
  "runs",
  "container-runs",
  "container-runs-args",
  "container-runs-env",
  "node-runs",
  "plugin-runs",
  "composite-runs",
  "composite-steps",
  "composite-step",
  "run-step",
  "uses-step",
  "container-runs-context",
  "output-value",
  "input-default-context",
  "non-empty-string",
  "string-steps-context",
  "boolean-steps-context",
  "step-env",
  "step-if",
  "step-with"
]
[2026-08-05 15:23:05Z INFO ActionManifestManager] Load schema file with definitions: [
  "null",
  "boolean",
  "number",
  "string",
  "sequence",
  "mapping",
  "any",
  "action-root",
  "inputs",
  "input",
  "outputs",
  "output-definition",
  "runs",
  "container-runs",
  "container-runs-args",
  "container-runs-env",
  "node-runs",
  "plugin-runs",
  "composite-runs",
  "composite-steps",
  "composite-step",
  "run-step",
  "uses-step",
  "container-runs-context",
  "output-value",
  "input-default-context",
  "non-empty-string",
  "string-steps-context",
  "boolean-steps-context",
  "step-env",
  "step-if",
  "step-with"
]
[2026-08-05 15:23:05Z INFO HostContext] Well known directory 'Bin': 'D:\Cours\Cours Ipssi\Note\Devops\J3\actions-runner\bin'
[2026-08-05 15:23:05Z INFO HostContext] Well known directory 'Root': 'D:\Cours\Cours Ipssi\Note\Devops\J3\actions-runner'
[2026-08-05 15:23:05Z INFO HostContext] Well known directory 'Work': 'D:\Cours\Cours Ipssi\Note\Devops\J3\actions-runner\_work'
[2026-08-05 15:23:05Z INFO HostContext] Well known directory 'Actions': 'D:\Cours\Cours Ipssi\Note\Devops\J3\actions-runner\_work\_actions'
[2026-08-05 15:23:05Z INFO ActionManifestManagerLegacy] Loaded action.yml file: {
  "name": "Checkout",
  "description": "Checkout a Git repository at a particular version",
  "inputs": {
    "type": 2,
    "map": [
      {
        "key": {
          "type": 0,
          "file": 2,
          "line": 4,
          "col": 3,
          "lit": "repository"
        },
        "value": {
          "type": 3,
          "file": 2,
          "line": 6,
          "col": 14,
          "expr": "github.repository"
        }
      },
      {
        "key": {
          "type": 0,
          "file": 2,
          "line": 7,
          "col": 3,
          "lit": "ref"
        },
        "value": ""
      },
      {
        "key": {
          "type": 0,
          "file": 2,
          "line": 12,
          "col": 3,
          "lit": "token"
        },
        "value": {
          "type": 3,
          "file": 2,
          "line": 24,
          "col": 14,
          "expr": "github.token"
        }
      },
      {
        "key": {
          "type": 0,
          "file": 2,
          "line": 25,
          "col": 3,
          "lit": "ssh-key"
        },
        "value": ""
      },
      {
        "key": {
          "type": 0,
          "file": 2,
          "line": 37,
          "col": 3,
          "lit": "ssh-known-hosts"
        },
        "value": ""
      },
      {
        "key": {
          "type": 0,
          "file": 2,
          "line": 42,
          "col": 3,
          "lit": "ssh-strict"
        },
        "value": {
          "type": 0,
          "file": 2,
          "line": 47,
          "col": 14,
          "lit": "true"
        }
      },
      {
        "key": {
          "type": 0,
          "file": 2,
          "line": 48,
          "col": 3,
          "lit": "ssh-user"
        },
        "value": {
          "type": 0,
          "file": 2,
          "line": 51,
          "col": 14,
          "lit": "git"
        }
      },
      {
        "key": {
          "type": 0,
          "file": 2,
          "line": 52,
          "col": 3,
          "lit": "persist-credentials"
        },
        "value": {
          "type": 0,
          "file": 2,
          "line": 54,
          "col": 14,
          "lit": "true"
        }
      },
      {
        "key": {
          "type": 0,
          "file": 2,
          "line": 55,
          "col": 3,
          "lit": "path"
        },
        "value": ""
      },
      {
        "key": {
          "type": 0,
          "file": 2,
          "line": 57,
          "col": 3,
          "lit": "clean"
        },
        "value": {
          "type": 0,
          "file": 2,
          "line": 59,
          "col": 14,
          "lit": "true"
        }
      },
      {
        "key": {
          "type": 0,
          "file": 2,
          "line": 60,
          "col": 3,
          "lit": "filter"
        },
        "value": {
          "type": 0,
          "file": 2,
          "line": 64,
          "col": 14,
          "lit": ""
        }
      },
      {
        "key": {
          "type": 0,
          "file": 2,
          "line": 65,
          "col": 3,
          "lit": "sparse-checkout"
        },
        "value": {
          "type": 0,
          "file": 2,
          "line": 69,
          "col": 14,
          "lit": ""
        }
      },
      {
        "key": {
          "type": 0,
          "file": 2,
          "line": 70,
          "col": 3,
          "lit": "sparse-checkout-cone-mode"
        },
        "value": {
          "type": 0,
          "file": 2,
          "line": 73,
          "col": 14,
          "lit": "true"
        }
      },
      {
        "key": {
          "type": 0,
          "file": 2,
          "line": 74,
          "col": 3,
          "lit": "fetch-depth"
        },
        "value": {
          "type": 0,
          "file": 2,
          "line": 76,
          "col": 14,
          "lit": "1"
        }
      },
      {
        "key": {
          "type": 0,
          "file": 2,
          "line": 77,
          "col": 3,
          "lit": "fetch-tags"
        },
        "value": {
          "type": 0,
          "file": 2,
          "line": 79,
          "col": 14,
          "lit": "false"
        }
      },
      {
        "key": {
          "type": 0,
          "file": 2,
          "line": 80,
          "col": 3,
          "lit": "show-progress"
        },
        "value": {
          "type": 0,
          "file": 2,
          "line": 82,
          "col": 14,
          "lit": "true"
        }
      },
      {
        "key": {
          "type": 0,
          "file": 2,
          "line": 83,
          "col": 3,
          "lit": "lfs"
        },
        "value": {
          "type": 0,
          "file": 2,
          "line": 85,
          "col": 14,
          "lit": "false"
        }
      },
      {
        "key": {
          "type": 0,
          "file": 2,
          "line": 86,
          "col": 3,
          "lit": "submodules"
        },
        "value": {
          "type": 0,
          "file": 2,
          "line": 94,
          "col": 14,
          "lit": "false"
        }
      },
      {
        "key": {
          "type": 0,
          "file": 2,
          "line": 95,
          "col": 3,
          "lit": "set-safe-directory"
        },
        "value": {
          "type": 0,
          "file": 2,
          "line": 97,
          "col": 14,
          "lit": "true"
        }
      },
      {
        "key": {
          "type": 0,
          "file": 2,
          "line": 98,
          "col": 3,
          "lit": "github-server-url"
        },
        "value": ""
      },
      {
        "key": {
          "type": 0,
          "file": 2,
          "line": 101,
          "col": 3,
          "lit": "allow-unsafe-pr-checkout"
        },
        "value": {
          "type": 0,
          "file": 2,
          "line": 109,
          "col": 14,
          "lit": "false"
        }
      }
    ]
  },
  "execution": {
    "executionType": "nodeJS",
    "hasPre": false,
    "hasPost": true,
    "script": "dist/index.js",
    "pre": null,
    "post": "dist/index.js",
    "nodeVersion": "node20",
    "cleanupCondition": "always()",
    "initCondition": "always()"
  },
  "deprecated": null
}
[2026-08-05 15:23:05Z INFO ActionManager] Action node.js file: dist/index.js, no more preparation.
[2026-08-05 15:23:05Z INFO HostContext] Well known directory 'Bin': 'D:\Cours\Cours Ipssi\Note\Devops\J3\actions-runner\bin'
[2026-08-05 15:23:05Z INFO HostContext] Well known directory 'Root': 'D:\Cours\Cours Ipssi\Note\Devops\J3\actions-runner'
[2026-08-05 15:23:05Z INFO HostContext] Well known directory 'Work': 'D:\Cours\Cours Ipssi\Note\Devops\J3\actions-runner\_work'
[2026-08-05 15:23:05Z INFO HostContext] Well known directory 'Actions': 'D:\Cours\Cours Ipssi\Note\Devops\J3\actions-runner\_work\_actions'
[2026-08-05 15:23:05Z INFO ActionManager] Load action that reference repository from 'D:\Cours\Cours Ipssi\Note\Devops\J3\actions-runner\_work\_actions\actions\checkout\v4'
[2026-08-05 15:23:05Z INFO HostContext] Well known directory 'Bin': 'D:\Cours\Cours Ipssi\Note\Devops\J3\actions-runner\bin'
[2026-08-05 15:23:05Z INFO HostContext] Well known directory 'Root': 'D:\Cours\Cours Ipssi\Note\Devops\J3\actions-runner'
[2026-08-05 15:23:05Z INFO HostContext] Well known directory 'Work': 'D:\Cours\Cours Ipssi\Note\Devops\J3\actions-runner\_work'
[2026-08-05 15:23:05Z INFO HostContext] Well known directory 'Actions': 'D:\Cours\Cours Ipssi\Note\Devops\J3\actions-runner\_work\_actions'
[2026-08-05 15:23:05Z INFO ActionManifestManagerLegacy] Loaded action.yml file: {
  "name": "Checkout",
  "description": "Checkout a Git repository at a particular version",
  "inputs": {
    "type": 2,
    "map": [
      {
        "key": {
          "type": 0,
          "file": 2,
          "line": 4,
          "col": 3,
          "lit": "repository"
        },
        "value": {
          "type": 3,
          "file": 2,
          "line": 6,
          "col": 14,
          "expr": "github.repository"
        }
      },
      {
        "key": {
          "type": 0,
          "file": 2,
          "line": 7,
          "col": 3,
          "lit": "ref"
        },
        "value": ""
      },
      {
        "key": {
          "type": 0,
          "file": 2,
          "line": 12,
          "col": 3,
          "lit": "token"
        },
        "value": {
          "type": 3,
          "file": 2,
          "line": 24,
          "col": 14,
          "expr": "github.token"
        }
      },
      {
        "key": {
          "type": 0,
          "file": 2,
          "line": 25,
          "col": 3,
          "lit": "ssh-key"
        },
        "value": ""
      },
      {
        "key": {
          "type": 0,
          "file": 2,
          "line": 37,
          "col": 3,
          "lit": "ssh-known-hosts"
        },
        "value": ""
      },
      {
        "key": {
          "type": 0,
          "file": 2,
          "line": 42,
          "col": 3,
          "lit": "ssh-strict"
        },
        "value": {
          "type": 0,
          "file": 2,
          "line": 47,
          "col": 14,
          "lit": "true"
        }
      },
      {
        "key": {
          "type": 0,
          "file": 2,
          "line": 48,
          "col": 3,
          "lit": "ssh-user"
        },
        "value": {
          "type": 0,
          "file": 2,
          "line": 51,
          "col": 14,
          "lit": "git"
        }
      },
      {
        "key": {
          "type": 0,
          "file": 2,
          "line": 52,
          "col": 3,
          "lit": "persist-credentials"
        },
        "value": {
          "type": 0,
          "file": 2,
          "line": 54,
          "col": 14,
          "lit": "true"
        }
      },
      {
        "key": {
          "type": 0,
          "file": 2,
          "line": 55,
          "col": 3,
          "lit": "path"
        },
        "value": ""
      },
      {
        "key": {
          "type": 0,
          "file": 2,
          "line": 57,
          "col": 3,
          "lit": "clean"
        },
        "value": {
          "type": 0,
          "file": 2,
          "line": 59,
          "col": 14,
          "lit": "true"
        }
      },
      {
        "key": {
          "type": 0,
          "file": 2,
          "line": 60,
          "col": 3,
          "lit": "filter"
        },
        "value": {
          "type": 0,
          "file": 2,
          "line": 64,
          "col": 14,
          "lit": ""
        }
      },
      {
        "key": {
          "type": 0,
          "file": 2,
          "line": 65,
          "col": 3,
          "lit": "sparse-checkout"
        },
        "value": {
          "type": 0,
          "file": 2,
          "line": 69,
          "col": 14,
          "lit": ""
        }
      },
      {
        "key": {
          "type": 0,
          "file": 2,
          "line": 70,
          "col": 3,
          "lit": "sparse-checkout-cone-mode"
        },
        "value": {
          "type": 0,
          "file": 2,
          "line": 73,
          "col": 14,
          "lit": "true"
        }
      },
      {
        "key": {
          "type": 0,
          "file": 2,
          "line": 74,
          "col": 3,
          "lit": "fetch-depth"
        },
        "value": {
          "type": 0,
          "file": 2,
          "line": 76,
          "col": 14,
          "lit": "1"
        }
      },
      {
        "key": {
          "type": 0,
          "file": 2,
          "line": 77,
          "col": 3,
          "lit": "fetch-tags"
        },
        "value": {
          "type": 0,
          "file": 2,
          "line": 79,
          "col": 14,
          "lit": "false"
        }
      },
      {
        "key": {
          "type": 0,
          "file": 2,
          "line": 80,
          "col": 3,
          "lit": "show-progress"
        },
        "value": {
          "type": 0,
          "file": 2,
          "line": 82,
          "col": 14,
          "lit": "true"
        }
      },
      {
        "key": {
          "type": 0,
          "file": 2,
          "line": 83,
          "col": 3,
          "lit": "lfs"
        },
        "value": {
          "type": 0,
          "file": 2,
          "line": 85,
          "col": 14,
          "lit": "false"
        }
      },
      {
        "key": {
          "type": 0,
          "file": 2,
          "line": 86,
          "col": 3,
          "lit": "submodules"
        },
        "value": {
          "type": 0,
          "file": 2,
          "line": 94,
          "col": 14,
          "lit": "false"
        }
      },
      {
        "key": {
          "type": 0,
          "file": 2,
          "line": 95,
          "col": 3,
          "lit": "set-safe-directory"
        },
        "value": {
          "type": 0,
          "file": 2,
          "line": 97,
          "col": 14,
          "lit": "true"
        }
      },
      {
        "key": {
          "type": 0,
          "file": 2,
          "line": 98,
          "col": 3,
          "lit": "github-server-url"
        },
        "value": ""
      },
      {
        "key": {
          "type": 0,
          "file": 2,
          "line": 101,
          "col": 3,
          "lit": "allow-unsafe-pr-checkout"
        },
        "value": {
          "type": 0,
          "file": 2,
          "line": 109,
          "col": 14,
          "lit": "false"
        }
      }
    ]
  },
  "execution": {
    "executionType": "nodeJS",
    "hasPre": false,
    "hasPost": true,
    "script": "dist/index.js",
    "pre": null,
    "post": "dist/index.js",
    "nodeVersion": "node20",
    "cleanupCondition": "always()",
    "initCondition": "always()"
  },
  "deprecated": null
}
[2026-08-05 15:23:05Z INFO ActionManager] Action pre node.js file: N/A.
[2026-08-05 15:23:05Z INFO ActionManager] Action node.js file: dist/index.js.
[2026-08-05 15:23:05Z INFO ActionManager] Action post node.js file: dist/index.js.
[2026-08-05 15:23:05Z INFO HostContext] Well known directory 'Bin': 'D:\Cours\Cours Ipssi\Note\Devops\J3\actions-runner\bin'
[2026-08-05 15:23:05Z INFO HostContext] Well known directory 'Root': 'D:\Cours\Cours Ipssi\Note\Devops\J3\actions-runner'
[2026-08-05 15:23:05Z INFO HostContext] Well known directory 'Work': 'D:\Cours\Cours Ipssi\Note\Devops\J3\actions-runner\_work'
[2026-08-05 15:23:05Z INFO HostContext] Well known directory 'Actions': 'D:\Cours\Cours Ipssi\Note\Devops\J3\actions-runner\_work\_actions'
[2026-08-05 15:23:05Z INFO HostContext] Well known directory 'Bin': 'D:\Cours\Cours Ipssi\Note\Devops\J3\actions-runner\bin'
[2026-08-05 15:23:05Z INFO HostContext] Well known directory 'Root': 'D:\Cours\Cours Ipssi\Note\Devops\J3\actions-runner'
[2026-08-05 15:23:05Z INFO HostContext] Well known directory 'Work': 'D:\Cours\Cours Ipssi\Note\Devops\J3\actions-runner\_work'
[2026-08-05 15:23:05Z INFO HostContext] Well known directory 'Actions': 'D:\Cours\Cours Ipssi\Note\Devops\J3\actions-runner\_work\_actions'
[2026-08-05 15:23:05Z INFO ActionManifestManagerLegacy] Ignore action property author.
[2026-08-05 15:23:05Z INFO ActionManifestManagerLegacy] Ignore action property branding.
[2026-08-05 15:23:05Z INFO ActionManifestManagerLegacy] Loaded action.yml file: {
  "name": "Docker Login",
  "description": "GitHub Action to login against a Docker registry",
  "inputs": {
    "type": 2,
    "map": [
      {
        "key": {
          "type": 0,
          "file": 3,
          "line": 10,
          "col": 3,
          "lit": "registry"
        },
        "value": ""
      },
      {
        "key": {
          "type": 0,
          "file": 3,
          "line": 13,
          "col": 3,
          "lit": "username"
        },
        "value": ""
      },
      {
        "key": {
          "type": 0,
          "file": 3,
          "line": 16,
          "col": 3,
          "lit": "password"
        },
        "value": ""
      },
      {
        "key": {
          "type": 0,
          "file": 3,
          "line": 19,
          "col": 3,
          "lit": "ecr"
        },
        "value": ""
      },
      {
        "key": {
          "type": 0,
          "file": 3,
          "line": 22,
          "col": 3,
          "lit": "scope"
        },
        "value": ""
      },
      {
        "key": {
          "type": 0,
          "file": 3,
          "line": 25,
          "col": 3,
          "lit": "logout"
        },
        "value": {
          "type": 0,
          "file": 3,
          "line": 27,
          "col": 14,
          "lit": "true"
        }
      },
      {
        "key": {
          "type": 0,
          "file": 3,
          "line": 29,
          "col": 3,
          "lit": "registry-auth"
        },
        "value": ""
      }
    ]
  },
  "execution": {
    "executionType": "nodeJS",
    "hasPre": false,
    "hasPost": true,
    "script": "dist/index.js",
    "pre": null,
    "post": "dist/index.js",
    "nodeVersion": "node20",
    "cleanupCondition": "always()",
    "initCondition": "always()"
  },
  "deprecated": null
}
[2026-08-05 15:23:05Z INFO ActionManager] Action node.js file: dist/index.js, no more preparation.
[2026-08-05 15:23:05Z INFO HostContext] Well known directory 'Bin': 'D:\Cours\Cours Ipssi\Note\Devops\J3\actions-runner\bin'
[2026-08-05 15:23:05Z INFO HostContext] Well known directory 'Root': 'D:\Cours\Cours Ipssi\Note\Devops\J3\actions-runner'
[2026-08-05 15:23:05Z INFO HostContext] Well known directory 'Work': 'D:\Cours\Cours Ipssi\Note\Devops\J3\actions-runner\_work'
[2026-08-05 15:23:05Z INFO HostContext] Well known directory 'Actions': 'D:\Cours\Cours Ipssi\Note\Devops\J3\actions-runner\_work\_actions'
[2026-08-05 15:23:05Z INFO ActionManager] Load action that reference repository from 'D:\Cours\Cours Ipssi\Note\Devops\J3\actions-runner\_work\_actions\docker\login-action\v3'
[2026-08-05 15:23:05Z INFO HostContext] Well known directory 'Bin': 'D:\Cours\Cours Ipssi\Note\Devops\J3\actions-runner\bin'
[2026-08-05 15:23:05Z INFO HostContext] Well known directory 'Root': 'D:\Cours\Cours Ipssi\Note\Devops\J3\actions-runner'
[2026-08-05 15:23:05Z INFO HostContext] Well known directory 'Work': 'D:\Cours\Cours Ipssi\Note\Devops\J3\actions-runner\_work'
[2026-08-05 15:23:05Z INFO HostContext] Well known directory 'Actions': 'D:\Cours\Cours Ipssi\Note\Devops\J3\actions-runner\_work\_actions'
[2026-08-05 15:23:05Z INFO ActionManifestManagerLegacy] Ignore action property author.
[2026-08-05 15:23:05Z INFO ActionManifestManagerLegacy] Ignore action property branding.
[2026-08-05 15:23:05Z INFO ActionManifestManagerLegacy] Loaded action.yml file: {
  "name": "Docker Login",
  "description": "GitHub Action to login against a Docker registry",
  "inputs": {
    "type": 2,
    "map": [
      {
        "key": {
          "type": 0,
          "file": 3,
          "line": 10,
          "col": 3,
          "lit": "registry"
        },
        "value": ""
      },
      {
        "key": {
          "type": 0,
          "file": 3,
          "line": 13,
          "col": 3,
          "lit": "username"
        },
        "value": ""
      },
      {
        "key": {
          "type": 0,
          "file": 3,
          "line": 16,
          "col": 3,
          "lit": "password"
        },
        "value": ""
      },
      {
        "key": {
          "type": 0,
          "file": 3,
          "line": 19,
          "col": 3,
          "lit": "ecr"
        },
        "value": ""
      },
      {
        "key": {
          "type": 0,
          "file": 3,
          "line": 22,
          "col": 3,
          "lit": "scope"
        },
        "value": ""
      },
      {
        "key": {
          "type": 0,
          "file": 3,
          "line": 25,
          "col": 3,
          "lit": "logout"
        },
        "value": {
          "type": 0,
          "file": 3,
          "line": 27,
          "col": 14,
          "lit": "true"
        }
      },
      {
        "key": {
          "type": 0,
          "file": 3,
          "line": 29,
          "col": 3,
          "lit": "registry-auth"
        },
        "value": ""
      }
    ]
  },
  "execution": {
    "executionType": "nodeJS",
    "hasPre": false,
    "hasPost": true,
    "script": "dist/index.js",
    "pre": null,
    "post": "dist/index.js",
    "nodeVersion": "node20",
    "cleanupCondition": "always()",
    "initCondition": "always()"
  },
  "deprecated": null
}
[2026-08-05 15:23:05Z INFO ActionManager] Action pre node.js file: N/A.
[2026-08-05 15:23:05Z INFO ActionManager] Action node.js file: dist/index.js.
[2026-08-05 15:23:05Z INFO ActionManager] Action post node.js file: dist/index.js.
[2026-08-05 15:23:05Z INFO JobExtension] Adding .
[2026-08-05 15:23:05Z INFO JobExtension] Adding .
[2026-08-05 15:23:05Z INFO JobExtension] Adding .
[2026-08-05 15:23:05Z INFO JobExtension] Adding .
[2026-08-05 15:23:05Z INFO JobExtension] Adding .
[2026-08-05 15:23:05Z INFO JobExtension] Adding .
[2026-08-05 15:23:05Z INFO JobExtension] Adding .
[2026-08-05 15:23:05Z INFO HostContext] Well known directory 'Bin': 'D:\Cours\Cours Ipssi\Note\Devops\J3\actions-runner\bin'
[2026-08-05 15:23:05Z INFO HostContext] Well known directory 'Root': 'D:\Cours\Cours Ipssi\Note\Devops\J3\actions-runner'
[2026-08-05 15:23:05Z INFO HostContext] Well known directory 'Diag': 'D:\Cours\Cours Ipssi\Note\Devops\J3\actions-runner\_diag'
[2026-08-05 15:23:05Z INFO HostContext] Well known directory 'Bin': 'D:\Cours\Cours Ipssi\Note\Devops\J3\actions-runner\bin'
[2026-08-05 15:23:05Z INFO HostContext] Well known directory 'Root': 'D:\Cours\Cours Ipssi\Note\Devops\J3\actions-runner'
[2026-08-05 15:23:05Z INFO HostContext] Well known directory 'Diag': 'D:\Cours\Cours Ipssi\Note\Devops\J3\actions-runner\_diag'
[2026-08-05 15:23:05Z INFO HostContext] Well known directory 'Bin': 'D:\Cours\Cours Ipssi\Note\Devops\J3\actions-runner\bin'
[2026-08-05 15:23:05Z INFO HostContext] Well known directory 'Root': 'D:\Cours\Cours Ipssi\Note\Devops\J3\actions-runner'
[2026-08-05 15:23:05Z INFO HostContext] Well known directory 'Diag': 'D:\Cours\Cours Ipssi\Note\Devops\J3\actions-runner\_diag'
[2026-08-05 15:23:05Z INFO HostContext] Well known directory 'Bin': 'D:\Cours\Cours Ipssi\Note\Devops\J3\actions-runner\bin'
[2026-08-05 15:23:05Z INFO HostContext] Well known directory 'Root': 'D:\Cours\Cours Ipssi\Note\Devops\J3\actions-runner'
[2026-08-05 15:23:05Z INFO HostContext] Well known directory 'Diag': 'D:\Cours\Cours Ipssi\Note\Devops\J3\actions-runner\_diag'
[2026-08-05 15:23:05Z INFO HostContext] Well known directory 'Bin': 'D:\Cours\Cours Ipssi\Note\Devops\J3\actions-runner\bin'
[2026-08-05 15:23:05Z INFO HostContext] Well known directory 'Root': 'D:\Cours\Cours Ipssi\Note\Devops\J3\actions-runner'
[2026-08-05 15:23:05Z INFO HostContext] Well known directory 'Diag': 'D:\Cours\Cours Ipssi\Note\Devops\J3\actions-runner\_diag'
[2026-08-05 15:23:05Z INFO HostContext] Well known directory 'Bin': 'D:\Cours\Cours Ipssi\Note\Devops\J3\actions-runner\bin'
[2026-08-05 15:23:05Z INFO HostContext] Well known directory 'Root': 'D:\Cours\Cours Ipssi\Note\Devops\J3\actions-runner'
[2026-08-05 15:23:05Z INFO HostContext] Well known directory 'Diag': 'D:\Cours\Cours Ipssi\Note\Devops\J3\actions-runner\_diag'
[2026-08-05 15:23:05Z INFO HostContext] Well known directory 'Bin': 'D:\Cours\Cours Ipssi\Note\Devops\J3\actions-runner\bin'
[2026-08-05 15:23:05Z INFO HostContext] Well known directory 'Root': 'D:\Cours\Cours Ipssi\Note\Devops\J3\actions-runner'
[2026-08-05 15:23:05Z INFO HostContext] Well known directory 'Diag': 'D:\Cours\Cours Ipssi\Note\Devops\J3\actions-runner\_diag'
[2026-08-05 15:23:05Z INFO HostContext] Well known directory 'Bin': 'D:\Cours\Cours Ipssi\Note\Devops\J3\actions-runner\bin'
[2026-08-05 15:23:05Z INFO HostContext] Well known directory 'Root': 'D:\Cours\Cours Ipssi\Note\Devops\J3\actions-runner'
[2026-08-05 15:23:05Z INFO HostContext] Well known directory 'Diag': 'D:\Cours\Cours Ipssi\Note\Devops\J3\actions-runner\_diag'
[2026-08-05 15:23:05Z INFO HostContext] Well known directory 'Bin': 'D:\Cours\Cours Ipssi\Note\Devops\J3\actions-runner\bin'
[2026-08-05 15:23:05Z INFO HostContext] Well known directory 'Root': 'D:\Cours\Cours Ipssi\Note\Devops\J3\actions-runner'
[2026-08-05 15:23:05Z INFO HostContext] Well known directory 'Diag': 'D:\Cours\Cours Ipssi\Note\Devops\J3\actions-runner\_diag'
[2026-08-05 15:23:05Z INFO HostContext] Well known directory 'Bin': 'D:\Cours\Cours Ipssi\Note\Devops\J3\actions-runner\bin'
[2026-08-05 15:23:05Z INFO HostContext] Well known directory 'Root': 'D:\Cours\Cours Ipssi\Note\Devops\J3\actions-runner'
[2026-08-05 15:23:05Z INFO HostContext] Well known directory 'Diag': 'D:\Cours\Cours Ipssi\Note\Devops\J3\actions-runner\_diag'
[2026-08-05 15:23:05Z INFO HostContext] Well known directory 'Bin': 'D:\Cours\Cours Ipssi\Note\Devops\J3\actions-runner\bin'
[2026-08-05 15:23:05Z INFO HostContext] Well known directory 'Root': 'D:\Cours\Cours Ipssi\Note\Devops\J3\actions-runner'
[2026-08-05 15:23:05Z INFO HostContext] Well known directory 'Diag': 'D:\Cours\Cours Ipssi\Note\Devops\J3\actions-runner\_diag'
[2026-08-05 15:23:05Z INFO HostContext] Well known directory 'Bin': 'D:\Cours\Cours Ipssi\Note\Devops\J3\actions-runner\bin'
[2026-08-05 15:23:05Z INFO HostContext] Well known directory 'Root': 'D:\Cours\Cours Ipssi\Note\Devops\J3\actions-runner'
[2026-08-05 15:23:05Z INFO HostContext] Well known directory 'Diag': 'D:\Cours\Cours Ipssi\Note\Devops\J3\actions-runner\_diag'
[2026-08-05 15:23:05Z INFO HostContext] Well known directory 'Bin': 'D:\Cours\Cours Ipssi\Note\Devops\J3\actions-runner\bin'
[2026-08-05 15:23:05Z INFO HostContext] Well known directory 'Root': 'D:\Cours\Cours Ipssi\Note\Devops\J3\actions-runner'
[2026-08-05 15:23:05Z INFO HostContext] Well known directory 'Diag': 'D:\Cours\Cours Ipssi\Note\Devops\J3\actions-runner\_diag'
[2026-08-05 15:23:05Z INFO HostContext] Well known directory 'Bin': 'D:\Cours\Cours Ipssi\Note\Devops\J3\actions-runner\bin'
[2026-08-05 15:23:05Z INFO HostContext] Well known directory 'Root': 'D:\Cours\Cours Ipssi\Note\Devops\J3\actions-runner'
[2026-08-05 15:23:05Z INFO HostContext] Well known directory 'Diag': 'D:\Cours\Cours Ipssi\Note\Devops\J3\actions-runner\_diag'
[2026-08-05 15:23:05Z INFO JobExtension] Total accessible running process: 333.
[2026-08-05 15:23:05Z INFO HostContext] Well known directory 'Bin': 'D:\Cours\Cours Ipssi\Note\Devops\J3\actions-runner\bin'
[2026-08-05 15:23:05Z INFO HostContext] Well known directory 'Root': 'D:\Cours\Cours Ipssi\Note\Devops\J3\actions-runner'
[2026-08-05 15:23:05Z INFO HostContext] Well known directory 'Work': 'D:\Cours\Cours Ipssi\Note\Devops\J3\actions-runner\_work'
[2026-08-05 15:23:05Z INFO JobExtension] Start checking server connectivity.
[2026-08-05 15:23:05Z INFO JobExtension] Check server connectivity for https://broker.actions.githubusercontent.com/health.
[2026-08-05 15:23:05Z INFO JobExtension] Check server connectivity for https://token.actions.githubusercontent.com/ready.
[2026-08-05 15:23:05Z INFO JobExtension] Check server connectivity for https://run.actions.githubusercontent.com/health.
[2026-08-05 15:23:05Z INFO JobExtension] Start checking service connectivity in background.
[2026-08-05 15:23:05Z INFO ExecutionContext] Publish step telemetry for current step {
  "action": "setup_job",
  "type": "runner",
  "stage": "Pre",
  "stepId": "621aeb62-8031-4a78-b002-1ec2fe7b3255",
  "result": "succeeded",
  "errorMessages": [],
  "executionTimeInSeconds": 4,
  "startTime": "2026-08-05T15:23:02.1638086Z",
  "finishTime": "2026-08-05T15:23:05.7691929Z"
}.
[2026-08-05 15:23:05Z INFO JobRunner] Total job steps: 7.
[2026-08-05 15:23:05Z INFO JobRunner] Run all job steps.
[2026-08-05 15:23:05Z INFO DapDebugger] DapDebugger initialized
[2026-08-05 15:23:05Z INFO StepsRunner] Processing step: DisplayName='Run actions/checkout@v4'
[2026-08-05 15:23:05Z INFO StepsRunner] Evaluating: success()
[2026-08-05 15:23:05Z INFO StepsRunner] Result: true
[2026-08-05 15:23:05Z INFO StepsRunner] Starting the step.
[2026-08-05 15:23:05Z INFO HostContext] Well known directory 'Bin': 'D:\Cours\Cours Ipssi\Note\Devops\J3\actions-runner\bin'
[2026-08-05 15:23:05Z INFO HostContext] Well known directory 'Root': 'D:\Cours\Cours Ipssi\Note\Devops\J3\actions-runner'
[2026-08-05 15:23:05Z INFO HostContext] Well known directory 'Work': 'D:\Cours\Cours Ipssi\Note\Devops\J3\actions-runner\_work'
[2026-08-05 15:23:05Z INFO StepsRunner] Which2: 'chcp'
[2026-08-05 15:23:05Z INFO StepsRunner] Location: 'C:\Windows\system32\chcp.COM'
[2026-08-05 15:23:05Z INFO ProcessInvokerWrapper] Starting process:
[2026-08-05 15:23:05Z INFO ProcessInvokerWrapper]   File name: 'C:\Windows\system32\chcp.COM'
[2026-08-05 15:23:05Z INFO ProcessInvokerWrapper]   Arguments: '65001'
[2026-08-05 15:23:05Z INFO ProcessInvokerWrapper]   Working directory: 'D:\Cours\Cours Ipssi\Note\Devops\J3\actions-runner\_work'
[2026-08-05 15:23:05Z INFO ProcessInvokerWrapper]   Require exit code zero: 'False'
[2026-08-05 15:23:05Z INFO ProcessInvokerWrapper]   Encoding web name:  ; code page: ''
[2026-08-05 15:23:05Z INFO ProcessInvokerWrapper]   Force kill process on cancellation: 'False'
[2026-08-05 15:23:05Z INFO ProcessInvokerWrapper]   Redirected STDIN: 'False'
[2026-08-05 15:23:05Z INFO ProcessInvokerWrapper]   Persist current code page: 'True'
[2026-08-05 15:23:05Z INFO ProcessInvokerWrapper]   Keep redirected STDIN open: 'False'
[2026-08-05 15:23:05Z INFO ProcessInvokerWrapper]   High priority process: 'False'
[2026-08-05 15:23:05Z INFO ProcessInvokerWrapper] Process started with process id 5124, waiting for process exit.
[2026-08-05 15:23:05Z INFO ProcessInvokerWrapper] STDOUT/STDERR stream read finished.
[2026-08-05 15:23:05Z INFO ProcessInvokerWrapper] STDOUT/STDERR stream read finished.
[2026-08-05 15:23:05Z INFO ProcessInvokerWrapper] Finished process 5124 with exit code 0, and elapsed time 00:00:00.0365868.
[2026-08-05 15:23:05Z INFO StepsRunner] Successfully returned to code page 65001 (UTF8)
[2026-08-05 15:23:05Z INFO HostContext] Well known directory 'Bin': 'D:\Cours\Cours Ipssi\Note\Devops\J3\actions-runner\bin'
[2026-08-05 15:23:05Z INFO HostContext] Well known directory 'Root': 'D:\Cours\Cours Ipssi\Note\Devops\J3\actions-runner'
[2026-08-05 15:23:05Z INFO HostContext] Well known directory 'Work': 'D:\Cours\Cours Ipssi\Note\Devops\J3\actions-runner\_work'
[2026-08-05 15:23:05Z INFO HostContext] Well known directory 'Actions': 'D:\Cours\Cours Ipssi\Note\Devops\J3\actions-runner\_work\_actions'
[2026-08-05 15:23:05Z INFO ActionManager] Load action that reference repository from 'D:\Cours\Cours Ipssi\Note\Devops\J3\actions-runner\_work\_actions\actions\checkout\v4'
[2026-08-05 15:23:05Z INFO HostContext] Well known directory 'Bin': 'D:\Cours\Cours Ipssi\Note\Devops\J3\actions-runner\bin'
[2026-08-05 15:23:05Z INFO HostContext] Well known directory 'Root': 'D:\Cours\Cours Ipssi\Note\Devops\J3\actions-runner'
[2026-08-05 15:23:05Z INFO HostContext] Well known directory 'Work': 'D:\Cours\Cours Ipssi\Note\Devops\J3\actions-runner\_work'
[2026-08-05 15:23:05Z INFO HostContext] Well known directory 'Actions': 'D:\Cours\Cours Ipssi\Note\Devops\J3\actions-runner\_work\_actions'
[2026-08-05 15:23:05Z INFO ActionManifestManagerLegacy] Loaded action.yml file: {
  "name": "Checkout",
  "description": "Checkout a Git repository at a particular version",
  "inputs": {
    "type": 2,
    "map": [
      {
        "key": {
          "type": 0,
          "file": 2,
          "line": 4,
          "col": 3,
          "lit": "repository"
        },
        "value": {
          "type": 3,
          "file": 2,
          "line": 6,
          "col": 14,
          "expr": "github.repository"
        }
      },
      {
        "key": {
          "type": 0,
          "file": 2,
          "line": 7,
          "col": 3,
          "lit": "ref"
        },
        "value": ""
      },
      {
        "key": {
          "type": 0,
          "file": 2,
          "line": 12,
          "col": 3,
          "lit": "token"
        },
        "value": {
          "type": 3,
          "file": 2,
          "line": 24,
          "col": 14,
          "expr": "github.token"
        }
      },
      {
        "key": {
          "type": 0,
          "file": 2,
          "line": 25,
          "col": 3,
          "lit": "ssh-key"
        },
        "value": ""
      },
      {
        "key": {
          "type": 0,
          "file": 2,
          "line": 37,
          "col": 3,
          "lit": "ssh-known-hosts"
        },
        "value": ""
      },
      {
        "key": {
          "type": 0,
          "file": 2,
          "line": 42,
          "col": 3,
          "lit": "ssh-strict"
        },
        "value": {
          "type": 0,
          "file": 2,
          "line": 47,
          "col": 14,
          "lit": "true"
        }
      },
      {
        "key": {
          "type": 0,
          "file": 2,
          "line": 48,
          "col": 3,
          "lit": "ssh-user"
        },
        "value": {
          "type": 0,
          "file": 2,
          "line": 51,
          "col": 14,
          "lit": "git"
        }
      },
      {
        "key": {
          "type": 0,
          "file": 2,
          "line": 52,
          "col": 3,
          "lit": "persist-credentials"
        },
        "value": {
          "type": 0,
          "file": 2,
          "line": 54,
          "col": 14,
          "lit": "true"
        }
      },
      {
        "key": {
          "type": 0,
          "file": 2,
          "line": 55,
          "col": 3,
          "lit": "path"
        },
        "value": ""
      },
      {
        "key": {
          "type": 0,
          "file": 2,
          "line": 57,
          "col": 3,
          "lit": "clean"
        },
        "value": {
          "type": 0,
          "file": 2,
          "line": 59,
          "col": 14,
          "lit": "true"
        }
      },
      {
        "key": {
          "type": 0,
          "file": 2,
          "line": 60,
          "col": 3,
          "lit": "filter"
        },
        "value": {
          "type": 0,
          "file": 2,
          "line": 64,
          "col": 14,
          "lit": ""
        }
      },
      {
        "key": {
          "type": 0,
          "file": 2,
          "line": 65,
          "col": 3,
          "lit": "sparse-checkout"
        },
        "value": {
          "type": 0,
          "file": 2,
          "line": 69,
          "col": 14,
          "lit": ""
        }
      },
      {
        "key": {
          "type": 0,
          "file": 2,
          "line": 70,
          "col": 3,
          "lit": "sparse-checkout-cone-mode"
        },
        "value": {
          "type": 0,
          "file": 2,
          "line": 73,
          "col": 14,
          "lit": "true"
        }
      },
      {
        "key": {
          "type": 0,
          "file": 2,
          "line": 74,
          "col": 3,
          "lit": "fetch-depth"
        },
        "value": {
          "type": 0,
          "file": 2,
          "line": 76,
          "col": 14,
          "lit": "1"
        }
      },
      {
        "key": {
          "type": 0,
          "file": 2,
          "line": 77,
          "col": 3,
          "lit": "fetch-tags"
        },
        "value": {
          "type": 0,
          "file": 2,
          "line": 79,
          "col": 14,
          "lit": "false"
        }
      },
      {
        "key": {
          "type": 0,
          "file": 2,
          "line": 80,
          "col": 3,
          "lit": "show-progress"
        },
        "value": {
          "type": 0,
          "file": 2,
          "line": 82,
          "col": 14,
          "lit": "true"
        }
      },
      {
        "key": {
          "type": 0,
          "file": 2,
          "line": 83,
          "col": 3,
          "lit": "lfs"
        },
        "value": {
          "type": 0,
          "file": 2,
          "line": 85,
          "col": 14,
          "lit": "false"
        }
      },
      {
        "key": {
          "type": 0,
          "file": 2,
          "line": 86,
          "col": 3,
          "lit": "submodules"
        },
        "value": {
          "type": 0,
          "file": 2,
          "line": 94,
          "col": 14,
          "lit": "false"
        }
      },
      {
        "key": {
          "type": 0,
          "file": 2,
          "line": 95,
          "col": 3,
          "lit": "set-safe-directory"
        },
        "value": {
          "type": 0,
          "file": 2,
          "line": 97,
          "col": 14,
          "lit": "true"
        }
      },
      {
        "key": {
          "type": 0,
          "file": 2,
          "line": 98,
          "col": 3,
          "lit": "github-server-url"
        },
        "value": ""
      },
      {
        "key": {
          "type": 0,
          "file": 2,
          "line": 101,
          "col": 3,
          "lit": "allow-unsafe-pr-checkout"
        },
        "value": {
          "type": 0,
          "file": 2,
          "line": 109,
          "col": 14,
          "lit": "false"
        }
      }
    ]
  },
  "execution": {
    "executionType": "nodeJS",
    "hasPre": false,
    "hasPost": true,
    "script": "dist/index.js",
    "pre": null,
    "post": "dist/index.js",
    "nodeVersion": "node20",
    "cleanupCondition": "always()",
    "initCondition": "always()"
  },
  "deprecated": null
}
[2026-08-05 15:23:05Z INFO ActionManager] Action pre node.js file: N/A.
[2026-08-05 15:23:05Z INFO ActionManager] Action node.js file: dist/index.js.
[2026-08-05 15:23:05Z INFO ActionManager] Action post node.js file: dist/index.js.
[2026-08-05 15:23:05Z INFO ExecutionContext] Reserve record order 9 to 16 for post job actions.
[2026-08-05 15:23:05Z INFO HostContext] Well known directory 'Bin': 'D:\Cours\Cours Ipssi\Note\Devops\J3\actions-runner\bin'
[2026-08-05 15:23:05Z INFO HostContext] Well known directory 'Root': 'D:\Cours\Cours Ipssi\Note\Devops\J3\actions-runner'
[2026-08-05 15:23:05Z INFO HostContext] Well known directory 'Diag': 'D:\Cours\Cours Ipssi\Note\Devops\J3\actions-runner\_diag'
[2026-08-05 15:23:05Z INFO HostContext] Well known directory 'Bin': 'D:\Cours\Cours Ipssi\Note\Devops\J3\actions-runner\bin'
[2026-08-05 15:23:05Z INFO HostContext] Well known directory 'Root': 'D:\Cours\Cours Ipssi\Note\Devops\J3\actions-runner'
[2026-08-05 15:23:05Z INFO HostContext] Well known directory 'Diag': 'D:\Cours\Cours Ipssi\Note\Devops\J3\actions-runner\_diag'
[2026-08-05 15:23:05Z INFO HostContext] Well known directory 'Bin': 'D:\Cours\Cours Ipssi\Note\Devops\J3\actions-runner\bin'
[2026-08-05 15:23:05Z INFO HostContext] Well known directory 'Root': 'D:\Cours\Cours Ipssi\Note\Devops\J3\actions-runner'
[2026-08-05 15:23:05Z INFO HostContext] Well known directory 'Work': 'D:\Cours\Cours Ipssi\Note\Devops\J3\actions-runner\_work'
[2026-08-05 15:23:05Z INFO HostContext] Well known directory 'Temp': 'D:\Cours\Cours Ipssi\Note\Devops\J3\actions-runner\_work\_temp'
[2026-08-05 15:23:05Z INFO ExecutionContext] Write event payload to D:\Cours\Cours Ipssi\Note\Devops\J3\actions-runner\_work\_temp\_github_workflow\event.json
[2026-08-05 15:23:05Z INFO HostContext] Well known directory 'Bin': 'D:\Cours\Cours Ipssi\Note\Devops\J3\actions-runner\bin'
[2026-08-05 15:23:05Z INFO HostContext] Well known directory 'Root': 'D:\Cours\Cours Ipssi\Note\Devops\J3\actions-runner'
[2026-08-05 15:23:05Z INFO HostContext] Well known directory 'Work': 'D:\Cours\Cours Ipssi\Note\Devops\J3\actions-runner\_work'
[2026-08-05 15:23:05Z INFO HostContext] Well known directory 'Temp': 'D:\Cours\Cours Ipssi\Note\Devops\J3\actions-runner\_work\_temp'
[2026-08-05 15:23:05Z INFO ExtensionManager] Getting extensions for interface: 'GitHub.Runner.Worker.IFileCommandExtension'
[2026-08-05 15:23:05Z INFO ExtensionManager] Creating instance: GitHub.Runner.Worker.AddPathFileCommand, Runner.Worker
[2026-08-05 15:23:05Z INFO ExtensionManager] Creating instance: GitHub.Runner.Worker.SetEnvFileCommand, Runner.Worker
[2026-08-05 15:23:05Z INFO ExtensionManager] Creating instance: GitHub.Runner.Worker.CreateStepSummaryCommand, Runner.Worker
[2026-08-05 15:23:05Z INFO ExtensionManager] Creating instance: GitHub.Runner.Worker.SaveStateFileCommand, Runner.Worker
[2026-08-05 15:23:05Z INFO ExtensionManager] Creating instance: GitHub.Runner.Worker.SetOutputFileCommand, Runner.Worker
[2026-08-05 15:23:05Z INFO ExtensionManager] Creating instance: GitHub.Runner.Worker.CreateArtifactsFileCommand, Runner.Worker
[2026-08-05 15:23:05Z INFO ExtensionManager] Creating instance: GitHub.Runner.Worker.ArtifactsListFileCommand, Runner.Worker
[2026-08-05 15:23:05Z INFO ActionManifestManagerLegacy] Input 'repository': default value evaluate result: {
  "type": 0,
  "file": 2,
  "line": 6,
  "col": 14,
  "lit": "***/J3_cours_devops"
}
[2026-08-05 15:23:05Z INFO ActionManifestManagerLegacy] Input 'ref': default value evaluate result: ""
[2026-08-05 15:23:05Z INFO ActionManifestManagerLegacy] Input 'token': default value evaluate result: {
  "type": 0,
  "file": 2,
  "line": 24,
  "col": 14,
  "lit": "***"
}
[2026-08-05 15:23:05Z INFO ActionManifestManagerLegacy] Input 'ssh-key': default value evaluate result: ""
[2026-08-05 15:23:05Z INFO ActionManifestManagerLegacy] Input 'ssh-known-hosts': default value evaluate result: ""
[2026-08-05 15:23:05Z INFO ActionManifestManagerLegacy] Input 'ssh-strict': default value evaluate result: {
  "type": 0,
  "file": 2,
  "line": 47,
  "col": 14,
  "lit": "true"
}
[2026-08-05 15:23:05Z INFO ActionManifestManagerLegacy] Input 'ssh-user': default value evaluate result: {
  "type": 0,
  "file": 2,
  "line": 51,
  "col": 14,
  "lit": "git"
}
[2026-08-05 15:23:05Z INFO ActionManifestManagerLegacy] Input 'persist-credentials': default value evaluate result: {
  "type": 0,
  "file": 2,
  "line": 54,
  "col": 14,
  "lit": "true"
}
[2026-08-05 15:23:05Z INFO ActionManifestManagerLegacy] Input 'path': default value evaluate result: ""
[2026-08-05 15:23:05Z INFO ActionManifestManagerLegacy] Input 'clean': default value evaluate result: {
  "type": 0,
  "file": 2,
  "line": 59,
  "col": 14,
  "lit": "true"
}
[2026-08-05 15:23:05Z INFO ActionManifestManagerLegacy] Input 'filter': default value evaluate result: {
  "type": 0,
  "file": 2,
  "line": 64,
  "col": 14,
  "lit": ""
}
[2026-08-05 15:23:05Z INFO ActionManifestManagerLegacy] Input 'sparse-checkout': default value evaluate result: {
  "type": 0,
  "file": 2,
  "line": 69,
  "col": 14,
  "lit": ""
}
[2026-08-05 15:23:05Z INFO ActionManifestManagerLegacy] Input 'sparse-checkout-cone-mode': default value evaluate result: {
  "type": 0,
  "file": 2,
  "line": 73,
  "col": 14,
  "lit": "true"
}
[2026-08-05 15:23:05Z INFO ActionManifestManagerLegacy] Input 'fetch-depth': default value evaluate result: {
  "type": 0,
  "file": 2,
  "line": 76,
  "col": 14,
  "lit": "1"
}
[2026-08-05 15:23:05Z INFO ActionManifestManagerLegacy] Input 'fetch-tags': default value evaluate result: {
  "type": 0,
  "file": 2,
  "line": 79,
  "col": 14,
  "lit": "false"
}
[2026-08-05 15:23:05Z INFO ActionManifestManagerLegacy] Input 'show-progress': default value evaluate result: {
  "type": 0,
  "file": 2,
  "line": 82,
  "col": 14,
  "lit": "true"
}
[2026-08-05 15:23:05Z INFO ActionManifestManagerLegacy] Input 'lfs': default value evaluate result: {
  "type": 0,
  "file": 2,
  "line": 85,
  "col": 14,
  "lit": "false"
}
[2026-08-05 15:23:05Z INFO ActionManifestManagerLegacy] Input 'submodules': default value evaluate result: {
  "type": 0,
  "file": 2,
  "line": 94,
  "col": 14,
  "lit": "false"
}
[2026-08-05 15:23:05Z INFO ActionManifestManagerLegacy] Input 'set-safe-directory': default value evaluate result: {
  "type": 0,
  "file": 2,
  "line": 97,
  "col": 14,
  "lit": "true"
}
[2026-08-05 15:23:05Z INFO ActionManifestManagerLegacy] Input 'github-server-url': default value evaluate result: ""
[2026-08-05 15:23:05Z INFO ActionManifestManagerLegacy] Input 'allow-unsafe-pr-checkout': default value evaluate result: {
  "type": 0,
  "file": 2,
  "line": 109,
  "col": 14,
  "lit": "false"
}
[2026-08-05 15:23:05Z INFO ExtensionManager] Getting extensions for interface: 'GitHub.Runner.Worker.IActionCommandExtension'
[2026-08-05 15:23:05Z INFO ExtensionManager] Creating instance: GitHub.Runner.Worker.InternalPluginSetRepoPathCommandExtension, Runner.Worker
[2026-08-05 15:23:05Z INFO ExtensionManager] Creating instance: GitHub.Runner.Worker.SetEnvCommandExtension, Runner.Worker
[2026-08-05 15:23:05Z INFO ExtensionManager] Creating instance: GitHub.Runner.Worker.SetOutputCommandExtension, Runner.Worker
[2026-08-05 15:23:05Z INFO ExtensionManager] Creating instance: GitHub.Runner.Worker.SaveStateCommandExtension, Runner.Worker
[2026-08-05 15:23:05Z INFO ExtensionManager] Creating instance: GitHub.Runner.Worker.AddPathCommandExtension, Runner.Worker
[2026-08-05 15:23:05Z INFO ExtensionManager] Creating instance: GitHub.Runner.Worker.AddMaskCommandExtension, Runner.Worker
[2026-08-05 15:23:05Z INFO ExtensionManager] Creating instance: GitHub.Runner.Worker.AddMatcherCommandExtension, Runner.Worker
[2026-08-05 15:23:05Z INFO ExtensionManager] Creating instance: GitHub.Runner.Worker.RemoveMatcherCommandExtension, Runner.Worker
[2026-08-05 15:23:05Z INFO ExtensionManager] Creating instance: GitHub.Runner.Worker.WarningCommandExtension, Runner.Worker
[2026-08-05 15:23:05Z INFO ExtensionManager] Creating instance: GitHub.Runner.Worker.ErrorCommandExtension, Runner.Worker
[2026-08-05 15:23:05Z INFO ExtensionManager] Creating instance: GitHub.Runner.Worker.NoticeCommandExtension, Runner.Worker
[2026-08-05 15:23:05Z INFO ExtensionManager] Creating instance: GitHub.Runner.Worker.DebugCommandExtension, Runner.Worker
[2026-08-05 15:23:05Z INFO ExtensionManager] Creating instance: GitHub.Runner.Worker.GroupCommandExtension, Runner.Worker
[2026-08-05 15:23:05Z INFO ExtensionManager] Creating instance: GitHub.Runner.Worker.EndGroupCommandExtension, Runner.Worker
[2026-08-05 15:23:05Z INFO ExtensionManager] Creating instance: GitHub.Runner.Worker.EchoCommandExtension, Runner.Worker
[2026-08-05 15:23:05Z INFO ActionCommandManager] Register action command extension for command internal-set-repo-path
[2026-08-05 15:23:05Z INFO ActionCommandManager] Register action command extension for command set-env
[2026-08-05 15:23:05Z INFO ActionCommandManager] Register action command extension for command set-output
[2026-08-05 15:23:05Z INFO ActionCommandManager] Register action command extension for command save-state
[2026-08-05 15:23:05Z INFO ActionCommandManager] Register action command extension for command add-path
[2026-08-05 15:23:05Z INFO ActionCommandManager] Register action command extension for command add-mask
[2026-08-05 15:23:05Z INFO ActionCommandManager] Register action command extension for command add-matcher
[2026-08-05 15:23:05Z INFO ActionCommandManager] Register action command extension for command remove-matcher
[2026-08-05 15:23:05Z INFO ActionCommandManager] Register action command extension for command warning
[2026-08-05 15:23:05Z INFO ActionCommandManager] Register action command extension for command error
[2026-08-05 15:23:05Z INFO ActionCommandManager] Register action command extension for command notice
[2026-08-05 15:23:05Z INFO ActionCommandManager] Register action command extension for command debug
[2026-08-05 15:23:05Z INFO ActionCommandManager] Register action command extension for command group
[2026-08-05 15:23:05Z INFO ActionCommandManager] Register action command extension for command endgroup
[2026-08-05 15:23:05Z INFO ActionCommandManager] Register action command extension for command echo
[2026-08-05 15:23:05Z INFO HostContext] Well known directory 'Bin': 'D:\Cours\Cours Ipssi\Note\Devops\J3\actions-runner\bin'
[2026-08-05 15:23:05Z INFO HostContext] Well known directory 'Root': 'D:\Cours\Cours Ipssi\Note\Devops\J3\actions-runner'
[2026-08-05 15:23:05Z INFO HostContext] Well known directory 'Externals': 'D:\Cours\Cours Ipssi\Note\Devops\J3\actions-runner\externals'
[2026-08-05 15:23:05Z INFO ProcessInvokerWrapper] Starting process:
[2026-08-05 15:23:05Z INFO ProcessInvokerWrapper]   File name: 'D:\Cours\Cours Ipssi\Note\Devops\J3\actions-runner\externals\node24\bin\node.exe'
[2026-08-05 15:23:05Z INFO ProcessInvokerWrapper]   Arguments: '"D:\Cours\Cours Ipssi\Note\Devops\J3\actions-runner\_work\_actions\actions\checkout\v4\dist/index.js"'
[2026-08-05 15:23:05Z INFO ProcessInvokerWrapper]   Working directory: 'D:\Cours\Cours Ipssi\Note\Devops\J3\actions-runner\_work\J3_cours_devops\J3_cours_devops'
[2026-08-05 15:23:05Z INFO ProcessInvokerWrapper]   Require exit code zero: 'False'
[2026-08-05 15:23:05Z INFO ProcessInvokerWrapper]   Encoding web name: utf-8 ; code page: '65001'
[2026-08-05 15:23:05Z INFO ProcessInvokerWrapper]   Force kill process on cancellation: 'False'
[2026-08-05 15:23:05Z INFO ProcessInvokerWrapper]   Redirected STDIN: 'False'
[2026-08-05 15:23:05Z INFO ProcessInvokerWrapper]   Persist current code page: 'True'
[2026-08-05 15:23:05Z INFO ProcessInvokerWrapper]   Keep redirected STDIN open: 'False'
[2026-08-05 15:23:05Z INFO ProcessInvokerWrapper]   High priority process: 'False'
[2026-08-05 15:23:05Z INFO JobServerQueue] Try to append 1 batches web console lines for record '621aeb62-8031-4a78-b002-1ec2fe7b3255', success rate: 1/1.
[2026-08-05 15:23:05Z INFO JobServerQueue] Try to append 1 batches web console lines for record '12da13bc-d3e8-43eb-b992-0fdbc5345383', success rate: 1/1.
[2026-08-05 15:23:05Z INFO ProcessInvokerWrapper] Process started with process id 31888, waiting for process exit.
[2026-08-05 15:23:06Z INFO JobServerQueue] Got a step log file to send to results service.
[2026-08-05 15:23:06Z INFO JobServerQueue] Starting upload of step log file to results service ResultsLog, D:\Cours\Cours Ipssi\Note\Devops\J3\actions-runner\_diag\blocks\4f1ff05d-0d3b-4999-9e78-61cc0f2ec3a4_621aeb62-8031-4a78-b002-1ec2fe7b3255.1
[2026-08-05 15:23:06Z INFO JobServerQueue] Try to upload 1 log files or attachments, success rate: 1/1.
[2026-08-05 15:23:06Z INFO JobServerQueue] Try to append 1 batches web console lines for record '12da13bc-d3e8-43eb-b992-0fdbc5345383', success rate: 1/1.
[2026-08-05 15:23:06Z INFO JobServerQueue] Try to append 1 batches web console lines for record '12da13bc-d3e8-43eb-b992-0fdbc5345383', success rate: 1/1.
[2026-08-05 15:23:06Z INFO JobServerQueue] Tried to upload 1 file(s) to results, success rate: 1/1.
[2026-08-05 15:23:07Z INFO AddMaskCommandExtension] Add new secret mask with length of 524
[2026-08-05 15:23:08Z INFO JobServerQueue] Try to append 1 batches web console lines for record '12da13bc-d3e8-43eb-b992-0fdbc5345383', success rate: 1/1.
[2026-08-05 15:23:08Z INFO JobServerQueue] Try to append 1 batches web console lines for record '12da13bc-d3e8-43eb-b992-0fdbc5345383', success rate: 1/1.
[2026-08-05 15:23:08Z INFO JobServerQueue] Try to append 1 batches web console lines for record '12da13bc-d3e8-43eb-b992-0fdbc5345383', success rate: 1/1.
[2026-08-05 15:23:10Z INFO JobServerQueue] Try to append 1 batches web console lines for record '12da13bc-d3e8-43eb-b992-0fdbc5345383', success rate: 1/1.
[2026-08-05 15:23:10Z INFO JobServerQueue] Try to append 1 batches web console lines for record '12da13bc-d3e8-43eb-b992-0fdbc5345383', success rate: 1/1.
[2026-08-05 15:23:11Z INFO JobServerQueue] Try to append 1 batches web console lines for record '12da13bc-d3e8-43eb-b992-0fdbc5345383', success rate: 1/1.
[2026-08-05 15:23:13Z INFO JobServerQueue] Try to append 1 batches web console lines for record '12da13bc-d3e8-43eb-b992-0fdbc5345383', success rate: 1/1.
[2026-08-05 15:23:15Z INFO HostContext] Well known directory 'Bin': 'D:\Cours\Cours Ipssi\Note\Devops\J3\actions-runner\bin'
[2026-08-05 15:23:15Z INFO HostContext] Well known directory 'Root': 'D:\Cours\Cours Ipssi\Note\Devops\J3\actions-runner'
[2026-08-05 15:23:15Z INFO HostContext] Well known directory 'Work': 'D:\Cours\Cours Ipssi\Note\Devops\J3\actions-runner\_work'
[2026-08-05 15:23:23Z INFO JobServerQueue] Try to append 1 batches web console lines for record '12da13bc-d3e8-43eb-b992-0fdbc5345383', success rate: 1/1.
[2026-08-05 15:23:23Z INFO JobServerQueue] Try to append 1 batches web console lines for record '12da13bc-d3e8-43eb-b992-0fdbc5345383', success rate: 1/1.
[2026-08-05 15:23:24Z INFO JobServerQueue] Try to append 1 batches web console lines for record '12da13bc-d3e8-43eb-b992-0fdbc5345383', success rate: 1/1.
[2026-08-05 15:23:25Z INFO JobServerQueue] Try to append 1 batches web console lines for record '12da13bc-d3e8-43eb-b992-0fdbc5345383', success rate: 1/1.
[2026-08-05 15:23:25Z INFO JobServerQueue] Try to append 1 batches web console lines for record '12da13bc-d3e8-43eb-b992-0fdbc5345383', success rate: 1/1.
[2026-08-05 15:23:25Z INFO JobServerQueue] Try to append 1 batches web console lines for record '12da13bc-d3e8-43eb-b992-0fdbc5345383', success rate: 1/1.
[2026-08-05 15:23:25Z INFO HostContext] Well known directory 'Bin': 'D:\Cours\Cours Ipssi\Note\Devops\J3\actions-runner\bin'
[2026-08-05 15:23:25Z INFO HostContext] Well known directory 'Root': 'D:\Cours\Cours Ipssi\Note\Devops\J3\actions-runner'
[2026-08-05 15:23:25Z INFO HostContext] Well known directory 'Work': 'D:\Cours\Cours Ipssi\Note\Devops\J3\actions-runner\_work'
[2026-08-05 15:23:26Z INFO JobServerQueue] Try to append 1 batches web console lines for record '12da13bc-d3e8-43eb-b992-0fdbc5345383', success rate: 1/1.
[2026-08-05 15:23:27Z INFO JobServerQueue] Try to append 1 batches web console lines for record '12da13bc-d3e8-43eb-b992-0fdbc5345383', success rate: 1/1.
[2026-08-05 15:23:27Z INFO JobServerQueue] Try to append 1 batches web console lines for record '12da13bc-d3e8-43eb-b992-0fdbc5345383', success rate: 1/1.
[2026-08-05 15:23:27Z INFO ProcessInvokerWrapper] STDOUT/STDERR stream read finished.
[2026-08-05 15:23:27Z INFO ProcessInvokerWrapper] STDOUT/STDERR stream read finished.
[2026-08-05 15:23:27Z INFO ProcessInvokerWrapper] Finished process 31888 with exit code 0, and elapsed time 00:00:21.5206782.
[2026-08-05 15:23:27Z INFO CreateStepSummaryCommand] Step Summary file (D:\Cours\Cours Ipssi\Note\Devops\J3\actions-runner\_work\_temp\_runner_file_commands\step_summary_f212ebde-860e-409a-9dbc-a5d437ce9f91) is empty; skipping attachment upload
[2026-08-05 15:23:27Z INFO StepsRunner] Step result: 
[2026-08-05 15:23:27Z INFO ExecutionContext] Publish step telemetry for current step {
  "action": "actions/checkout",
  "ref": "v4",
  "type": "node24",
  "stage": "Main",
  "stepId": "12da13bc-d3e8-43eb-b992-0fdbc5345383",
  "stepContextName": "__actions_checkout",
  "hasPreStep": false,
  "hasPostStep": true,
  "result": "succeeded",
  "errorMessages": [],
  "executionTimeInSeconds": 22,
  "startTime": "2026-08-05T15:23:05.7952844Z",
  "finishTime": "2026-08-05T15:23:27.4779293Z"
}.
[2026-08-05 15:23:27Z INFO StepsRunner] No need for updating job result with current step result 'Succeeded'.
[2026-08-05 15:23:27Z INFO StepsRunner] Current state: job state = ''
[2026-08-05 15:23:27Z INFO StepsRunner] Processing step: DisplayName='Run docker/login-action@v3'
[2026-08-05 15:23:27Z INFO StepsRunner] Evaluating: success()
[2026-08-05 15:23:27Z INFO StepsRunner] Result: true
[2026-08-05 15:23:27Z INFO StepsRunner] Starting the step.
[2026-08-05 15:23:27Z INFO HostContext] Well known directory 'Bin': 'D:\Cours\Cours Ipssi\Note\Devops\J3\actions-runner\bin'
[2026-08-05 15:23:27Z INFO HostContext] Well known directory 'Root': 'D:\Cours\Cours Ipssi\Note\Devops\J3\actions-runner'
[2026-08-05 15:23:27Z INFO HostContext] Well known directory 'Work': 'D:\Cours\Cours Ipssi\Note\Devops\J3\actions-runner\_work'
[2026-08-05 15:23:27Z INFO StepsRunner] Which2: 'chcp'
[2026-08-05 15:23:27Z INFO StepsRunner] Location: 'C:\Windows\system32\chcp.COM'
[2026-08-05 15:23:27Z INFO ProcessInvokerWrapper] Starting process:
[2026-08-05 15:23:27Z INFO ProcessInvokerWrapper]   File name: 'C:\Windows\system32\chcp.COM'
[2026-08-05 15:23:27Z INFO ProcessInvokerWrapper]   Arguments: '65001'
[2026-08-05 15:23:27Z INFO ProcessInvokerWrapper]   Working directory: 'D:\Cours\Cours Ipssi\Note\Devops\J3\actions-runner\_work'
[2026-08-05 15:23:27Z INFO ProcessInvokerWrapper]   Require exit code zero: 'False'
[2026-08-05 15:23:27Z INFO ProcessInvokerWrapper]   Encoding web name:  ; code page: ''
[2026-08-05 15:23:27Z INFO ProcessInvokerWrapper]   Force kill process on cancellation: 'False'
[2026-08-05 15:23:27Z INFO ProcessInvokerWrapper]   Redirected STDIN: 'False'
[2026-08-05 15:23:27Z INFO ProcessInvokerWrapper]   Persist current code page: 'True'
[2026-08-05 15:23:27Z INFO ProcessInvokerWrapper]   Keep redirected STDIN open: 'False'
[2026-08-05 15:23:27Z INFO ProcessInvokerWrapper]   High priority process: 'False'
[2026-08-05 15:23:27Z INFO ProcessInvokerWrapper] Process started with process id 28860, waiting for process exit.
[2026-08-05 15:23:27Z INFO ProcessInvokerWrapper] STDOUT/STDERR stream read finished.
[2026-08-05 15:23:27Z INFO ProcessInvokerWrapper] STDOUT/STDERR stream read finished.
[2026-08-05 15:23:27Z INFO ProcessInvokerWrapper] Finished process 28860 with exit code 0, and elapsed time 00:00:00.0222202.
[2026-08-05 15:23:27Z INFO StepsRunner] Successfully returned to code page 65001 (UTF8)
[2026-08-05 15:23:27Z INFO HostContext] Well known directory 'Bin': 'D:\Cours\Cours Ipssi\Note\Devops\J3\actions-runner\bin'
[2026-08-05 15:23:27Z INFO HostContext] Well known directory 'Root': 'D:\Cours\Cours Ipssi\Note\Devops\J3\actions-runner'
[2026-08-05 15:23:27Z INFO HostContext] Well known directory 'Work': 'D:\Cours\Cours Ipssi\Note\Devops\J3\actions-runner\_work'
[2026-08-05 15:23:27Z INFO HostContext] Well known directory 'Actions': 'D:\Cours\Cours Ipssi\Note\Devops\J3\actions-runner\_work\_actions'
[2026-08-05 15:23:27Z INFO ActionManager] Load action that reference repository from 'D:\Cours\Cours Ipssi\Note\Devops\J3\actions-runner\_work\_actions\docker\login-action\v3'
[2026-08-05 15:23:27Z INFO HostContext] Well known directory 'Bin': 'D:\Cours\Cours Ipssi\Note\Devops\J3\actions-runner\bin'
[2026-08-05 15:23:27Z INFO HostContext] Well known directory 'Root': 'D:\Cours\Cours Ipssi\Note\Devops\J3\actions-runner'
[2026-08-05 15:23:27Z INFO HostContext] Well known directory 'Work': 'D:\Cours\Cours Ipssi\Note\Devops\J3\actions-runner\_work'
[2026-08-05 15:23:27Z INFO HostContext] Well known directory 'Actions': 'D:\Cours\Cours Ipssi\Note\Devops\J3\actions-runner\_work\_actions'
[2026-08-05 15:23:27Z INFO ActionManifestManagerLegacy] Ignore action property author.
[2026-08-05 15:23:27Z INFO ActionManifestManagerLegacy] Ignore action property branding.
[2026-08-05 15:23:27Z INFO ActionManifestManagerLegacy] Loaded action.yml file: {
  "name": "Docker Login",
  "description": "GitHub Action to login against a Docker registry",
  "inputs": {
    "type": 2,
    "map": [
      {
        "key": {
          "type": 0,
          "file": 3,
          "line": 10,
          "col": 3,
          "lit": "registry"
        },
        "value": ""
      },
      {
        "key": {
          "type": 0,
          "file": 3,
          "line": 13,
          "col": 3,
          "lit": "username"
        },
        "value": ""
      },
      {
        "key": {
          "type": 0,
          "file": 3,
          "line": 16,
          "col": 3,
          "lit": "password"
        },
        "value": ""
      },
      {
        "key": {
          "type": 0,
          "file": 3,
          "line": 19,
          "col": 3,
          "lit": "ecr"
        },
        "value": ""
      },
      {
        "key": {
          "type": 0,
          "file": 3,
          "line": 22,
          "col": 3,
          "lit": "scope"
        },
        "value": ""
      },
      {
        "key": {
          "type": 0,
          "file": 3,
          "line": 25,
          "col": 3,
          "lit": "logout"
        },
        "value": {
          "type": 0,
          "file": 3,
          "line": 27,
          "col": 14,
          "lit": "true"
        }
      },
      {
        "key": {
          "type": 0,
          "file": 3,
          "line": 29,
          "col": 3,
          "lit": "registry-auth"
        },
        "value": ""
      }
    ]
  },
  "execution": {
    "executionType": "nodeJS",
    "hasPre": false,
    "hasPost": true,
    "script": "dist/index.js",
    "pre": null,
    "post": "dist/index.js",
    "nodeVersion": "node20",
    "cleanupCondition": "always()",
    "initCondition": "always()"
  },
  "deprecated": null
}
[2026-08-05 15:23:27Z INFO ActionManager] Action pre node.js file: N/A.
[2026-08-05 15:23:27Z INFO ActionManager] Action node.js file: dist/index.js.
[2026-08-05 15:23:27Z INFO ActionManager] Action post node.js file: dist/index.js.
[2026-08-05 15:23:27Z INFO HostContext] Well known directory 'Bin': 'D:\Cours\Cours Ipssi\Note\Devops\J3\actions-runner\bin'
[2026-08-05 15:23:27Z INFO HostContext] Well known directory 'Root': 'D:\Cours\Cours Ipssi\Note\Devops\J3\actions-runner'
[2026-08-05 15:23:27Z INFO HostContext] Well known directory 'Diag': 'D:\Cours\Cours Ipssi\Note\Devops\J3\actions-runner\_diag'
[2026-08-05 15:23:27Z INFO HostContext] Well known directory 'Bin': 'D:\Cours\Cours Ipssi\Note\Devops\J3\actions-runner\bin'
[2026-08-05 15:23:27Z INFO HostContext] Well known directory 'Root': 'D:\Cours\Cours Ipssi\Note\Devops\J3\actions-runner'
[2026-08-05 15:23:27Z INFO HostContext] Well known directory 'Diag': 'D:\Cours\Cours Ipssi\Note\Devops\J3\actions-runner\_diag'
[2026-08-05 15:23:27Z INFO HostContext] Well known directory 'Bin': 'D:\Cours\Cours Ipssi\Note\Devops\J3\actions-runner\bin'
[2026-08-05 15:23:27Z INFO HostContext] Well known directory 'Root': 'D:\Cours\Cours Ipssi\Note\Devops\J3\actions-runner'
[2026-08-05 15:23:27Z INFO HostContext] Well known directory 'Work': 'D:\Cours\Cours Ipssi\Note\Devops\J3\actions-runner\_work'
[2026-08-05 15:23:27Z INFO HostContext] Well known directory 'Temp': 'D:\Cours\Cours Ipssi\Note\Devops\J3\actions-runner\_work\_temp'
[2026-08-05 15:23:27Z INFO ExecutionContext] Write event payload to D:\Cours\Cours Ipssi\Note\Devops\J3\actions-runner\_work\_temp\_github_workflow\event.json
[2026-08-05 15:23:27Z INFO HostContext] Well known directory 'Bin': 'D:\Cours\Cours Ipssi\Note\Devops\J3\actions-runner\bin'
[2026-08-05 15:23:27Z INFO HostContext] Well known directory 'Root': 'D:\Cours\Cours Ipssi\Note\Devops\J3\actions-runner'
[2026-08-05 15:23:27Z INFO HostContext] Well known directory 'Work': 'D:\Cours\Cours Ipssi\Note\Devops\J3\actions-runner\_work'
[2026-08-05 15:23:27Z INFO HostContext] Well known directory 'Temp': 'D:\Cours\Cours Ipssi\Note\Devops\J3\actions-runner\_work\_temp'
[2026-08-05 15:23:27Z INFO ExtensionManager] Getting extensions for interface: 'GitHub.Runner.Worker.IFileCommandExtension'
[2026-08-05 15:23:27Z INFO ActionManifestManagerLegacy] Input 'registry': default value evaluate result: ""
[2026-08-05 15:23:27Z INFO ActionManifestManagerLegacy] Input 'ecr': default value evaluate result: ""
[2026-08-05 15:23:27Z INFO ActionManifestManagerLegacy] Input 'scope': default value evaluate result: ""
[2026-08-05 15:23:27Z INFO ActionManifestManagerLegacy] Input 'logout': default value evaluate result: {
  "type": 0,
  "file": 3,
  "line": 27,
  "col": 14,
  "lit": "true"
}
[2026-08-05 15:23:27Z INFO ActionManifestManagerLegacy] Input 'registry-auth': default value evaluate result: ""
[2026-08-05 15:23:27Z INFO ExtensionManager] Getting extensions for interface: 'GitHub.Runner.Worker.IActionCommandExtension'
[2026-08-05 15:23:27Z INFO ActionCommandManager] Register action command extension for command internal-set-repo-path
[2026-08-05 15:23:27Z INFO ActionCommandManager] Register action command extension for command set-env
[2026-08-05 15:23:27Z INFO ActionCommandManager] Register action command extension for command set-output
[2026-08-05 15:23:27Z INFO ActionCommandManager] Register action command extension for command save-state
[2026-08-05 15:23:27Z INFO ActionCommandManager] Register action command extension for command add-path
[2026-08-05 15:23:27Z INFO ActionCommandManager] Register action command extension for command add-mask
[2026-08-05 15:23:27Z INFO ActionCommandManager] Register action command extension for command add-matcher
[2026-08-05 15:23:27Z INFO ActionCommandManager] Register action command extension for command remove-matcher
[2026-08-05 15:23:27Z INFO ActionCommandManager] Register action command extension for command warning
[2026-08-05 15:23:27Z INFO ActionCommandManager] Register action command extension for command error
[2026-08-05 15:23:27Z INFO ActionCommandManager] Register action command extension for command notice
[2026-08-05 15:23:27Z INFO ActionCommandManager] Register action command extension for command debug
[2026-08-05 15:23:27Z INFO ActionCommandManager] Register action command extension for command group
[2026-08-05 15:23:27Z INFO ActionCommandManager] Register action command extension for command endgroup
[2026-08-05 15:23:27Z INFO ActionCommandManager] Register action command extension for command echo
[2026-08-05 15:23:27Z INFO HostContext] Well known directory 'Bin': 'D:\Cours\Cours Ipssi\Note\Devops\J3\actions-runner\bin'
[2026-08-05 15:23:27Z INFO HostContext] Well known directory 'Root': 'D:\Cours\Cours Ipssi\Note\Devops\J3\actions-runner'
[2026-08-05 15:23:27Z INFO HostContext] Well known directory 'Externals': 'D:\Cours\Cours Ipssi\Note\Devops\J3\actions-runner\externals'
[2026-08-05 15:23:27Z INFO ProcessInvokerWrapper] Starting process:
[2026-08-05 15:23:27Z INFO ProcessInvokerWrapper]   File name: 'D:\Cours\Cours Ipssi\Note\Devops\J3\actions-runner\externals\node24\bin\node.exe'
[2026-08-05 15:23:27Z INFO ProcessInvokerWrapper]   Arguments: '"D:\Cours\Cours Ipssi\Note\Devops\J3\actions-runner\_work\_actions\docker\login-action\v3\dist/index.js"'
[2026-08-05 15:23:27Z INFO ProcessInvokerWrapper]   Working directory: 'D:\Cours\Cours Ipssi\Note\Devops\J3\actions-runner\_work\J3_cours_devops\J3_cours_devops'
[2026-08-05 15:23:27Z INFO ProcessInvokerWrapper]   Require exit code zero: 'False'
[2026-08-05 15:23:27Z INFO ProcessInvokerWrapper]   Encoding web name: utf-8 ; code page: '65001'
[2026-08-05 15:23:27Z INFO ProcessInvokerWrapper]   Force kill process on cancellation: 'False'
[2026-08-05 15:23:27Z INFO ProcessInvokerWrapper]   Redirected STDIN: 'False'
[2026-08-05 15:23:27Z INFO ProcessInvokerWrapper]   Persist current code page: 'True'
[2026-08-05 15:23:27Z INFO ProcessInvokerWrapper]   Keep redirected STDIN open: 'False'
[2026-08-05 15:23:27Z INFO ProcessInvokerWrapper]   High priority process: 'False'
[2026-08-05 15:23:27Z INFO ProcessInvokerWrapper] Process started with process id 34688, waiting for process exit.
[2026-08-05 15:23:27Z INFO JobServerQueue] Try to append 1 batches web console lines for record '12da13bc-d3e8-43eb-b992-0fdbc5345383', success rate: 1/1.
[2026-08-05 15:23:27Z INFO JobServerQueue] Try to append 1 batches web console lines for record 'a217d17e-5592-48b7-90db-76e68a1d172f', success rate: 1/1.
[2026-08-05 15:23:27Z INFO JobServerQueue] Got a step log file to send to results service.
[2026-08-05 15:23:27Z INFO JobServerQueue] Starting upload of step log file to results service ResultsLog, D:\Cours\Cours Ipssi\Note\Devops\J3\actions-runner\_diag\blocks\4f1ff05d-0d3b-4999-9e78-61cc0f2ec3a4_12da13bc-d3e8-43eb-b992-0fdbc5345383.1
[2026-08-05 15:23:28Z INFO JobServerQueue] Tried to upload 1 file(s) to results, success rate: 1/1.
[2026-08-05 15:23:28Z INFO JobServerQueue] Try to append 1 batches web console lines for record 'a217d17e-5592-48b7-90db-76e68a1d172f', success rate: 1/1.
[2026-08-05 15:23:28Z INFO JobServerQueue] Try to upload 1 log files or attachments, success rate: 1/1.
[2026-08-05 15:23:35Z INFO HostContext] Well known directory 'Bin': 'D:\Cours\Cours Ipssi\Note\Devops\J3\actions-runner\bin'
[2026-08-05 15:23:35Z INFO HostContext] Well known directory 'Root': 'D:\Cours\Cours Ipssi\Note\Devops\J3\actions-runner'
[2026-08-05 15:23:35Z INFO HostContext] Well known directory 'Work': 'D:\Cours\Cours Ipssi\Note\Devops\J3\actions-runner\_work'
[2026-08-05 15:23:38Z INFO ProcessInvokerWrapper] STDOUT/STDERR stream read finished.
[2026-08-05 15:23:38Z INFO ProcessInvokerWrapper] STDOUT/STDERR stream read finished.
[2026-08-05 15:23:38Z INFO ProcessInvokerWrapper] Finished process 34688 with exit code 0, and elapsed time 00:00:11.1784671.
[2026-08-05 15:23:38Z INFO CreateStepSummaryCommand] Step Summary file (D:\Cours\Cours Ipssi\Note\Devops\J3\actions-runner\_work\_temp\_runner_file_commands\step_summary_08954a2e-c405-4176-9277-994f44abd4c6) is empty; skipping attachment upload
[2026-08-05 15:23:38Z INFO StepsRunner] Step result: 
[2026-08-05 15:23:38Z INFO ExecutionContext] Publish step telemetry for current step {
  "action": "docker/login-action",
  "ref": "v3",
  "type": "node24",
  "stage": "Main",
  "stepId": "a217d17e-5592-48b7-90db-76e68a1d172f",
  "stepContextName": "__docker_login-action",
  "hasPreStep": false,
  "hasPostStep": true,
  "result": "succeeded",
  "errorMessages": [],
  "executionTimeInSeconds": 12,
  "startTime": "2026-08-05T15:23:27.4927208Z",
  "finishTime": "2026-08-05T15:23:38.7214819Z"
}.
[2026-08-05 15:23:38Z INFO StepsRunner] No need for updating job result with current step result 'Succeeded'.
[2026-08-05 15:23:38Z INFO StepsRunner] Current state: job state = ''
[2026-08-05 15:23:38Z INFO StepsRunner] Processing step: DisplayName='Run npm install'
[2026-08-05 15:23:38Z INFO StepsRunner] Evaluating: success()
[2026-08-05 15:23:38Z INFO StepsRunner] Result: true
[2026-08-05 15:23:38Z INFO StepsRunner] Starting the step.
[2026-08-05 15:23:38Z INFO HostContext] Well known directory 'Bin': 'D:\Cours\Cours Ipssi\Note\Devops\J3\actions-runner\bin'
[2026-08-05 15:23:38Z INFO HostContext] Well known directory 'Root': 'D:\Cours\Cours Ipssi\Note\Devops\J3\actions-runner'
[2026-08-05 15:23:38Z INFO HostContext] Well known directory 'Work': 'D:\Cours\Cours Ipssi\Note\Devops\J3\actions-runner\_work'
[2026-08-05 15:23:38Z INFO StepsRunner] Which2: 'chcp'
[2026-08-05 15:23:38Z INFO StepsRunner] Location: 'C:\Windows\system32\chcp.COM'
[2026-08-05 15:23:38Z INFO ProcessInvokerWrapper] Starting process:
[2026-08-05 15:23:38Z INFO ProcessInvokerWrapper]   File name: 'C:\Windows\system32\chcp.COM'
[2026-08-05 15:23:38Z INFO ProcessInvokerWrapper]   Arguments: '65001'
[2026-08-05 15:23:38Z INFO ProcessInvokerWrapper]   Working directory: 'D:\Cours\Cours Ipssi\Note\Devops\J3\actions-runner\_work'
[2026-08-05 15:23:38Z INFO ProcessInvokerWrapper]   Require exit code zero: 'False'
[2026-08-05 15:23:38Z INFO ProcessInvokerWrapper]   Encoding web name:  ; code page: ''
[2026-08-05 15:23:38Z INFO ProcessInvokerWrapper]   Force kill process on cancellation: 'False'
[2026-08-05 15:23:38Z INFO ProcessInvokerWrapper]   Redirected STDIN: 'False'
[2026-08-05 15:23:38Z INFO ProcessInvokerWrapper]   Persist current code page: 'True'
[2026-08-05 15:23:38Z INFO ProcessInvokerWrapper]   Keep redirected STDIN open: 'False'
[2026-08-05 15:23:38Z INFO ProcessInvokerWrapper]   High priority process: 'False'
[2026-08-05 15:23:38Z INFO ProcessInvokerWrapper] Process started with process id 34128, waiting for process exit.
[2026-08-05 15:23:38Z INFO ProcessInvokerWrapper] STDOUT/STDERR stream read finished.
[2026-08-05 15:23:38Z INFO ProcessInvokerWrapper] STDOUT/STDERR stream read finished.
[2026-08-05 15:23:38Z INFO ProcessInvokerWrapper] Finished process 34128 with exit code 0, and elapsed time 00:00:00.0361957.
[2026-08-05 15:23:38Z INFO StepsRunner] Successfully returned to code page 65001 (UTF8)
[2026-08-05 15:23:38Z INFO HostContext] Well known directory 'Bin': 'D:\Cours\Cours Ipssi\Note\Devops\J3\actions-runner\bin'
[2026-08-05 15:23:38Z INFO HostContext] Well known directory 'Root': 'D:\Cours\Cours Ipssi\Note\Devops\J3\actions-runner'
[2026-08-05 15:23:38Z INFO HostContext] Well known directory 'Work': 'D:\Cours\Cours Ipssi\Note\Devops\J3\actions-runner\_work'
[2026-08-05 15:23:38Z INFO HostContext] Well known directory 'Temp': 'D:\Cours\Cours Ipssi\Note\Devops\J3\actions-runner\_work\_temp'
[2026-08-05 15:23:38Z INFO ExecutionContext] Write event payload to D:\Cours\Cours Ipssi\Note\Devops\J3\actions-runner\_work\_temp\_github_workflow\event.json
[2026-08-05 15:23:38Z INFO JobServerQueue] Try to append 1 batches web console lines for record 'a217d17e-5592-48b7-90db-76e68a1d172f', success rate: 1/1.
[2026-08-05 15:23:38Z INFO HostContext] Well known directory 'Bin': 'D:\Cours\Cours Ipssi\Note\Devops\J3\actions-runner\bin'
[2026-08-05 15:23:38Z INFO HostContext] Well known directory 'Root': 'D:\Cours\Cours Ipssi\Note\Devops\J3\actions-runner'
[2026-08-05 15:23:38Z INFO HostContext] Well known directory 'Work': 'D:\Cours\Cours Ipssi\Note\Devops\J3\actions-runner\_work'
[2026-08-05 15:23:38Z INFO HostContext] Well known directory 'Temp': 'D:\Cours\Cours Ipssi\Note\Devops\J3\actions-runner\_work\_temp'
[2026-08-05 15:23:38Z INFO ExtensionManager] Getting extensions for interface: 'GitHub.Runner.Worker.IFileCommandExtension'
[2026-08-05 15:23:38Z INFO ExtensionManager] Getting extensions for interface: 'GitHub.Runner.Worker.IActionCommandExtension'
[2026-08-05 15:23:38Z INFO ActionCommandManager] Register action command extension for command internal-set-repo-path
[2026-08-05 15:23:38Z INFO ActionCommandManager] Register action command extension for command set-env
[2026-08-05 15:23:38Z INFO ActionCommandManager] Register action command extension for command set-output
[2026-08-05 15:23:38Z INFO ActionCommandManager] Register action command extension for command save-state
[2026-08-05 15:23:38Z INFO ActionCommandManager] Register action command extension for command add-path
[2026-08-05 15:23:38Z INFO ActionCommandManager] Register action command extension for command add-mask
[2026-08-05 15:23:38Z INFO ActionCommandManager] Register action command extension for command add-matcher
[2026-08-05 15:23:38Z INFO ActionCommandManager] Register action command extension for command remove-matcher
[2026-08-05 15:23:38Z INFO ActionCommandManager] Register action command extension for command warning
[2026-08-05 15:23:38Z INFO ActionCommandManager] Register action command extension for command error
[2026-08-05 15:23:38Z INFO ActionCommandManager] Register action command extension for command notice
[2026-08-05 15:23:38Z INFO ActionCommandManager] Register action command extension for command debug
[2026-08-05 15:23:38Z INFO ActionCommandManager] Register action command extension for command group
[2026-08-05 15:23:38Z INFO ActionCommandManager] Register action command extension for command endgroup
[2026-08-05 15:23:38Z INFO ActionCommandManager] Register action command extension for command echo
[2026-08-05 15:23:38Z INFO ScriptHandler] Which2: 'pwsh'
[2026-08-05 15:23:38Z INFO ScriptHandler] pwsh: command not found. Make sure 'pwsh' is installed and its location included in the 'Path' environment variable.
[2026-08-05 15:23:38Z INFO ScriptHandler] Defaulting to powershell
[2026-08-05 15:23:38Z INFO ScriptHandler] Which2: 'powershell'
[2026-08-05 15:23:38Z INFO ScriptHandler] Location: 'C:\Windows\System32\WindowsPowerShell\v1.0\powershell.EXE'
[2026-08-05 15:23:38Z INFO HostContext] Well known directory 'Bin': 'D:\Cours\Cours Ipssi\Note\Devops\J3\actions-runner\bin'
[2026-08-05 15:23:38Z INFO HostContext] Well known directory 'Root': 'D:\Cours\Cours Ipssi\Note\Devops\J3\actions-runner'
[2026-08-05 15:23:38Z INFO HostContext] Well known directory 'Work': 'D:\Cours\Cours Ipssi\Note\Devops\J3\actions-runner\_work'
[2026-08-05 15:23:38Z INFO HostContext] Well known directory 'Temp': 'D:\Cours\Cours Ipssi\Note\Devops\J3\actions-runner\_work\_temp'
[2026-08-05 15:23:38Z INFO ScriptHandler] Which2: 'pwsh'
[2026-08-05 15:23:38Z INFO ScriptHandler] pwsh: command not found. Make sure 'pwsh' is installed and its location included in the 'Path' environment variable.
[2026-08-05 15:23:38Z INFO ScriptHandler] Defaulting to powershell
[2026-08-05 15:23:38Z INFO ScriptHandler] Which2: 'powershell'
[2026-08-05 15:23:38Z INFO ScriptHandler] Location: 'C:\Windows\System32\WindowsPowerShell\v1.0\powershell.EXE'
[2026-08-05 15:23:38Z INFO ProcessInvokerWrapper] Starting process:
[2026-08-05 15:23:38Z INFO ProcessInvokerWrapper]   File name: 'C:\Windows\System32\WindowsPowerShell\v1.0\powershell.EXE'
[2026-08-05 15:23:38Z INFO ProcessInvokerWrapper]   Arguments: '-command ". 'D:\Cours\Cours Ipssi\Note\Devops\J3\actions-runner\_work\_temp\134b0703-1553-44e5-9931-7d3e00d10314.ps1'"'
[2026-08-05 15:23:38Z INFO ProcessInvokerWrapper]   Working directory: 'D:\Cours\Cours Ipssi\Note\Devops\J3\actions-runner\_work\J3_cours_devops\J3_cours_devops'
[2026-08-05 15:23:38Z INFO ProcessInvokerWrapper]   Require exit code zero: 'False'
[2026-08-05 15:23:38Z INFO ProcessInvokerWrapper]   Encoding web name:  ; code page: ''
[2026-08-05 15:23:38Z INFO ProcessInvokerWrapper]   Force kill process on cancellation: 'False'
[2026-08-05 15:23:38Z INFO ProcessInvokerWrapper]   Redirected STDIN: 'False'
[2026-08-05 15:23:38Z INFO ProcessInvokerWrapper]   Persist current code page: 'True'
[2026-08-05 15:23:38Z INFO ProcessInvokerWrapper]   Keep redirected STDIN open: 'False'
[2026-08-05 15:23:38Z INFO ProcessInvokerWrapper]   High priority process: 'False'
[2026-08-05 15:23:38Z INFO ProcessInvokerWrapper] Process started with process id 34036, waiting for process exit.
[2026-08-05 15:23:39Z INFO JobServerQueue] Try to append 1 batches web console lines for record 'fe04450a-5a80-4f97-8f05-22774d3629a0', success rate: 1/1.
[2026-08-05 15:23:39Z INFO JobServerQueue] Got a step log file to send to results service.
[2026-08-05 15:23:39Z INFO JobServerQueue] Starting upload of step log file to results service ResultsLog, D:\Cours\Cours Ipssi\Note\Devops\J3\actions-runner\_diag\blocks\4f1ff05d-0d3b-4999-9e78-61cc0f2ec3a4_a217d17e-5592-48b7-90db-76e68a1d172f.1
[2026-08-05 15:23:39Z INFO JobServerQueue] Try to upload 1 log files or attachments, success rate: 1/1.
[2026-08-05 15:23:39Z INFO JobServerQueue] Tried to upload 1 file(s) to results, success rate: 1/1.
[2026-08-05 15:23:44Z INFO JobServerQueue] Try to append 1 batches web console lines for record 'fe04450a-5a80-4f97-8f05-22774d3629a0', success rate: 1/1.
[2026-08-05 15:23:45Z INFO HostContext] Well known directory 'Bin': 'D:\Cours\Cours Ipssi\Note\Devops\J3\actions-runner\bin'
[2026-08-05 15:23:45Z INFO HostContext] Well known directory 'Root': 'D:\Cours\Cours Ipssi\Note\Devops\J3\actions-runner'
[2026-08-05 15:23:45Z INFO HostContext] Well known directory 'Work': 'D:\Cours\Cours Ipssi\Note\Devops\J3\actions-runner\_work'
[2026-08-05 15:23:45Z INFO JobServerQueue] Try to append 1 batches web console lines for record 'fe04450a-5a80-4f97-8f05-22774d3629a0', success rate: 1/1.
[2026-08-05 15:23:46Z INFO JobServerQueue] Try to append 1 batches web console lines for record 'fe04450a-5a80-4f97-8f05-22774d3629a0', success rate: 1/1.
[2026-08-05 15:23:49Z INFO JobServerQueue] Try to append 1 batches web console lines for record 'fe04450a-5a80-4f97-8f05-22774d3629a0', success rate: 1/1.
[2026-08-05 15:23:55Z INFO HostContext] Well known directory 'Bin': 'D:\Cours\Cours Ipssi\Note\Devops\J3\actions-runner\bin'
[2026-08-05 15:23:55Z INFO HostContext] Well known directory 'Root': 'D:\Cours\Cours Ipssi\Note\Devops\J3\actions-runner'
[2026-08-05 15:23:55Z INFO HostContext] Well known directory 'Work': 'D:\Cours\Cours Ipssi\Note\Devops\J3\actions-runner\_work'
[2026-08-05 15:23:57Z INFO JobServerQueue] Try to append 1 batches web console lines for record 'fe04450a-5a80-4f97-8f05-22774d3629a0', success rate: 1/1.
[2026-08-05 15:23:57Z INFO ProcessInvokerWrapper] STDOUT/STDERR stream read finished.
[2026-08-05 15:23:57Z INFO ProcessInvokerWrapper] STDOUT/STDERR stream read finished.
[2026-08-05 15:23:57Z INFO ProcessInvokerWrapper] Finished process 34036 with exit code 0, and elapsed time 00:00:19.0608546.
[2026-08-05 15:23:57Z INFO CreateStepSummaryCommand] Step Summary file (D:\Cours\Cours Ipssi\Note\Devops\J3\actions-runner\_work\_temp\_runner_file_commands\step_summary_870ad03d-9e6a-45aa-b373-be6de33d08e2) is empty; skipping attachment upload
[2026-08-05 15:23:57Z INFO StepsRunner] Step result: 
[2026-08-05 15:23:57Z INFO ExecutionContext] Publish step telemetry for current step {
  "action": "powershell",
  "type": "run",
  "stage": "Main",
  "stepId": "fe04450a-5a80-4f97-8f05-22774d3629a0",
  "stepContextName": "__run",
  "result": "succeeded",
  "errorMessages": [],
  "executionTimeInSeconds": 20,
  "startTime": "2026-08-05T15:23:38.7364098Z",
  "finishTime": "2026-08-05T15:23:57.9633675Z"
}.
[2026-08-05 15:23:57Z INFO StepsRunner] No need for updating job result with current step result 'Succeeded'.
[2026-08-05 15:23:57Z INFO StepsRunner] Current state: job state = ''
[2026-08-05 15:23:57Z INFO StepsRunner] Processing step: DisplayName='Run npm run test'
[2026-08-05 15:23:57Z INFO StepsRunner] Evaluating: success()
[2026-08-05 15:23:57Z INFO StepsRunner] Result: true
[2026-08-05 15:23:57Z INFO StepsRunner] Starting the step.
[2026-08-05 15:23:57Z INFO HostContext] Well known directory 'Bin': 'D:\Cours\Cours Ipssi\Note\Devops\J3\actions-runner\bin'
[2026-08-05 15:23:57Z INFO HostContext] Well known directory 'Root': 'D:\Cours\Cours Ipssi\Note\Devops\J3\actions-runner'
[2026-08-05 15:23:57Z INFO HostContext] Well known directory 'Work': 'D:\Cours\Cours Ipssi\Note\Devops\J3\actions-runner\_work'
[2026-08-05 15:23:57Z INFO StepsRunner] Which2: 'chcp'
[2026-08-05 15:23:57Z INFO StepsRunner] Location: 'C:\Windows\system32\chcp.COM'
[2026-08-05 15:23:57Z INFO ProcessInvokerWrapper] Starting process:
[2026-08-05 15:23:57Z INFO ProcessInvokerWrapper]   File name: 'C:\Windows\system32\chcp.COM'
[2026-08-05 15:23:57Z INFO ProcessInvokerWrapper]   Arguments: '65001'
[2026-08-05 15:23:57Z INFO ProcessInvokerWrapper]   Working directory: 'D:\Cours\Cours Ipssi\Note\Devops\J3\actions-runner\_work'
[2026-08-05 15:23:57Z INFO ProcessInvokerWrapper]   Require exit code zero: 'False'
[2026-08-05 15:23:57Z INFO ProcessInvokerWrapper]   Encoding web name:  ; code page: ''
[2026-08-05 15:23:57Z INFO ProcessInvokerWrapper]   Force kill process on cancellation: 'False'
[2026-08-05 15:23:57Z INFO ProcessInvokerWrapper]   Redirected STDIN: 'False'
[2026-08-05 15:23:57Z INFO ProcessInvokerWrapper]   Persist current code page: 'True'
[2026-08-05 15:23:57Z INFO ProcessInvokerWrapper]   Keep redirected STDIN open: 'False'
[2026-08-05 15:23:57Z INFO ProcessInvokerWrapper]   High priority process: 'False'
[2026-08-05 15:23:57Z INFO ProcessInvokerWrapper] Process started with process id 21732, waiting for process exit.
[2026-08-05 15:23:57Z INFO ProcessInvokerWrapper] STDOUT/STDERR stream read finished.
[2026-08-05 15:23:57Z INFO ProcessInvokerWrapper] STDOUT/STDERR stream read finished.
[2026-08-05 15:23:57Z INFO ProcessInvokerWrapper] Finished process 21732 with exit code 0, and elapsed time 00:00:00.0247389.
[2026-08-05 15:23:57Z INFO StepsRunner] Successfully returned to code page 65001 (UTF8)
[2026-08-05 15:23:57Z INFO HostContext] Well known directory 'Bin': 'D:\Cours\Cours Ipssi\Note\Devops\J3\actions-runner\bin'
[2026-08-05 15:23:57Z INFO HostContext] Well known directory 'Root': 'D:\Cours\Cours Ipssi\Note\Devops\J3\actions-runner'
[2026-08-05 15:23:57Z INFO HostContext] Well known directory 'Work': 'D:\Cours\Cours Ipssi\Note\Devops\J3\actions-runner\_work'
[2026-08-05 15:23:57Z INFO HostContext] Well known directory 'Temp': 'D:\Cours\Cours Ipssi\Note\Devops\J3\actions-runner\_work\_temp'
[2026-08-05 15:23:57Z INFO ExecutionContext] Write event payload to D:\Cours\Cours Ipssi\Note\Devops\J3\actions-runner\_work\_temp\_github_workflow\event.json
[2026-08-05 15:23:57Z INFO HostContext] Well known directory 'Bin': 'D:\Cours\Cours Ipssi\Note\Devops\J3\actions-runner\bin'
[2026-08-05 15:23:57Z INFO HostContext] Well known directory 'Root': 'D:\Cours\Cours Ipssi\Note\Devops\J3\actions-runner'
[2026-08-05 15:23:57Z INFO HostContext] Well known directory 'Work': 'D:\Cours\Cours Ipssi\Note\Devops\J3\actions-runner\_work'
[2026-08-05 15:23:57Z INFO HostContext] Well known directory 'Temp': 'D:\Cours\Cours Ipssi\Note\Devops\J3\actions-runner\_work\_temp'
[2026-08-05 15:23:57Z INFO ExtensionManager] Getting extensions for interface: 'GitHub.Runner.Worker.IFileCommandExtension'
[2026-08-05 15:23:57Z INFO ExtensionManager] Getting extensions for interface: 'GitHub.Runner.Worker.IActionCommandExtension'
[2026-08-05 15:23:57Z INFO ActionCommandManager] Register action command extension for command internal-set-repo-path
[2026-08-05 15:23:58Z INFO ActionCommandManager] Register action command extension for command set-env
[2026-08-05 15:23:58Z INFO ActionCommandManager] Register action command extension for command set-output
[2026-08-05 15:23:58Z INFO ActionCommandManager] Register action command extension for command save-state
[2026-08-05 15:23:58Z INFO ActionCommandManager] Register action command extension for command add-path
[2026-08-05 15:23:58Z INFO ActionCommandManager] Register action command extension for command add-mask
[2026-08-05 15:23:58Z INFO ActionCommandManager] Register action command extension for command add-matcher
[2026-08-05 15:23:58Z INFO ActionCommandManager] Register action command extension for command remove-matcher
[2026-08-05 15:23:58Z INFO ActionCommandManager] Register action command extension for command warning
[2026-08-05 15:23:58Z INFO ActionCommandManager] Register action command extension for command error
[2026-08-05 15:23:58Z INFO ActionCommandManager] Register action command extension for command notice
[2026-08-05 15:23:58Z INFO ActionCommandManager] Register action command extension for command debug
[2026-08-05 15:23:58Z INFO ActionCommandManager] Register action command extension for command group
[2026-08-05 15:23:58Z INFO ActionCommandManager] Register action command extension for command endgroup
[2026-08-05 15:23:58Z INFO ActionCommandManager] Register action command extension for command echo
[2026-08-05 15:23:58Z INFO ScriptHandler] Which2: 'pwsh'
[2026-08-05 15:23:58Z INFO ScriptHandler] pwsh: command not found. Make sure 'pwsh' is installed and its location included in the 'Path' environment variable.
[2026-08-05 15:23:58Z INFO ScriptHandler] Defaulting to powershell
[2026-08-05 15:23:58Z INFO ScriptHandler] Which2: 'powershell'
[2026-08-05 15:23:58Z INFO ScriptHandler] Location: 'C:\Windows\System32\WindowsPowerShell\v1.0\powershell.EXE'
[2026-08-05 15:23:58Z INFO HostContext] Well known directory 'Bin': 'D:\Cours\Cours Ipssi\Note\Devops\J3\actions-runner\bin'
[2026-08-05 15:23:58Z INFO HostContext] Well known directory 'Root': 'D:\Cours\Cours Ipssi\Note\Devops\J3\actions-runner'
[2026-08-05 15:23:58Z INFO HostContext] Well known directory 'Work': 'D:\Cours\Cours Ipssi\Note\Devops\J3\actions-runner\_work'
[2026-08-05 15:23:58Z INFO HostContext] Well known directory 'Temp': 'D:\Cours\Cours Ipssi\Note\Devops\J3\actions-runner\_work\_temp'
[2026-08-05 15:23:58Z INFO ScriptHandler] Which2: 'pwsh'
[2026-08-05 15:23:58Z INFO ScriptHandler] pwsh: command not found. Make sure 'pwsh' is installed and its location included in the 'Path' environment variable.
[2026-08-05 15:23:58Z INFO ScriptHandler] Defaulting to powershell
[2026-08-05 15:23:58Z INFO ScriptHandler] Which2: 'powershell'
[2026-08-05 15:23:58Z INFO ScriptHandler] Location: 'C:\Windows\System32\WindowsPowerShell\v1.0\powershell.EXE'
[2026-08-05 15:23:58Z INFO ProcessInvokerWrapper] Starting process:
[2026-08-05 15:23:58Z INFO ProcessInvokerWrapper]   File name: 'C:\Windows\System32\WindowsPowerShell\v1.0\powershell.EXE'
[2026-08-05 15:23:58Z INFO ProcessInvokerWrapper]   Arguments: '-command ". 'D:\Cours\Cours Ipssi\Note\Devops\J3\actions-runner\_work\_temp\19720514-ed60-4fb6-a6b9-9bc3c3d32e98.ps1'"'
[2026-08-05 15:23:58Z INFO ProcessInvokerWrapper]   Working directory: 'D:\Cours\Cours Ipssi\Note\Devops\J3\actions-runner\_work\J3_cours_devops\J3_cours_devops'
[2026-08-05 15:23:58Z INFO ProcessInvokerWrapper]   Require exit code zero: 'False'
[2026-08-05 15:23:58Z INFO ProcessInvokerWrapper]   Encoding web name:  ; code page: ''
[2026-08-05 15:23:58Z INFO ProcessInvokerWrapper]   Force kill process on cancellation: 'False'
[2026-08-05 15:23:58Z INFO ProcessInvokerWrapper]   Redirected STDIN: 'False'
[2026-08-05 15:23:58Z INFO ProcessInvokerWrapper]   Persist current code page: 'True'
[2026-08-05 15:23:58Z INFO ProcessInvokerWrapper]   Keep redirected STDIN open: 'False'
[2026-08-05 15:23:58Z INFO ProcessInvokerWrapper]   High priority process: 'False'
[2026-08-05 15:23:58Z INFO JobServerQueue] Try to append 1 batches web console lines for record '4d3ee38d-8343-48ab-b54a-432eb74980bf', success rate: 1/1.
[2026-08-05 15:23:58Z INFO ProcessInvokerWrapper] Process started with process id 1068, waiting for process exit.
[2026-08-05 15:23:58Z INFO JobServerQueue] Try to upload 1 log files or attachments, success rate: 1/1.
[2026-08-05 15:23:58Z INFO JobServerQueue] Got a step log file to send to results service.
[2026-08-05 15:23:58Z INFO JobServerQueue] Starting upload of step log file to results service ResultsLog, D:\Cours\Cours Ipssi\Note\Devops\J3\actions-runner\_diag\blocks\4f1ff05d-0d3b-4999-9e78-61cc0f2ec3a4_fe04450a-5a80-4f97-8f05-22774d3629a0.1
[2026-08-05 15:23:59Z INFO JobServerQueue] Tried to upload 1 file(s) to results, success rate: 1/1.
[2026-08-05 15:23:59Z INFO JobServerQueue] Try to append 1 batches web console lines for record '4d3ee38d-8343-48ab-b54a-432eb74980bf', success rate: 1/1.
[2026-08-05 15:24:03Z INFO JobServerQueue] Try to append 1 batches web console lines for record '4d3ee38d-8343-48ab-b54a-432eb74980bf', success rate: 1/1.
[2026-08-05 15:24:03Z INFO ProcessInvokerWrapper] STDOUT/STDERR stream read finished.
[2026-08-05 15:24:03Z INFO ProcessInvokerWrapper] STDOUT/STDERR stream read finished.
[2026-08-05 15:24:03Z INFO ProcessInvokerWrapper] Finished process 1068 with exit code 0, and elapsed time 00:00:05.3529179.
[2026-08-05 15:24:03Z INFO CreateStepSummaryCommand] Step Summary file (D:\Cours\Cours Ipssi\Note\Devops\J3\actions-runner\_work\_temp\_runner_file_commands\step_summary_adcd8a1f-49ce-49ee-a0bb-ce6eecab6a28) is empty; skipping attachment upload
[2026-08-05 15:24:03Z INFO StepsRunner] Step result: 
[2026-08-05 15:24:03Z INFO ExecutionContext] Publish step telemetry for current step {
  "action": "powershell",
  "type": "run",
  "stage": "Main",
  "stepId": "4d3ee38d-8343-48ab-b54a-432eb74980bf",
  "stepContextName": "__run_2",
  "result": "succeeded",
  "errorMessages": [],
  "executionTimeInSeconds": 6,
  "startTime": "2026-08-05T15:23:57.9652104Z",
  "finishTime": "2026-08-05T15:24:03.4209781Z"
}.
[2026-08-05 15:24:03Z INFO StepsRunner] No need for updating job result with current step result 'Succeeded'.
[2026-08-05 15:24:03Z INFO StepsRunner] Current state: job state = ''
[2026-08-05 15:24:03Z INFO StepsRunner] Processing step: DisplayName='Build the Docker image'
[2026-08-05 15:24:03Z INFO StepsRunner] Evaluating: success()
[2026-08-05 15:24:03Z INFO StepsRunner] Result: true
[2026-08-05 15:24:03Z INFO StepsRunner] Starting the step.
[2026-08-05 15:24:03Z INFO HostContext] Well known directory 'Bin': 'D:\Cours\Cours Ipssi\Note\Devops\J3\actions-runner\bin'
[2026-08-05 15:24:03Z INFO HostContext] Well known directory 'Root': 'D:\Cours\Cours Ipssi\Note\Devops\J3\actions-runner'
[2026-08-05 15:24:03Z INFO HostContext] Well known directory 'Work': 'D:\Cours\Cours Ipssi\Note\Devops\J3\actions-runner\_work'
[2026-08-05 15:24:03Z INFO StepsRunner] Which2: 'chcp'
[2026-08-05 15:24:03Z INFO StepsRunner] Location: 'C:\Windows\system32\chcp.COM'
[2026-08-05 15:24:03Z INFO ProcessInvokerWrapper] Starting process:
[2026-08-05 15:24:03Z INFO ProcessInvokerWrapper]   File name: 'C:\Windows\system32\chcp.COM'
[2026-08-05 15:24:03Z INFO ProcessInvokerWrapper]   Arguments: '65001'
[2026-08-05 15:24:03Z INFO ProcessInvokerWrapper]   Working directory: 'D:\Cours\Cours Ipssi\Note\Devops\J3\actions-runner\_work'
[2026-08-05 15:24:03Z INFO ProcessInvokerWrapper]   Require exit code zero: 'False'
[2026-08-05 15:24:03Z INFO ProcessInvokerWrapper]   Encoding web name:  ; code page: ''
[2026-08-05 15:24:03Z INFO ProcessInvokerWrapper]   Force kill process on cancellation: 'False'
[2026-08-05 15:24:03Z INFO ProcessInvokerWrapper]   Redirected STDIN: 'False'
[2026-08-05 15:24:03Z INFO ProcessInvokerWrapper]   Persist current code page: 'True'
[2026-08-05 15:24:03Z INFO ProcessInvokerWrapper]   Keep redirected STDIN open: 'False'
[2026-08-05 15:24:03Z INFO ProcessInvokerWrapper]   High priority process: 'False'
[2026-08-05 15:24:03Z INFO ProcessInvokerWrapper] Process started with process id 15216, waiting for process exit.
[2026-08-05 15:24:03Z INFO ProcessInvokerWrapper] STDOUT/STDERR stream read finished.
[2026-08-05 15:24:03Z INFO ProcessInvokerWrapper] STDOUT/STDERR stream read finished.
[2026-08-05 15:24:03Z INFO ProcessInvokerWrapper] Finished process 15216 with exit code 0, and elapsed time 00:00:00.0288376.
[2026-08-05 15:24:03Z INFO StepsRunner] Successfully returned to code page 65001 (UTF8)
[2026-08-05 15:24:03Z INFO HostContext] Well known directory 'Bin': 'D:\Cours\Cours Ipssi\Note\Devops\J3\actions-runner\bin'
[2026-08-05 15:24:03Z INFO HostContext] Well known directory 'Root': 'D:\Cours\Cours Ipssi\Note\Devops\J3\actions-runner'
[2026-08-05 15:24:03Z INFO HostContext] Well known directory 'Work': 'D:\Cours\Cours Ipssi\Note\Devops\J3\actions-runner\_work'
[2026-08-05 15:24:03Z INFO HostContext] Well known directory 'Temp': 'D:\Cours\Cours Ipssi\Note\Devops\J3\actions-runner\_work\_temp'
[2026-08-05 15:24:03Z INFO ExecutionContext] Write event payload to D:\Cours\Cours Ipssi\Note\Devops\J3\actions-runner\_work\_temp\_github_workflow\event.json
[2026-08-05 15:24:03Z INFO HostContext] Well known directory 'Bin': 'D:\Cours\Cours Ipssi\Note\Devops\J3\actions-runner\bin'
[2026-08-05 15:24:03Z INFO HostContext] Well known directory 'Root': 'D:\Cours\Cours Ipssi\Note\Devops\J3\actions-runner'
[2026-08-05 15:24:03Z INFO HostContext] Well known directory 'Work': 'D:\Cours\Cours Ipssi\Note\Devops\J3\actions-runner\_work'
[2026-08-05 15:24:03Z INFO HostContext] Well known directory 'Temp': 'D:\Cours\Cours Ipssi\Note\Devops\J3\actions-runner\_work\_temp'
[2026-08-05 15:24:03Z INFO ExtensionManager] Getting extensions for interface: 'GitHub.Runner.Worker.IFileCommandExtension'
[2026-08-05 15:24:03Z INFO ExtensionManager] Getting extensions for interface: 'GitHub.Runner.Worker.IActionCommandExtension'
[2026-08-05 15:24:03Z INFO ActionCommandManager] Register action command extension for command internal-set-repo-path
[2026-08-05 15:24:03Z INFO ActionCommandManager] Register action command extension for command set-env
[2026-08-05 15:24:03Z INFO ActionCommandManager] Register action command extension for command set-output
[2026-08-05 15:24:03Z INFO ActionCommandManager] Register action command extension for command save-state
[2026-08-05 15:24:03Z INFO ActionCommandManager] Register action command extension for command add-path
[2026-08-05 15:24:03Z INFO ActionCommandManager] Register action command extension for command add-mask
[2026-08-05 15:24:03Z INFO ActionCommandManager] Register action command extension for command add-matcher
[2026-08-05 15:24:03Z INFO ActionCommandManager] Register action command extension for command remove-matcher
[2026-08-05 15:24:03Z INFO ActionCommandManager] Register action command extension for command warning
[2026-08-05 15:24:03Z INFO ActionCommandManager] Register action command extension for command error
[2026-08-05 15:24:03Z INFO ActionCommandManager] Register action command extension for command notice
[2026-08-05 15:24:03Z INFO ActionCommandManager] Register action command extension for command debug
[2026-08-05 15:24:03Z INFO ActionCommandManager] Register action command extension for command group
[2026-08-05 15:24:03Z INFO ActionCommandManager] Register action command extension for command endgroup
[2026-08-05 15:24:03Z INFO ActionCommandManager] Register action command extension for command echo
[2026-08-05 15:24:03Z INFO ScriptHandler] Which2: 'pwsh'
[2026-08-05 15:24:03Z INFO ScriptHandler] pwsh: command not found. Make sure 'pwsh' is installed and its location included in the 'Path' environment variable.
[2026-08-05 15:24:03Z INFO ScriptHandler] Defaulting to powershell
[2026-08-05 15:24:03Z INFO ScriptHandler] Which2: 'powershell'
[2026-08-05 15:24:03Z INFO ScriptHandler] Location: 'C:\Windows\System32\WindowsPowerShell\v1.0\powershell.EXE'
[2026-08-05 15:24:03Z INFO HostContext] Well known directory 'Bin': 'D:\Cours\Cours Ipssi\Note\Devops\J3\actions-runner\bin'
[2026-08-05 15:24:03Z INFO HostContext] Well known directory 'Root': 'D:\Cours\Cours Ipssi\Note\Devops\J3\actions-runner'
[2026-08-05 15:24:03Z INFO HostContext] Well known directory 'Work': 'D:\Cours\Cours Ipssi\Note\Devops\J3\actions-runner\_work'
[2026-08-05 15:24:03Z INFO HostContext] Well known directory 'Temp': 'D:\Cours\Cours Ipssi\Note\Devops\J3\actions-runner\_work\_temp'
[2026-08-05 15:24:03Z INFO ScriptHandler] Which2: 'pwsh'
[2026-08-05 15:24:03Z INFO ScriptHandler] pwsh: command not found. Make sure 'pwsh' is installed and its location included in the 'Path' environment variable.
[2026-08-05 15:24:03Z INFO ScriptHandler] Defaulting to powershell
[2026-08-05 15:24:03Z INFO ScriptHandler] Which2: 'powershell'
[2026-08-05 15:24:03Z INFO JobServerQueue] Try to append 1 batches web console lines for record '1d7441d4-cf3c-407c-be86-c268839d3c6c', success rate: 1/1.
[2026-08-05 15:24:03Z INFO ScriptHandler] Location: 'C:\Windows\System32\WindowsPowerShell\v1.0\powershell.EXE'
[2026-08-05 15:24:03Z INFO ProcessInvokerWrapper] Starting process:
[2026-08-05 15:24:03Z INFO ProcessInvokerWrapper]   File name: 'C:\Windows\System32\WindowsPowerShell\v1.0\powershell.EXE'
[2026-08-05 15:24:03Z INFO ProcessInvokerWrapper]   Arguments: '-command ". 'D:\Cours\Cours Ipssi\Note\Devops\J3\actions-runner\_work\_temp\677e046d-19ba-49cd-ab11-bead00332ac6.ps1'"'
[2026-08-05 15:24:03Z INFO ProcessInvokerWrapper]   Working directory: 'D:\Cours\Cours Ipssi\Note\Devops\J3\actions-runner\_work\J3_cours_devops\J3_cours_devops'
[2026-08-05 15:24:03Z INFO ProcessInvokerWrapper]   Require exit code zero: 'False'
[2026-08-05 15:24:03Z INFO ProcessInvokerWrapper]   Encoding web name:  ; code page: ''
[2026-08-05 15:24:03Z INFO ProcessInvokerWrapper]   Force kill process on cancellation: 'False'
[2026-08-05 15:24:03Z INFO ProcessInvokerWrapper]   Redirected STDIN: 'False'
[2026-08-05 15:24:03Z INFO ProcessInvokerWrapper]   Persist current code page: 'True'
[2026-08-05 15:24:03Z INFO ProcessInvokerWrapper]   Keep redirected STDIN open: 'False'
[2026-08-05 15:24:03Z INFO ProcessInvokerWrapper]   High priority process: 'False'
[2026-08-05 15:24:03Z INFO ProcessInvokerWrapper] Process started with process id 19588, waiting for process exit.
[2026-08-05 15:24:03Z INFO JobServerQueue] Try to upload 1 log files or attachments, success rate: 1/1.
[2026-08-05 15:24:04Z INFO JobServerQueue] Got a step log file to send to results service.
[2026-08-05 15:24:04Z INFO JobServerQueue] Starting upload of step log file to results service ResultsLog, D:\Cours\Cours Ipssi\Note\Devops\J3\actions-runner\_diag\blocks\4f1ff05d-0d3b-4999-9e78-61cc0f2ec3a4_4d3ee38d-8343-48ab-b54a-432eb74980bf.1
[2026-08-05 15:24:04Z INFO JobServerQueue] Tried to upload 1 file(s) to results, success rate: 1/1.
[2026-08-05 15:24:04Z INFO JobServerQueue] Stop aggressive process web console line queue.
[2026-08-05 15:24:05Z INFO JobServerQueue] Try to append 1 batches web console lines for record '1d7441d4-cf3c-407c-be86-c268839d3c6c', success rate: 1/1.
[2026-08-05 15:24:05Z INFO HostContext] Well known directory 'Bin': 'D:\Cours\Cours Ipssi\Note\Devops\J3\actions-runner\bin'
[2026-08-05 15:24:05Z INFO HostContext] Well known directory 'Root': 'D:\Cours\Cours Ipssi\Note\Devops\J3\actions-runner'
[2026-08-05 15:24:05Z INFO HostContext] Well known directory 'Work': 'D:\Cours\Cours Ipssi\Note\Devops\J3\actions-runner\_work'
[2026-08-05 15:24:05Z INFO JobServerQueue] Try to append 1 batches web console lines for record '1d7441d4-cf3c-407c-be86-c268839d3c6c', success rate: 1/1.
[2026-08-05 15:24:06Z INFO JobServerQueue] Try to append 1 batches web console lines for record '1d7441d4-cf3c-407c-be86-c268839d3c6c', success rate: 1/1.
[2026-08-05 15:24:06Z INFO JobServerQueue] Try to append 1 batches web console lines for record '1d7441d4-cf3c-407c-be86-c268839d3c6c', success rate: 1/1.
[2026-08-05 15:24:11Z INFO JobServerQueue] Try to append 1 batches web console lines for record '1d7441d4-cf3c-407c-be86-c268839d3c6c', success rate: 1/1.
[2026-08-05 15:24:15Z INFO HostContext] Well known directory 'Bin': 'D:\Cours\Cours Ipssi\Note\Devops\J3\actions-runner\bin'
[2026-08-05 15:24:15Z INFO HostContext] Well known directory 'Root': 'D:\Cours\Cours Ipssi\Note\Devops\J3\actions-runner'
[2026-08-05 15:24:15Z INFO HostContext] Well known directory 'Work': 'D:\Cours\Cours Ipssi\Note\Devops\J3\actions-runner\_work'
[2026-08-05 15:24:16Z INFO JobServerQueue] Try to append 1 batches web console lines for record '1d7441d4-cf3c-407c-be86-c268839d3c6c', success rate: 1/1.
[2026-08-05 15:24:21Z INFO JobServerQueue] Try to append 1 batches web console lines for record '1d7441d4-cf3c-407c-be86-c268839d3c6c', success rate: 1/1.
[2026-08-05 15:24:25Z INFO HostContext] Well known directory 'Bin': 'D:\Cours\Cours Ipssi\Note\Devops\J3\actions-runner\bin'
[2026-08-05 15:24:25Z INFO HostContext] Well known directory 'Root': 'D:\Cours\Cours Ipssi\Note\Devops\J3\actions-runner'
[2026-08-05 15:24:25Z INFO HostContext] Well known directory 'Work': 'D:\Cours\Cours Ipssi\Note\Devops\J3\actions-runner\_work'
[2026-08-05 15:24:26Z INFO JobServerQueue] Try to append 1 batches web console lines for record '1d7441d4-cf3c-407c-be86-c268839d3c6c', success rate: 1/1.
[2026-08-05 15:24:31Z INFO JobServerQueue] Try to append 1 batches web console lines for record '1d7441d4-cf3c-407c-be86-c268839d3c6c', success rate: 1/1.
[2026-08-05 15:24:35Z INFO HostContext] Well known directory 'Bin': 'D:\Cours\Cours Ipssi\Note\Devops\J3\actions-runner\bin'
[2026-08-05 15:24:35Z INFO HostContext] Well known directory 'Root': 'D:\Cours\Cours Ipssi\Note\Devops\J3\actions-runner'
[2026-08-05 15:24:35Z INFO HostContext] Well known directory 'Work': 'D:\Cours\Cours Ipssi\Note\Devops\J3\actions-runner\_work'
[2026-08-05 15:24:36Z INFO JobServerQueue] Try to append 1 batches web console lines for record '1d7441d4-cf3c-407c-be86-c268839d3c6c', success rate: 1/1.
[2026-08-05 15:24:41Z INFO JobServerQueue] Try to append 1 batches web console lines for record '1d7441d4-cf3c-407c-be86-c268839d3c6c', success rate: 1/1.
[2026-08-05 15:24:45Z INFO HostContext] Well known directory 'Bin': 'D:\Cours\Cours Ipssi\Note\Devops\J3\actions-runner\bin'
[2026-08-05 15:24:45Z INFO HostContext] Well known directory 'Root': 'D:\Cours\Cours Ipssi\Note\Devops\J3\actions-runner'
[2026-08-05 15:24:45Z INFO HostContext] Well known directory 'Work': 'D:\Cours\Cours Ipssi\Note\Devops\J3\actions-runner\_work'
[2026-08-05 15:24:46Z INFO JobServerQueue] Try to append 1 batches web console lines for record '1d7441d4-cf3c-407c-be86-c268839d3c6c', success rate: 1/1.
[2026-08-05 15:24:48Z INFO JobServerQueue] Try to append 1 batches web console lines for record '1d7441d4-cf3c-407c-be86-c268839d3c6c', success rate: 1/1.
[2026-08-05 15:24:52Z INFO JobServerQueue] Try to append 1 batches web console lines for record '1d7441d4-cf3c-407c-be86-c268839d3c6c', success rate: 1/1.
[2026-08-05 15:24:53Z INFO JobServerQueue] Try to append 1 batches web console lines for record '1d7441d4-cf3c-407c-be86-c268839d3c6c', success rate: 1/1.
[2026-08-05 15:24:55Z INFO JobServerQueue] Try to append 1 batches web console lines for record '1d7441d4-cf3c-407c-be86-c268839d3c6c', success rate: 1/1.
[2026-08-05 15:24:55Z INFO HostContext] Well known directory 'Bin': 'D:\Cours\Cours Ipssi\Note\Devops\J3\actions-runner\bin'
[2026-08-05 15:24:55Z INFO HostContext] Well known directory 'Root': 'D:\Cours\Cours Ipssi\Note\Devops\J3\actions-runner'
[2026-08-05 15:24:55Z INFO HostContext] Well known directory 'Work': 'D:\Cours\Cours Ipssi\Note\Devops\J3\actions-runner\_work'
[2026-08-05 15:24:56Z INFO JobServerQueue] Try to append 1 batches web console lines for record '1d7441d4-cf3c-407c-be86-c268839d3c6c', success rate: 1/1.
[2026-08-05 15:24:57Z INFO JobServerQueue] Try to append 1 batches web console lines for record '1d7441d4-cf3c-407c-be86-c268839d3c6c', success rate: 1/1.
[2026-08-05 15:24:59Z INFO JobServerQueue] Try to append 1 batches web console lines for record '1d7441d4-cf3c-407c-be86-c268839d3c6c', success rate: 1/1.
[2026-08-05 15:24:59Z INFO JobServerQueue] Try to append 1 batches web console lines for record '1d7441d4-cf3c-407c-be86-c268839d3c6c', success rate: 1/1.
[2026-08-05 15:25:05Z INFO HostContext] Well known directory 'Bin': 'D:\Cours\Cours Ipssi\Note\Devops\J3\actions-runner\bin'
[2026-08-05 15:25:05Z INFO HostContext] Well known directory 'Root': 'D:\Cours\Cours Ipssi\Note\Devops\J3\actions-runner'
[2026-08-05 15:25:05Z INFO HostContext] Well known directory 'Work': 'D:\Cours\Cours Ipssi\Note\Devops\J3\actions-runner\_work'
[2026-08-05 15:25:15Z INFO HostContext] Well known directory 'Bin': 'D:\Cours\Cours Ipssi\Note\Devops\J3\actions-runner\bin'
[2026-08-05 15:25:15Z INFO HostContext] Well known directory 'Root': 'D:\Cours\Cours Ipssi\Note\Devops\J3\actions-runner'
[2026-08-05 15:25:15Z INFO HostContext] Well known directory 'Work': 'D:\Cours\Cours Ipssi\Note\Devops\J3\actions-runner\_work'
[2026-08-05 15:25:18Z INFO JobServerQueue] Try to append 1 batches web console lines for record '1d7441d4-cf3c-407c-be86-c268839d3c6c', success rate: 1/1.
[2026-08-05 15:25:19Z INFO JobServerQueue] Try to append 1 batches web console lines for record '1d7441d4-cf3c-407c-be86-c268839d3c6c', success rate: 1/1.
[2026-08-05 15:25:24Z INFO JobServerQueue] Try to append 1 batches web console lines for record '1d7441d4-cf3c-407c-be86-c268839d3c6c', success rate: 1/1.
[2026-08-05 15:25:25Z INFO ProcessInvokerWrapper] STDOUT/STDERR stream read finished.
[2026-08-05 15:25:25Z INFO ProcessInvokerWrapper] STDOUT/STDERR stream read finished.
[2026-08-05 15:25:25Z INFO ProcessInvokerWrapper] Finished process 19588 with exit code 0, and elapsed time 00:01:21.6152109.
[2026-08-05 15:25:25Z INFO CreateStepSummaryCommand] Step Summary file (D:\Cours\Cours Ipssi\Note\Devops\J3\actions-runner\_work\_temp\_runner_file_commands\step_summary_0ccadd5b-611b-4951-ab52-057362aa4e59) is empty; skipping attachment upload
[2026-08-05 15:25:25Z INFO StepsRunner] Step result: 
[2026-08-05 15:25:25Z INFO ExecutionContext] Publish step telemetry for current step {
  "action": "powershell",
  "type": "run",
  "stage": "Main",
  "stepId": "1d7441d4-cf3c-407c-be86-c268839d3c6c",
  "stepContextName": "__run_3",
  "result": "succeeded",
  "errorMessages": [],
  "executionTimeInSeconds": 82,
  "startTime": "2026-08-05T15:24:03.4225218Z",
  "finishTime": "2026-08-05T15:25:25.1718368Z"
}.
[2026-08-05 15:25:25Z INFO StepsRunner] No need for updating job result with current step result 'Succeeded'.
[2026-08-05 15:25:25Z INFO StepsRunner] Current state: job state = ''
[2026-08-05 15:25:25Z INFO StepsRunner] Processing step: DisplayName='Add tag before push'
[2026-08-05 15:25:25Z INFO StepsRunner] Evaluating: success()
[2026-08-05 15:25:25Z INFO StepsRunner] Result: true
[2026-08-05 15:25:25Z INFO StepsRunner] Starting the step.
[2026-08-05 15:25:25Z INFO HostContext] Well known directory 'Bin': 'D:\Cours\Cours Ipssi\Note\Devops\J3\actions-runner\bin'
[2026-08-05 15:25:25Z INFO HostContext] Well known directory 'Root': 'D:\Cours\Cours Ipssi\Note\Devops\J3\actions-runner'
[2026-08-05 15:25:25Z INFO HostContext] Well known directory 'Work': 'D:\Cours\Cours Ipssi\Note\Devops\J3\actions-runner\_work'
[2026-08-05 15:25:25Z INFO StepsRunner] Which2: 'chcp'
[2026-08-05 15:25:25Z INFO StepsRunner] Location: 'C:\Windows\system32\chcp.COM'
[2026-08-05 15:25:25Z INFO ProcessInvokerWrapper] Starting process:
[2026-08-05 15:25:25Z INFO ProcessInvokerWrapper]   File name: 'C:\Windows\system32\chcp.COM'
[2026-08-05 15:25:25Z INFO ProcessInvokerWrapper]   Arguments: '65001'
[2026-08-05 15:25:25Z INFO ProcessInvokerWrapper]   Working directory: 'D:\Cours\Cours Ipssi\Note\Devops\J3\actions-runner\_work'
[2026-08-05 15:25:25Z INFO ProcessInvokerWrapper]   Require exit code zero: 'False'
[2026-08-05 15:25:25Z INFO ProcessInvokerWrapper]   Encoding web name:  ; code page: ''
[2026-08-05 15:25:25Z INFO ProcessInvokerWrapper]   Force kill process on cancellation: 'False'
[2026-08-05 15:25:25Z INFO ProcessInvokerWrapper]   Redirected STDIN: 'False'
[2026-08-05 15:25:25Z INFO ProcessInvokerWrapper]   Persist current code page: 'True'
[2026-08-05 15:25:25Z INFO ProcessInvokerWrapper]   Keep redirected STDIN open: 'False'
[2026-08-05 15:25:25Z INFO ProcessInvokerWrapper]   High priority process: 'False'
[2026-08-05 15:25:25Z INFO ProcessInvokerWrapper] Process started with process id 33720, waiting for process exit.
[2026-08-05 15:25:25Z INFO ProcessInvokerWrapper] STDOUT/STDERR stream read finished.
[2026-08-05 15:25:25Z INFO ProcessInvokerWrapper] STDOUT/STDERR stream read finished.
[2026-08-05 15:25:25Z INFO ProcessInvokerWrapper] Finished process 33720 with exit code 0, and elapsed time 00:00:00.0275777.
[2026-08-05 15:25:25Z INFO StepsRunner] Successfully returned to code page 65001 (UTF8)
[2026-08-05 15:25:25Z INFO HostContext] Well known directory 'Bin': 'D:\Cours\Cours Ipssi\Note\Devops\J3\actions-runner\bin'
[2026-08-05 15:25:25Z INFO HostContext] Well known directory 'Root': 'D:\Cours\Cours Ipssi\Note\Devops\J3\actions-runner'
[2026-08-05 15:25:25Z INFO HostContext] Well known directory 'Work': 'D:\Cours\Cours Ipssi\Note\Devops\J3\actions-runner\_work'
[2026-08-05 15:25:25Z INFO HostContext] Well known directory 'Temp': 'D:\Cours\Cours Ipssi\Note\Devops\J3\actions-runner\_work\_temp'
[2026-08-05 15:25:25Z INFO ExecutionContext] Write event payload to D:\Cours\Cours Ipssi\Note\Devops\J3\actions-runner\_work\_temp\_github_workflow\event.json
[2026-08-05 15:25:25Z INFO HostContext] Well known directory 'Bin': 'D:\Cours\Cours Ipssi\Note\Devops\J3\actions-runner\bin'
[2026-08-05 15:25:25Z INFO HostContext] Well known directory 'Root': 'D:\Cours\Cours Ipssi\Note\Devops\J3\actions-runner'
[2026-08-05 15:25:25Z INFO HostContext] Well known directory 'Work': 'D:\Cours\Cours Ipssi\Note\Devops\J3\actions-runner\_work'
[2026-08-05 15:25:25Z INFO HostContext] Well known directory 'Temp': 'D:\Cours\Cours Ipssi\Note\Devops\J3\actions-runner\_work\_temp'
[2026-08-05 15:25:25Z INFO ExtensionManager] Getting extensions for interface: 'GitHub.Runner.Worker.IFileCommandExtension'
[2026-08-05 15:25:25Z INFO ExtensionManager] Getting extensions for interface: 'GitHub.Runner.Worker.IActionCommandExtension'
[2026-08-05 15:25:25Z INFO ActionCommandManager] Register action command extension for command internal-set-repo-path
[2026-08-05 15:25:25Z INFO ActionCommandManager] Register action command extension for command set-env
[2026-08-05 15:25:25Z INFO ActionCommandManager] Register action command extension for command set-output
[2026-08-05 15:25:25Z INFO ActionCommandManager] Register action command extension for command save-state
[2026-08-05 15:25:25Z INFO ActionCommandManager] Register action command extension for command add-path
[2026-08-05 15:25:25Z INFO ActionCommandManager] Register action command extension for command add-mask
[2026-08-05 15:25:25Z INFO ActionCommandManager] Register action command extension for command add-matcher
[2026-08-05 15:25:25Z INFO ActionCommandManager] Register action command extension for command remove-matcher
[2026-08-05 15:25:25Z INFO ActionCommandManager] Register action command extension for command warning
[2026-08-05 15:25:25Z INFO ActionCommandManager] Register action command extension for command error
[2026-08-05 15:25:25Z INFO ActionCommandManager] Register action command extension for command notice
[2026-08-05 15:25:25Z INFO ActionCommandManager] Register action command extension for command debug
[2026-08-05 15:25:25Z INFO ActionCommandManager] Register action command extension for command group
[2026-08-05 15:25:25Z INFO ActionCommandManager] Register action command extension for command endgroup
[2026-08-05 15:25:25Z INFO ActionCommandManager] Register action command extension for command echo
[2026-08-05 15:25:25Z INFO ScriptHandler] Which2: 'pwsh'
[2026-08-05 15:25:25Z INFO ScriptHandler] pwsh: command not found. Make sure 'pwsh' is installed and its location included in the 'Path' environment variable.
[2026-08-05 15:25:25Z INFO ScriptHandler] Defaulting to powershell
[2026-08-05 15:25:25Z INFO ScriptHandler] Which2: 'powershell'
[2026-08-05 15:25:25Z INFO ScriptHandler] Location: 'C:\Windows\System32\WindowsPowerShell\v1.0\powershell.EXE'
[2026-08-05 15:25:25Z INFO HostContext] Well known directory 'Bin': 'D:\Cours\Cours Ipssi\Note\Devops\J3\actions-runner\bin'
[2026-08-05 15:25:25Z INFO HostContext] Well known directory 'Root': 'D:\Cours\Cours Ipssi\Note\Devops\J3\actions-runner'
[2026-08-05 15:25:25Z INFO HostContext] Well known directory 'Work': 'D:\Cours\Cours Ipssi\Note\Devops\J3\actions-runner\_work'
[2026-08-05 15:25:25Z INFO HostContext] Well known directory 'Temp': 'D:\Cours\Cours Ipssi\Note\Devops\J3\actions-runner\_work\_temp'
[2026-08-05 15:25:25Z INFO ScriptHandler] Which2: 'pwsh'
[2026-08-05 15:25:25Z INFO JobServerQueue] Try to append 1 batches web console lines for record '1d7441d4-cf3c-407c-be86-c268839d3c6c', success rate: 1/1.
[2026-08-05 15:25:25Z INFO JobServerQueue] Try to append 1 batches web console lines for record '10780622-79bf-47ea-afff-36568a665a47', success rate: 1/1.
[2026-08-05 15:25:25Z INFO ScriptHandler] pwsh: command not found. Make sure 'pwsh' is installed and its location included in the 'Path' environment variable.
[2026-08-05 15:25:25Z INFO ScriptHandler] Defaulting to powershell
[2026-08-05 15:25:25Z INFO ScriptHandler] Which2: 'powershell'
[2026-08-05 15:25:25Z INFO ScriptHandler] Location: 'C:\Windows\System32\WindowsPowerShell\v1.0\powershell.EXE'
[2026-08-05 15:25:25Z INFO ProcessInvokerWrapper] Starting process:
[2026-08-05 15:25:25Z INFO ProcessInvokerWrapper]   File name: 'C:\Windows\System32\WindowsPowerShell\v1.0\powershell.EXE'
[2026-08-05 15:25:25Z INFO ProcessInvokerWrapper]   Arguments: '-command ". 'D:\Cours\Cours Ipssi\Note\Devops\J3\actions-runner\_work\_temp\9f6b274b-83db-404d-b74a-d5415ad2f435.ps1'"'
[2026-08-05 15:25:25Z INFO ProcessInvokerWrapper]   Working directory: 'D:\Cours\Cours Ipssi\Note\Devops\J3\actions-runner\_work\J3_cours_devops\J3_cours_devops'
[2026-08-05 15:25:25Z INFO ProcessInvokerWrapper]   Require exit code zero: 'False'
[2026-08-05 15:25:25Z INFO ProcessInvokerWrapper]   Encoding web name:  ; code page: ''
[2026-08-05 15:25:25Z INFO ProcessInvokerWrapper]   Force kill process on cancellation: 'False'
[2026-08-05 15:25:25Z INFO ProcessInvokerWrapper]   Redirected STDIN: 'False'
[2026-08-05 15:25:25Z INFO ProcessInvokerWrapper]   Persist current code page: 'True'
[2026-08-05 15:25:25Z INFO ProcessInvokerWrapper]   Keep redirected STDIN open: 'False'
[2026-08-05 15:25:25Z INFO ProcessInvokerWrapper]   High priority process: 'False'
[2026-08-05 15:25:25Z INFO ProcessInvokerWrapper] Process started with process id 5544, waiting for process exit.
[2026-08-05 15:25:25Z INFO JobServerQueue] Got a step log file to send to results service.
[2026-08-05 15:25:25Z INFO JobServerQueue] Starting upload of step log file to results service ResultsLog, D:\Cours\Cours Ipssi\Note\Devops\J3\actions-runner\_diag\blocks\4f1ff05d-0d3b-4999-9e78-61cc0f2ec3a4_1d7441d4-cf3c-407c-be86-c268839d3c6c.1
[2026-08-05 15:25:25Z INFO JobServerQueue] Try to upload 1 log files or attachments, success rate: 1/1.
[2026-08-05 15:25:25Z INFO HostContext] Well known directory 'Bin': 'D:\Cours\Cours Ipssi\Note\Devops\J3\actions-runner\bin'
[2026-08-05 15:25:25Z INFO HostContext] Well known directory 'Root': 'D:\Cours\Cours Ipssi\Note\Devops\J3\actions-runner'
[2026-08-05 15:25:25Z INFO HostContext] Well known directory 'Work': 'D:\Cours\Cours Ipssi\Note\Devops\J3\actions-runner\_work'
[2026-08-05 15:25:26Z INFO JobServerQueue] Tried to upload 1 file(s) to results, success rate: 1/1.
[2026-08-05 15:25:26Z INFO ProcessInvokerWrapper] STDOUT/STDERR stream read finished.
[2026-08-05 15:25:26Z INFO ProcessInvokerWrapper] STDOUT/STDERR stream read finished.
[2026-08-05 15:25:26Z INFO ProcessInvokerWrapper] Finished process 5544 with exit code 0, and elapsed time 00:00:00.9204207.
[2026-08-05 15:25:26Z INFO CreateStepSummaryCommand] Step Summary file (D:\Cours\Cours Ipssi\Note\Devops\J3\actions-runner\_work\_temp\_runner_file_commands\step_summary_a6ef3505-f147-4088-ba05-ce5f6721ac98) is empty; skipping attachment upload
[2026-08-05 15:25:26Z INFO StepsRunner] Step result: 
[2026-08-05 15:25:26Z INFO ExecutionContext] Publish step telemetry for current step {
  "action": "powershell",
  "type": "run",
  "stage": "Main",
  "stepId": "10780622-79bf-47ea-afff-36568a665a47",
  "stepContextName": "__run_4",
  "result": "succeeded",
  "errorMessages": [],
  "executionTimeInSeconds": 2,
  "startTime": "2026-08-05T15:25:25.1807953Z",
  "finishTime": "2026-08-05T15:25:26.2228874Z"
}.
[2026-08-05 15:25:26Z INFO StepsRunner] No need for updating job result with current step result 'Succeeded'.
[2026-08-05 15:25:26Z INFO StepsRunner] Current state: job state = ''
[2026-08-05 15:25:26Z INFO StepsRunner] Processing step: DisplayName='Push on Docker Hub'
[2026-08-05 15:25:26Z INFO StepsRunner] Evaluating: success()
[2026-08-05 15:25:26Z INFO StepsRunner] Result: true
[2026-08-05 15:25:26Z INFO StepsRunner] Starting the step.
[2026-08-05 15:25:26Z INFO HostContext] Well known directory 'Bin': 'D:\Cours\Cours Ipssi\Note\Devops\J3\actions-runner\bin'
[2026-08-05 15:25:26Z INFO HostContext] Well known directory 'Root': 'D:\Cours\Cours Ipssi\Note\Devops\J3\actions-runner'
[2026-08-05 15:25:26Z INFO HostContext] Well known directory 'Work': 'D:\Cours\Cours Ipssi\Note\Devops\J3\actions-runner\_work'
[2026-08-05 15:25:26Z INFO StepsRunner] Which2: 'chcp'
[2026-08-05 15:25:26Z INFO StepsRunner] Location: 'C:\Windows\system32\chcp.COM'
[2026-08-05 15:25:26Z INFO ProcessInvokerWrapper] Starting process:
[2026-08-05 15:25:26Z INFO ProcessInvokerWrapper]   File name: 'C:\Windows\system32\chcp.COM'
[2026-08-05 15:25:26Z INFO ProcessInvokerWrapper]   Arguments: '65001'
[2026-08-05 15:25:26Z INFO ProcessInvokerWrapper]   Working directory: 'D:\Cours\Cours Ipssi\Note\Devops\J3\actions-runner\_work'
[2026-08-05 15:25:26Z INFO ProcessInvokerWrapper]   Require exit code zero: 'False'
[2026-08-05 15:25:26Z INFO ProcessInvokerWrapper]   Encoding web name:  ; code page: ''
[2026-08-05 15:25:26Z INFO ProcessInvokerWrapper]   Force kill process on cancellation: 'False'
[2026-08-05 15:25:26Z INFO ProcessInvokerWrapper]   Redirected STDIN: 'False'
[2026-08-05 15:25:26Z INFO ProcessInvokerWrapper]   Persist current code page: 'True'
[2026-08-05 15:25:26Z INFO ProcessInvokerWrapper]   Keep redirected STDIN open: 'False'
[2026-08-05 15:25:26Z INFO ProcessInvokerWrapper]   High priority process: 'False'
[2026-08-05 15:25:26Z INFO ProcessInvokerWrapper] Process started with process id 21404, waiting for process exit.
[2026-08-05 15:25:26Z INFO ProcessInvokerWrapper] STDOUT/STDERR stream read finished.
[2026-08-05 15:25:26Z INFO ProcessInvokerWrapper] STDOUT/STDERR stream read finished.
[2026-08-05 15:25:26Z INFO ProcessInvokerWrapper] Finished process 21404 with exit code 0, and elapsed time 00:00:00.0283016.
[2026-08-05 15:25:26Z INFO StepsRunner] Successfully returned to code page 65001 (UTF8)
[2026-08-05 15:25:26Z INFO HostContext] Well known directory 'Bin': 'D:\Cours\Cours Ipssi\Note\Devops\J3\actions-runner\bin'
[2026-08-05 15:25:26Z INFO HostContext] Well known directory 'Root': 'D:\Cours\Cours Ipssi\Note\Devops\J3\actions-runner'
[2026-08-05 15:25:26Z INFO HostContext] Well known directory 'Work': 'D:\Cours\Cours Ipssi\Note\Devops\J3\actions-runner\_work'
[2026-08-05 15:25:26Z INFO HostContext] Well known directory 'Temp': 'D:\Cours\Cours Ipssi\Note\Devops\J3\actions-runner\_work\_temp'
[2026-08-05 15:25:26Z INFO ExecutionContext] Write event payload to D:\Cours\Cours Ipssi\Note\Devops\J3\actions-runner\_work\_temp\_github_workflow\event.json
[2026-08-05 15:25:26Z INFO HostContext] Well known directory 'Bin': 'D:\Cours\Cours Ipssi\Note\Devops\J3\actions-runner\bin'
[2026-08-05 15:25:26Z INFO HostContext] Well known directory 'Root': 'D:\Cours\Cours Ipssi\Note\Devops\J3\actions-runner'
[2026-08-05 15:25:26Z INFO HostContext] Well known directory 'Work': 'D:\Cours\Cours Ipssi\Note\Devops\J3\actions-runner\_work'
[2026-08-05 15:25:26Z INFO HostContext] Well known directory 'Temp': 'D:\Cours\Cours Ipssi\Note\Devops\J3\actions-runner\_work\_temp'
[2026-08-05 15:25:26Z INFO ExtensionManager] Getting extensions for interface: 'GitHub.Runner.Worker.IFileCommandExtension'
[2026-08-05 15:25:26Z INFO ExtensionManager] Getting extensions for interface: 'GitHub.Runner.Worker.IActionCommandExtension'
[2026-08-05 15:25:26Z INFO ActionCommandManager] Register action command extension for command internal-set-repo-path
[2026-08-05 15:25:26Z INFO ActionCommandManager] Register action command extension for command set-env
[2026-08-05 15:25:26Z INFO ActionCommandManager] Register action command extension for command set-output
[2026-08-05 15:25:26Z INFO ActionCommandManager] Register action command extension for command save-state
[2026-08-05 15:25:26Z INFO ActionCommandManager] Register action command extension for command add-path
[2026-08-05 15:25:26Z INFO ActionCommandManager] Register action command extension for command add-mask
[2026-08-05 15:25:26Z INFO ActionCommandManager] Register action command extension for command add-matcher
[2026-08-05 15:25:26Z INFO ActionCommandManager] Register action command extension for command remove-matcher
[2026-08-05 15:25:26Z INFO ActionCommandManager] Register action command extension for command warning
[2026-08-05 15:25:26Z INFO ActionCommandManager] Register action command extension for command error
[2026-08-05 15:25:26Z INFO ActionCommandManager] Register action command extension for command notice
[2026-08-05 15:25:26Z INFO ActionCommandManager] Register action command extension for command debug
[2026-08-05 15:25:26Z INFO ActionCommandManager] Register action command extension for command group
[2026-08-05 15:25:26Z INFO ActionCommandManager] Register action command extension for command endgroup
[2026-08-05 15:25:26Z INFO ActionCommandManager] Register action command extension for command echo
[2026-08-05 15:25:26Z INFO ScriptHandler] Which2: 'pwsh'
[2026-08-05 15:25:26Z INFO JobServerQueue] Try to append 1 batches web console lines for record 'e96748a6-d1c3-4ca7-88b4-81407e1ffdbb', success rate: 1/1.
[2026-08-05 15:25:26Z INFO ScriptHandler] pwsh: command not found. Make sure 'pwsh' is installed and its location included in the 'Path' environment variable.
[2026-08-05 15:25:26Z INFO ScriptHandler] Defaulting to powershell
[2026-08-05 15:25:26Z INFO ScriptHandler] Which2: 'powershell'
[2026-08-05 15:25:26Z INFO ScriptHandler] Location: 'C:\Windows\System32\WindowsPowerShell\v1.0\powershell.EXE'
[2026-08-05 15:25:26Z INFO HostContext] Well known directory 'Bin': 'D:\Cours\Cours Ipssi\Note\Devops\J3\actions-runner\bin'
[2026-08-05 15:25:26Z INFO HostContext] Well known directory 'Root': 'D:\Cours\Cours Ipssi\Note\Devops\J3\actions-runner'
[2026-08-05 15:25:26Z INFO HostContext] Well known directory 'Work': 'D:\Cours\Cours Ipssi\Note\Devops\J3\actions-runner\_work'
[2026-08-05 15:25:26Z INFO HostContext] Well known directory 'Temp': 'D:\Cours\Cours Ipssi\Note\Devops\J3\actions-runner\_work\_temp'
[2026-08-05 15:25:26Z INFO ScriptHandler] Which2: 'pwsh'
[2026-08-05 15:25:26Z INFO ScriptHandler] pwsh: command not found. Make sure 'pwsh' is installed and its location included in the 'Path' environment variable.
[2026-08-05 15:25:26Z INFO ScriptHandler] Defaulting to powershell
[2026-08-05 15:25:26Z INFO ScriptHandler] Which2: 'powershell'
[2026-08-05 15:25:26Z INFO ScriptHandler] Location: 'C:\Windows\System32\WindowsPowerShell\v1.0\powershell.EXE'
[2026-08-05 15:25:26Z INFO ProcessInvokerWrapper] Starting process:
[2026-08-05 15:25:26Z INFO ProcessInvokerWrapper]   File name: 'C:\Windows\System32\WindowsPowerShell\v1.0\powershell.EXE'
[2026-08-05 15:25:26Z INFO ProcessInvokerWrapper]   Arguments: '-command ". 'D:\Cours\Cours Ipssi\Note\Devops\J3\actions-runner\_work\_temp\6ba9f041-557e-4601-bbb6-4d9c8ac84547.ps1'"'
[2026-08-05 15:25:26Z INFO ProcessInvokerWrapper]   Working directory: 'D:\Cours\Cours Ipssi\Note\Devops\J3\actions-runner\_work\J3_cours_devops\J3_cours_devops'
[2026-08-05 15:25:26Z INFO ProcessInvokerWrapper]   Require exit code zero: 'False'
[2026-08-05 15:25:26Z INFO ProcessInvokerWrapper]   Encoding web name:  ; code page: ''
[2026-08-05 15:25:26Z INFO ProcessInvokerWrapper]   Force kill process on cancellation: 'False'
[2026-08-05 15:25:26Z INFO ProcessInvokerWrapper]   Redirected STDIN: 'False'
[2026-08-05 15:25:26Z INFO ProcessInvokerWrapper]   Persist current code page: 'True'
[2026-08-05 15:25:26Z INFO ProcessInvokerWrapper]   Keep redirected STDIN open: 'False'
[2026-08-05 15:25:26Z INFO ProcessInvokerWrapper]   High priority process: 'False'
[2026-08-05 15:25:26Z INFO ProcessInvokerWrapper] Process started with process id 19852, waiting for process exit.
[2026-08-05 15:25:26Z INFO JobServerQueue] Try to upload 1 log files or attachments, success rate: 1/1.
[2026-08-05 15:25:26Z INFO JobServerQueue] Try to append 1 batches web console lines for record 'e96748a6-d1c3-4ca7-88b4-81407e1ffdbb', success rate: 1/1.
[2026-08-05 15:25:27Z INFO JobServerQueue] Got a step log file to send to results service.
[2026-08-05 15:25:27Z INFO JobServerQueue] Starting upload of step log file to results service ResultsLog, D:\Cours\Cours Ipssi\Note\Devops\J3\actions-runner\_diag\blocks\4f1ff05d-0d3b-4999-9e78-61cc0f2ec3a4_10780622-79bf-47ea-afff-36568a665a47.1
[2026-08-05 15:25:27Z INFO JobServerQueue] Try to append 1 batches web console lines for record 'e96748a6-d1c3-4ca7-88b4-81407e1ffdbb', success rate: 1/1.
[2026-08-05 15:25:27Z INFO JobServerQueue] Tried to upload 1 file(s) to results, success rate: 1/1.
[2026-08-05 15:25:27Z INFO JobServerQueue] Try to append 1 batches web console lines for record 'e96748a6-d1c3-4ca7-88b4-81407e1ffdbb', success rate: 1/1.
[2026-08-05 15:25:28Z INFO JobServerQueue] Try to append 1 batches web console lines for record 'e96748a6-d1c3-4ca7-88b4-81407e1ffdbb', success rate: 1/1.
[2026-08-05 15:25:28Z INFO JobServerQueue] Try to append 1 batches web console lines for record 'e96748a6-d1c3-4ca7-88b4-81407e1ffdbb', success rate: 1/1.
[2026-08-05 15:25:30Z INFO JobServerQueue] Try to append 1 batches web console lines for record 'e96748a6-d1c3-4ca7-88b4-81407e1ffdbb', success rate: 1/1.
[2026-08-05 15:25:35Z INFO HostContext] Well known directory 'Bin': 'D:\Cours\Cours Ipssi\Note\Devops\J3\actions-runner\bin'
[2026-08-05 15:25:35Z INFO HostContext] Well known directory 'Root': 'D:\Cours\Cours Ipssi\Note\Devops\J3\actions-runner'
[2026-08-05 15:25:35Z INFO HostContext] Well known directory 'Work': 'D:\Cours\Cours Ipssi\Note\Devops\J3\actions-runner\_work'
[2026-08-05 15:25:40Z INFO JobServerQueue] Try to append 1 batches web console lines for record 'e96748a6-d1c3-4ca7-88b4-81407e1ffdbb', success rate: 1/1.
[2026-08-05 15:25:42Z INFO ProcessInvokerWrapper] STDOUT/STDERR stream read finished.
[2026-08-05 15:25:42Z INFO ProcessInvokerWrapper] STDOUT/STDERR stream read finished.
[2026-08-05 15:25:42Z INFO ProcessInvokerWrapper] Finished process 19852 with exit code 0, and elapsed time 00:00:16.4448877.
[2026-08-05 15:25:42Z INFO CreateStepSummaryCommand] Step Summary file (D:\Cours\Cours Ipssi\Note\Devops\J3\actions-runner\_work\_temp\_runner_file_commands\step_summary_cfd8085d-7d31-46a6-adb1-6d7e9e3f4c5a) is empty; skipping attachment upload
[2026-08-05 15:25:42Z INFO StepsRunner] Step result: 
[2026-08-05 15:25:42Z INFO ExecutionContext] Publish step telemetry for current step {
  "action": "powershell",
  "type": "run",
  "stage": "Main",
  "stepId": "e96748a6-d1c3-4ca7-88b4-81407e1ffdbb",
  "stepContextName": "__run_5",
  "result": "succeeded",
  "errorMessages": [],
  "executionTimeInSeconds": 17,
  "startTime": "2026-08-05T15:25:26.2296452Z",
  "finishTime": "2026-08-05T15:25:42.7954296Z"
}.
[2026-08-05 15:25:42Z INFO StepsRunner] No need for updating job result with current step result 'Succeeded'.
[2026-08-05 15:25:42Z INFO StepsRunner] Current state: job state = ''
[2026-08-05 15:25:42Z INFO StepsRunner] Processing step: DisplayName='Post Run docker/login-action@v3'
[2026-08-05 15:25:42Z INFO StepsRunner] Evaluating: always()
[2026-08-05 15:25:42Z INFO StepsRunner] Result: true
[2026-08-05 15:25:42Z INFO StepsRunner] Starting the step.
[2026-08-05 15:25:42Z INFO HostContext] Well known directory 'Bin': 'D:\Cours\Cours Ipssi\Note\Devops\J3\actions-runner\bin'
[2026-08-05 15:25:42Z INFO HostContext] Well known directory 'Root': 'D:\Cours\Cours Ipssi\Note\Devops\J3\actions-runner'
[2026-08-05 15:25:42Z INFO HostContext] Well known directory 'Work': 'D:\Cours\Cours Ipssi\Note\Devops\J3\actions-runner\_work'
[2026-08-05 15:25:42Z INFO StepsRunner] Which2: 'chcp'
[2026-08-05 15:25:42Z INFO StepsRunner] Location: 'C:\Windows\system32\chcp.COM'
[2026-08-05 15:25:42Z INFO ProcessInvokerWrapper] Starting process:
[2026-08-05 15:25:42Z INFO ProcessInvokerWrapper]   File name: 'C:\Windows\system32\chcp.COM'
[2026-08-05 15:25:42Z INFO ProcessInvokerWrapper]   Arguments: '65001'
[2026-08-05 15:25:42Z INFO ProcessInvokerWrapper]   Working directory: 'D:\Cours\Cours Ipssi\Note\Devops\J3\actions-runner\_work'
[2026-08-05 15:25:42Z INFO ProcessInvokerWrapper]   Require exit code zero: 'False'
[2026-08-05 15:25:42Z INFO ProcessInvokerWrapper]   Encoding web name:  ; code page: ''
[2026-08-05 15:25:42Z INFO ProcessInvokerWrapper]   Force kill process on cancellation: 'False'
[2026-08-05 15:25:42Z INFO ProcessInvokerWrapper]   Redirected STDIN: 'False'
[2026-08-05 15:25:42Z INFO ProcessInvokerWrapper]   Persist current code page: 'True'
[2026-08-05 15:25:42Z INFO ProcessInvokerWrapper]   Keep redirected STDIN open: 'False'
[2026-08-05 15:25:42Z INFO ProcessInvokerWrapper]   High priority process: 'False'
[2026-08-05 15:25:42Z INFO ProcessInvokerWrapper] Process started with process id 26048, waiting for process exit.
[2026-08-05 15:25:42Z INFO ProcessInvokerWrapper] STDOUT/STDERR stream read finished.
[2026-08-05 15:25:42Z INFO ProcessInvokerWrapper] STDOUT/STDERR stream read finished.
[2026-08-05 15:25:42Z INFO ProcessInvokerWrapper] Finished process 26048 with exit code 0, and elapsed time 00:00:00.0276814.
[2026-08-05 15:25:42Z INFO StepsRunner] Successfully returned to code page 65001 (UTF8)
[2026-08-05 15:25:42Z INFO HostContext] Well known directory 'Bin': 'D:\Cours\Cours Ipssi\Note\Devops\J3\actions-runner\bin'
[2026-08-05 15:25:42Z INFO HostContext] Well known directory 'Root': 'D:\Cours\Cours Ipssi\Note\Devops\J3\actions-runner'
[2026-08-05 15:25:42Z INFO HostContext] Well known directory 'Work': 'D:\Cours\Cours Ipssi\Note\Devops\J3\actions-runner\_work'
[2026-08-05 15:25:42Z INFO HostContext] Well known directory 'Actions': 'D:\Cours\Cours Ipssi\Note\Devops\J3\actions-runner\_work\_actions'
[2026-08-05 15:25:42Z INFO ActionManager] Load action that reference repository from 'D:\Cours\Cours Ipssi\Note\Devops\J3\actions-runner\_work\_actions\docker\login-action\v3'
[2026-08-05 15:25:42Z INFO HostContext] Well known directory 'Bin': 'D:\Cours\Cours Ipssi\Note\Devops\J3\actions-runner\bin'
[2026-08-05 15:25:42Z INFO HostContext] Well known directory 'Root': 'D:\Cours\Cours Ipssi\Note\Devops\J3\actions-runner'
[2026-08-05 15:25:42Z INFO HostContext] Well known directory 'Work': 'D:\Cours\Cours Ipssi\Note\Devops\J3\actions-runner\_work'
[2026-08-05 15:25:42Z INFO HostContext] Well known directory 'Actions': 'D:\Cours\Cours Ipssi\Note\Devops\J3\actions-runner\_work\_actions'
[2026-08-05 15:25:42Z INFO ActionManifestManagerLegacy] Ignore action property author.
[2026-08-05 15:25:42Z INFO ActionManifestManagerLegacy] Ignore action property branding.
[2026-08-05 15:25:42Z INFO ActionManifestManagerLegacy] Loaded action.yml file: {
  "name": "Docker Login",
  "description": "GitHub Action to login against a Docker registry",
  "inputs": {
    "type": 2,
    "map": [
      {
        "key": {
          "type": 0,
          "file": 3,
          "line": 10,
          "col": 3,
          "lit": "registry"
        },
        "value": ""
      },
      {
        "key": {
          "type": 0,
          "file": 3,
          "line": 13,
          "col": 3,
          "lit": "username"
        },
        "value": ""
      },
      {
        "key": {
          "type": 0,
          "file": 3,
          "line": 16,
          "col": 3,
          "lit": "password"
        },
        "value": ""
      },
      {
        "key": {
          "type": 0,
          "file": 3,
          "line": 19,
          "col": 3,
          "lit": "ecr"
        },
        "value": ""
      },
      {
        "key": {
          "type": 0,
          "file": 3,
          "line": 22,
          "col": 3,
          "lit": "scope"
        },
        "value": ""
      },
      {
        "key": {
          "type": 0,
          "file": 3,
          "line": 25,
          "col": 3,
          "lit": "logout"
        },
        "value": {
          "type": 0,
          "file": 3,
          "line": 27,
          "col": 14,
          "lit": "true"
        }
      },
      {
        "key": {
          "type": 0,
          "file": 3,
          "line": 29,
          "col": 3,
          "lit": "registry-auth"
        },
        "value": ""
      }
    ]
  },
  "execution": {
    "executionType": "nodeJS",
    "hasPre": false,
    "hasPost": true,
    "script": "dist/index.js",
    "pre": null,
    "post": "dist/index.js",
    "nodeVersion": "node20",
    "cleanupCondition": "always()",
    "initCondition": "always()"
  },
  "deprecated": null
}
[2026-08-05 15:25:42Z INFO ActionManager] Action pre node.js file: N/A.
[2026-08-05 15:25:42Z INFO ActionManager] Action node.js file: dist/index.js.
[2026-08-05 15:25:42Z INFO ActionManager] Action post node.js file: dist/index.js.
[2026-08-05 15:25:42Z INFO HostContext] Well known directory 'Bin': 'D:\Cours\Cours Ipssi\Note\Devops\J3\actions-runner\bin'
[2026-08-05 15:25:42Z INFO HostContext] Well known directory 'Root': 'D:\Cours\Cours Ipssi\Note\Devops\J3\actions-runner'
[2026-08-05 15:25:42Z INFO HostContext] Well known directory 'Work': 'D:\Cours\Cours Ipssi\Note\Devops\J3\actions-runner\_work'
[2026-08-05 15:25:42Z INFO HostContext] Well known directory 'Temp': 'D:\Cours\Cours Ipssi\Note\Devops\J3\actions-runner\_work\_temp'
[2026-08-05 15:25:42Z INFO ExecutionContext] Write event payload to D:\Cours\Cours Ipssi\Note\Devops\J3\actions-runner\_work\_temp\_github_workflow\event.json
[2026-08-05 15:25:42Z INFO HostContext] Well known directory 'Bin': 'D:\Cours\Cours Ipssi\Note\Devops\J3\actions-runner\bin'
[2026-08-05 15:25:42Z INFO HostContext] Well known directory 'Root': 'D:\Cours\Cours Ipssi\Note\Devops\J3\actions-runner'
[2026-08-05 15:25:42Z INFO HostContext] Well known directory 'Work': 'D:\Cours\Cours Ipssi\Note\Devops\J3\actions-runner\_work'
[2026-08-05 15:25:42Z INFO HostContext] Well known directory 'Temp': 'D:\Cours\Cours Ipssi\Note\Devops\J3\actions-runner\_work\_temp'
[2026-08-05 15:25:42Z INFO ExtensionManager] Getting extensions for interface: 'GitHub.Runner.Worker.IFileCommandExtension'
[2026-08-05 15:25:42Z INFO ActionManifestManagerLegacy] Input 'registry': default value evaluate result: ""
[2026-08-05 15:25:42Z INFO ActionManifestManagerLegacy] Input 'ecr': default value evaluate result: ""
[2026-08-05 15:25:42Z INFO ActionManifestManagerLegacy] Input 'scope': default value evaluate result: ""
[2026-08-05 15:25:42Z INFO ActionManifestManagerLegacy] Input 'logout': default value evaluate result: {
  "type": 0,
  "file": 3,
  "line": 27,
  "col": 14,
  "lit": "true"
}
[2026-08-05 15:25:42Z INFO ActionManifestManagerLegacy] Input 'registry-auth': default value evaluate result: ""
[2026-08-05 15:25:42Z INFO ExtensionManager] Getting extensions for interface: 'GitHub.Runner.Worker.IActionCommandExtension'
[2026-08-05 15:25:42Z INFO ActionCommandManager] Register action command extension for command internal-set-repo-path
[2026-08-05 15:25:42Z INFO ActionCommandManager] Register action command extension for command set-env
[2026-08-05 15:25:42Z INFO ActionCommandManager] Register action command extension for command set-output
[2026-08-05 15:25:42Z INFO ActionCommandManager] Register action command extension for command save-state
[2026-08-05 15:25:42Z INFO ActionCommandManager] Register action command extension for command add-path
[2026-08-05 15:25:42Z INFO ActionCommandManager] Register action command extension for command add-mask
[2026-08-05 15:25:42Z INFO ActionCommandManager] Register action command extension for command add-matcher
[2026-08-05 15:25:42Z INFO ActionCommandManager] Register action command extension for command remove-matcher
[2026-08-05 15:25:42Z INFO ActionCommandManager] Register action command extension for command warning
[2026-08-05 15:25:42Z INFO ActionCommandManager] Register action command extension for command error
[2026-08-05 15:25:42Z INFO ActionCommandManager] Register action command extension for command notice
[2026-08-05 15:25:42Z INFO ActionCommandManager] Register action command extension for command debug
[2026-08-05 15:25:42Z INFO ActionCommandManager] Register action command extension for command group
[2026-08-05 15:25:42Z INFO ActionCommandManager] Register action command extension for command endgroup
[2026-08-05 15:25:42Z INFO ActionCommandManager] Register action command extension for command echo
[2026-08-05 15:25:42Z INFO HostContext] Well known directory 'Bin': 'D:\Cours\Cours Ipssi\Note\Devops\J3\actions-runner\bin'
[2026-08-05 15:25:42Z INFO HostContext] Well known directory 'Root': 'D:\Cours\Cours Ipssi\Note\Devops\J3\actions-runner'
[2026-08-05 15:25:42Z INFO HostContext] Well known directory 'Externals': 'D:\Cours\Cours Ipssi\Note\Devops\J3\actions-runner\externals'
[2026-08-05 15:25:42Z INFO ProcessInvokerWrapper] Starting process:
[2026-08-05 15:25:42Z INFO ProcessInvokerWrapper]   File name: 'D:\Cours\Cours Ipssi\Note\Devops\J3\actions-runner\externals\node24\bin\node.exe'
[2026-08-05 15:25:42Z INFO ProcessInvokerWrapper]   Arguments: '"D:\Cours\Cours Ipssi\Note\Devops\J3\actions-runner\_work\_actions\docker\login-action\v3\dist/index.js"'
[2026-08-05 15:25:42Z INFO ProcessInvokerWrapper]   Working directory: 'D:\Cours\Cours Ipssi\Note\Devops\J3\actions-runner\_work\J3_cours_devops\J3_cours_devops'
[2026-08-05 15:25:42Z INFO ProcessInvokerWrapper]   Require exit code zero: 'False'
[2026-08-05 15:25:42Z INFO ProcessInvokerWrapper]   Encoding web name: utf-8 ; code page: '65001'
[2026-08-05 15:25:42Z INFO ProcessInvokerWrapper]   Force kill process on cancellation: 'False'
[2026-08-05 15:25:42Z INFO ProcessInvokerWrapper]   Redirected STDIN: 'False'
[2026-08-05 15:25:42Z INFO ProcessInvokerWrapper]   Persist current code page: 'True'
[2026-08-05 15:25:42Z INFO ProcessInvokerWrapper]   Keep redirected STDIN open: 'False'
[2026-08-05 15:25:42Z INFO ProcessInvokerWrapper]   High priority process: 'False'
[2026-08-05 15:25:42Z INFO ProcessInvokerWrapper] Process started with process id 2112, waiting for process exit.
[2026-08-05 15:25:42Z INFO JobServerQueue] Try to append 1 batches web console lines for record 'e96748a6-d1c3-4ca7-88b4-81407e1ffdbb', success rate: 1/1.
[2026-08-05 15:25:42Z INFO JobServerQueue] Try to append 1 batches web console lines for record 'ac630687-9488-4c46-a9ac-c91ece2736cc', success rate: 1/1.
[2026-08-05 15:25:43Z INFO JobServerQueue] Try to append 1 batches web console lines for record 'ac630687-9488-4c46-a9ac-c91ece2736cc', success rate: 1/1.
[2026-08-05 15:25:43Z INFO JobServerQueue] Got a step log file to send to results service.
[2026-08-05 15:25:43Z INFO JobServerQueue] Starting upload of step log file to results service ResultsLog, D:\Cours\Cours Ipssi\Note\Devops\J3\actions-runner\_diag\blocks\4f1ff05d-0d3b-4999-9e78-61cc0f2ec3a4_e96748a6-d1c3-4ca7-88b4-81407e1ffdbb.1
[2026-08-05 15:25:43Z INFO JobServerQueue] Try to upload 1 log files or attachments, success rate: 1/1.
[2026-08-05 15:25:43Z INFO JobServerQueue] Tried to upload 1 file(s) to results, success rate: 1/1.
[2026-08-05 15:25:43Z INFO JobServerQueue] Try to append 1 batches web console lines for record 'ac630687-9488-4c46-a9ac-c91ece2736cc', success rate: 1/1.
[2026-08-05 15:25:44Z INFO ProcessInvokerWrapper] STDOUT/STDERR stream read finished.
[2026-08-05 15:25:44Z INFO ProcessInvokerWrapper] STDOUT/STDERR stream read finished.
[2026-08-05 15:25:44Z INFO ProcessInvokerWrapper] Finished process 2112 with exit code 0, and elapsed time 00:00:01.3970303.
[2026-08-05 15:25:44Z INFO CreateStepSummaryCommand] Step Summary file (D:\Cours\Cours Ipssi\Note\Devops\J3\actions-runner\_work\_temp\_runner_file_commands\step_summary_85d6a974-78f7-4529-8c5f-3b1da4b348be) is empty; skipping attachment upload
[2026-08-05 15:25:44Z INFO StepsRunner] Step result: 
[2026-08-05 15:25:44Z INFO ExecutionContext] Publish step telemetry for current step {
  "action": "docker/login-action",
  "ref": "v3",
  "type": "node24",
  "stage": "Post",
  "stepId": "ac630687-9488-4c46-a9ac-c91ece2736cc",
  "result": "succeeded",
  "errorMessages": [],
  "executionTimeInSeconds": 2,
  "startTime": "2026-08-05T15:25:42.8100957Z",
  "finishTime": "2026-08-05T15:25:44.2625398Z"
}.
[2026-08-05 15:25:44Z INFO StepsRunner] No need for updating job result with current step result 'Succeeded'.
[2026-08-05 15:25:44Z INFO StepsRunner] Current state: job state = ''
[2026-08-05 15:25:44Z INFO StepsRunner] Processing step: DisplayName='Post Run actions/checkout@v4'
[2026-08-05 15:25:44Z INFO StepsRunner] Evaluating: always()
[2026-08-05 15:25:44Z INFO StepsRunner] Result: true
[2026-08-05 15:25:44Z INFO StepsRunner] Starting the step.
[2026-08-05 15:25:44Z INFO HostContext] Well known directory 'Bin': 'D:\Cours\Cours Ipssi\Note\Devops\J3\actions-runner\bin'
[2026-08-05 15:25:44Z INFO HostContext] Well known directory 'Root': 'D:\Cours\Cours Ipssi\Note\Devops\J3\actions-runner'
[2026-08-05 15:25:44Z INFO HostContext] Well known directory 'Work': 'D:\Cours\Cours Ipssi\Note\Devops\J3\actions-runner\_work'
[2026-08-05 15:25:44Z INFO StepsRunner] Which2: 'chcp'
[2026-08-05 15:25:44Z INFO StepsRunner] Location: 'C:\Windows\system32\chcp.COM'
[2026-08-05 15:25:44Z INFO ProcessInvokerWrapper] Starting process:
[2026-08-05 15:25:44Z INFO ProcessInvokerWrapper]   File name: 'C:\Windows\system32\chcp.COM'
[2026-08-05 15:25:44Z INFO ProcessInvokerWrapper]   Arguments: '65001'
[2026-08-05 15:25:44Z INFO ProcessInvokerWrapper]   Working directory: 'D:\Cours\Cours Ipssi\Note\Devops\J3\actions-runner\_work'
[2026-08-05 15:25:44Z INFO ProcessInvokerWrapper]   Require exit code zero: 'False'
[2026-08-05 15:25:44Z INFO ProcessInvokerWrapper]   Encoding web name:  ; code page: ''
[2026-08-05 15:25:44Z INFO ProcessInvokerWrapper]   Force kill process on cancellation: 'False'
[2026-08-05 15:25:44Z INFO ProcessInvokerWrapper]   Redirected STDIN: 'False'
[2026-08-05 15:25:44Z INFO ProcessInvokerWrapper]   Persist current code page: 'True'
[2026-08-05 15:25:44Z INFO ProcessInvokerWrapper]   Keep redirected STDIN open: 'False'
[2026-08-05 15:25:44Z INFO ProcessInvokerWrapper]   High priority process: 'False'
[2026-08-05 15:25:44Z INFO ProcessInvokerWrapper] Process started with process id 13648, waiting for process exit.
[2026-08-05 15:25:44Z INFO ProcessInvokerWrapper] STDOUT/STDERR stream read finished.
[2026-08-05 15:25:44Z INFO ProcessInvokerWrapper] STDOUT/STDERR stream read finished.
[2026-08-05 15:25:44Z INFO ProcessInvokerWrapper] Finished process 13648 with exit code 0, and elapsed time 00:00:00.0359553.
[2026-08-05 15:25:44Z INFO StepsRunner] Successfully returned to code page 65001 (UTF8)
[2026-08-05 15:25:44Z INFO HostContext] Well known directory 'Bin': 'D:\Cours\Cours Ipssi\Note\Devops\J3\actions-runner\bin'
[2026-08-05 15:25:44Z INFO HostContext] Well known directory 'Root': 'D:\Cours\Cours Ipssi\Note\Devops\J3\actions-runner'
[2026-08-05 15:25:44Z INFO HostContext] Well known directory 'Work': 'D:\Cours\Cours Ipssi\Note\Devops\J3\actions-runner\_work'
[2026-08-05 15:25:44Z INFO HostContext] Well known directory 'Actions': 'D:\Cours\Cours Ipssi\Note\Devops\J3\actions-runner\_work\_actions'
[2026-08-05 15:25:44Z INFO ActionManager] Load action that reference repository from 'D:\Cours\Cours Ipssi\Note\Devops\J3\actions-runner\_work\_actions\actions\checkout\v4'
[2026-08-05 15:25:44Z INFO HostContext] Well known directory 'Bin': 'D:\Cours\Cours Ipssi\Note\Devops\J3\actions-runner\bin'
[2026-08-05 15:25:44Z INFO HostContext] Well known directory 'Root': 'D:\Cours\Cours Ipssi\Note\Devops\J3\actions-runner'
[2026-08-05 15:25:44Z INFO HostContext] Well known directory 'Work': 'D:\Cours\Cours Ipssi\Note\Devops\J3\actions-runner\_work'
[2026-08-05 15:25:44Z INFO HostContext] Well known directory 'Actions': 'D:\Cours\Cours Ipssi\Note\Devops\J3\actions-runner\_work\_actions'
[2026-08-05 15:25:44Z INFO ActionManifestManagerLegacy] Loaded action.yml file: {
  "name": "Checkout",
  "description": "Checkout a Git repository at a particular version",
  "inputs": {
    "type": 2,
    "map": [
      {
        "key": {
          "type": 0,
          "file": 2,
          "line": 4,
          "col": 3,
          "lit": "repository"
        },
        "value": {
          "type": 3,
          "file": 2,
          "line": 6,
          "col": 14,
          "expr": "github.repository"
        }
      },
      {
        "key": {
          "type": 0,
          "file": 2,
          "line": 7,
          "col": 3,
          "lit": "ref"
        },
        "value": ""
      },
      {
        "key": {
          "type": 0,
          "file": 2,
          "line": 12,
          "col": 3,
          "lit": "token"
        },
        "value": {
          "type": 3,
          "file": 2,
          "line": 24,
          "col": 14,
          "expr": "github.token"
        }
      },
      {
        "key": {
          "type": 0,
          "file": 2,
          "line": 25,
          "col": 3,
          "lit": "ssh-key"
        },
        "value": ""
      },
      {
        "key": {
          "type": 0,
          "file": 2,
          "line": 37,
          "col": 3,
          "lit": "ssh-known-hosts"
        },
        "value": ""
      },
      {
        "key": {
          "type": 0,
          "file": 2,
          "line": 42,
          "col": 3,
          "lit": "ssh-strict"
        },
        "value": {
          "type": 0,
          "file": 2,
          "line": 47,
          "col": 14,
          "lit": "true"
        }
      },
      {
        "key": {
          "type": 0,
          "file": 2,
          "line": 48,
          "col": 3,
          "lit": "ssh-user"
        },
        "value": {
          "type": 0,
          "file": 2,
          "line": 51,
          "col": 14,
          "lit": "git"
        }
      },
      {
        "key": {
          "type": 0,
          "file": 2,
          "line": 52,
          "col": 3,
          "lit": "persist-credentials"
        },
        "value": {
          "type": 0,
          "file": 2,
          "line": 54,
          "col": 14,
          "lit": "true"
        }
      },
      {
        "key": {
          "type": 0,
          "file": 2,
          "line": 55,
          "col": 3,
          "lit": "path"
        },
        "value": ""
      },
      {
        "key": {
          "type": 0,
          "file": 2,
          "line": 57,
          "col": 3,
          "lit": "clean"
        },
        "value": {
          "type": 0,
          "file": 2,
          "line": 59,
          "col": 14,
          "lit": "true"
        }
      },
      {
        "key": {
          "type": 0,
          "file": 2,
          "line": 60,
          "col": 3,
          "lit": "filter"
        },
        "value": {
          "type": 0,
          "file": 2,
          "line": 64,
          "col": 14,
          "lit": ""
        }
      },
      {
        "key": {
          "type": 0,
          "file": 2,
          "line": 65,
          "col": 3,
          "lit": "sparse-checkout"
        },
        "value": {
          "type": 0,
          "file": 2,
          "line": 69,
          "col": 14,
          "lit": ""
        }
      },
      {
        "key": {
          "type": 0,
          "file": 2,
          "line": 70,
          "col": 3,
          "lit": "sparse-checkout-cone-mode"
        },
        "value": {
          "type": 0,
          "file": 2,
          "line": 73,
          "col": 14,
          "lit": "true"
        }
      },
      {
        "key": {
          "type": 0,
          "file": 2,
          "line": 74,
          "col": 3,
          "lit": "fetch-depth"
        },
        "value": {
          "type": 0,
          "file": 2,
          "line": 76,
          "col": 14,
          "lit": "1"
        }
      },
      {
        "key": {
          "type": 0,
          "file": 2,
          "line": 77,
          "col": 3,
          "lit": "fetch-tags"
        },
        "value": {
          "type": 0,
          "file": 2,
          "line": 79,
          "col": 14,
          "lit": "false"
        }
      },
      {
        "key": {
          "type": 0,
          "file": 2,
          "line": 80,
          "col": 3,
          "lit": "show-progress"
        },
        "value": {
          "type": 0,
          "file": 2,
          "line": 82,
          "col": 14,
          "lit": "true"
        }
      },
      {
        "key": {
          "type": 0,
          "file": 2,
          "line": 83,
          "col": 3,
          "lit": "lfs"
        },
        "value": {
          "type": 0,
          "file": 2,
          "line": 85,
          "col": 14,
          "lit": "false"
        }
      },
      {
        "key": {
          "type": 0,
          "file": 2,
          "line": 86,
          "col": 3,
          "lit": "submodules"
        },
        "value": {
          "type": 0,
          "file": 2,
          "line": 94,
          "col": 14,
          "lit": "false"
        }
      },
      {
        "key": {
          "type": 0,
          "file": 2,
          "line": 95,
          "col": 3,
          "lit": "set-safe-directory"
        },
        "value": {
          "type": 0,
          "file": 2,
          "line": 97,
          "col": 14,
          "lit": "true"
        }
      },
      {
        "key": {
          "type": 0,
          "file": 2,
          "line": 98,
          "col": 3,
          "lit": "github-server-url"
        },
        "value": ""
      },
      {
        "key": {
          "type": 0,
          "file": 2,
          "line": 101,
          "col": 3,
          "lit": "allow-unsafe-pr-checkout"
        },
        "value": {
          "type": 0,
          "file": 2,
          "line": 109,
          "col": 14,
          "lit": "false"
        }
      }
    ]
  },
  "execution": {
    "executionType": "nodeJS",
    "hasPre": false,
    "hasPost": true,
    "script": "dist/index.js",
    "pre": null,
    "post": "dist/index.js",
    "nodeVersion": "node20",
    "cleanupCondition": "always()",
    "initCondition": "always()"
  },
  "deprecated": null
}
[2026-08-05 15:25:44Z INFO ActionManager] Action pre node.js file: N/A.
[2026-08-05 15:25:44Z INFO ActionManager] Action node.js file: dist/index.js.
[2026-08-05 15:25:44Z INFO ActionManager] Action post node.js file: dist/index.js.
[2026-08-05 15:25:44Z INFO HostContext] Well known directory 'Bin': 'D:\Cours\Cours Ipssi\Note\Devops\J3\actions-runner\bin'
[2026-08-05 15:25:44Z INFO HostContext] Well known directory 'Root': 'D:\Cours\Cours Ipssi\Note\Devops\J3\actions-runner'
[2026-08-05 15:25:44Z INFO HostContext] Well known directory 'Work': 'D:\Cours\Cours Ipssi\Note\Devops\J3\actions-runner\_work'
[2026-08-05 15:25:44Z INFO HostContext] Well known directory 'Temp': 'D:\Cours\Cours Ipssi\Note\Devops\J3\actions-runner\_work\_temp'
[2026-08-05 15:25:44Z INFO ExecutionContext] Write event payload to D:\Cours\Cours Ipssi\Note\Devops\J3\actions-runner\_work\_temp\_github_workflow\event.json
[2026-08-05 15:25:44Z INFO HostContext] Well known directory 'Bin': 'D:\Cours\Cours Ipssi\Note\Devops\J3\actions-runner\bin'
[2026-08-05 15:25:44Z INFO HostContext] Well known directory 'Root': 'D:\Cours\Cours Ipssi\Note\Devops\J3\actions-runner'
[2026-08-05 15:25:44Z INFO HostContext] Well known directory 'Work': 'D:\Cours\Cours Ipssi\Note\Devops\J3\actions-runner\_work'
[2026-08-05 15:25:44Z INFO HostContext] Well known directory 'Temp': 'D:\Cours\Cours Ipssi\Note\Devops\J3\actions-runner\_work\_temp'
[2026-08-05 15:25:44Z INFO ExtensionManager] Getting extensions for interface: 'GitHub.Runner.Worker.IFileCommandExtension'
[2026-08-05 15:25:44Z INFO ActionManifestManagerLegacy] Input 'repository': default value evaluate result: {
  "type": 0,
  "file": 2,
  "line": 6,
  "col": 14,
  "lit": "***/J3_cours_devops"
}
[2026-08-05 15:25:44Z INFO ActionManifestManagerLegacy] Input 'ref': default value evaluate result: ""
[2026-08-05 15:25:44Z INFO ActionManifestManagerLegacy] Input 'token': default value evaluate result: {
  "type": 0,
  "file": 2,
  "line": 24,
  "col": 14,
  "lit": "***"
}
[2026-08-05 15:25:44Z INFO ActionManifestManagerLegacy] Input 'ssh-key': default value evaluate result: ""
[2026-08-05 15:25:44Z INFO ActionManifestManagerLegacy] Input 'ssh-known-hosts': default value evaluate result: ""
[2026-08-05 15:25:44Z INFO ActionManifestManagerLegacy] Input 'ssh-strict': default value evaluate result: {
  "type": 0,
  "file": 2,
  "line": 47,
  "col": 14,
  "lit": "true"
}
[2026-08-05 15:25:44Z INFO ActionManifestManagerLegacy] Input 'ssh-user': default value evaluate result: {
  "type": 0,
  "file": 2,
  "line": 51,
  "col": 14,
  "lit": "git"
}
[2026-08-05 15:25:44Z INFO ActionManifestManagerLegacy] Input 'persist-credentials': default value evaluate result: {
  "type": 0,
  "file": 2,
  "line": 54,
  "col": 14,
  "lit": "true"
}
[2026-08-05 15:25:44Z INFO ActionManifestManagerLegacy] Input 'path': default value evaluate result: ""
[2026-08-05 15:25:44Z INFO ActionManifestManagerLegacy] Input 'clean': default value evaluate result: {
  "type": 0,
  "file": 2,
  "line": 59,
  "col": 14,
  "lit": "true"
}
[2026-08-05 15:25:44Z INFO ActionManifestManagerLegacy] Input 'filter': default value evaluate result: {
  "type": 0,
  "file": 2,
  "line": 64,
  "col": 14,
  "lit": ""
}
[2026-08-05 15:25:44Z INFO ActionManifestManagerLegacy] Input 'sparse-checkout': default value evaluate result: {
  "type": 0,
  "file": 2,
  "line": 69,
  "col": 14,
  "lit": ""
}
[2026-08-05 15:25:44Z INFO ActionManifestManagerLegacy] Input 'sparse-checkout-cone-mode': default value evaluate result: {
  "type": 0,
  "file": 2,
  "line": 73,
  "col": 14,
  "lit": "true"
}
[2026-08-05 15:25:44Z INFO ActionManifestManagerLegacy] Input 'fetch-depth': default value evaluate result: {
  "type": 0,
  "file": 2,
  "line": 76,
  "col": 14,
  "lit": "1"
}
[2026-08-05 15:25:44Z INFO ActionManifestManagerLegacy] Input 'fetch-tags': default value evaluate result: {
  "type": 0,
  "file": 2,
  "line": 79,
  "col": 14,
  "lit": "false"
}
[2026-08-05 15:25:44Z INFO ActionManifestManagerLegacy] Input 'show-progress': default value evaluate result: {
  "type": 0,
  "file": 2,
  "line": 82,
  "col": 14,
  "lit": "true"
}
[2026-08-05 15:25:44Z INFO ActionManifestManagerLegacy] Input 'lfs': default value evaluate result: {
  "type": 0,
  "file": 2,
  "line": 85,
  "col": 14,
  "lit": "false"
}
[2026-08-05 15:25:44Z INFO ActionManifestManagerLegacy] Input 'submodules': default value evaluate result: {
  "type": 0,
  "file": 2,
  "line": 94,
  "col": 14,
  "lit": "false"
}
[2026-08-05 15:25:44Z INFO ActionManifestManagerLegacy] Input 'set-safe-directory': default value evaluate result: {
  "type": 0,
  "file": 2,
  "line": 97,
  "col": 14,
  "lit": "true"
}
[2026-08-05 15:25:44Z INFO ActionManifestManagerLegacy] Input 'github-server-url': default value evaluate result: ""
[2026-08-05 15:25:44Z INFO ActionManifestManagerLegacy] Input 'allow-unsafe-pr-checkout': default value evaluate result: {
  "type": 0,
  "file": 2,
  "line": 109,
  "col": 14,
  "lit": "false"
}
[2026-08-05 15:25:44Z INFO ExtensionManager] Getting extensions for interface: 'GitHub.Runner.Worker.IActionCommandExtension'
[2026-08-05 15:25:44Z INFO ActionCommandManager] Register action command extension for command internal-set-repo-path
[2026-08-05 15:25:44Z INFO ActionCommandManager] Register action command extension for command set-env
[2026-08-05 15:25:44Z INFO ActionCommandManager] Register action command extension for command set-output
[2026-08-05 15:25:44Z INFO ActionCommandManager] Register action command extension for command save-state
[2026-08-05 15:25:44Z INFO ActionCommandManager] Register action command extension for command add-path
[2026-08-05 15:25:44Z INFO ActionCommandManager] Register action command extension for command add-mask
[2026-08-05 15:25:44Z INFO ActionCommandManager] Register action command extension for command add-matcher
[2026-08-05 15:25:44Z INFO ActionCommandManager] Register action command extension for command remove-matcher
[2026-08-05 15:25:44Z INFO ActionCommandManager] Register action command extension for command warning
[2026-08-05 15:25:44Z INFO ActionCommandManager] Register action command extension for command error
[2026-08-05 15:25:44Z INFO ActionCommandManager] Register action command extension for command notice
[2026-08-05 15:25:44Z INFO ActionCommandManager] Register action command extension for command debug
[2026-08-05 15:25:44Z INFO ActionCommandManager] Register action command extension for command group
[2026-08-05 15:25:44Z INFO ActionCommandManager] Register action command extension for command endgroup
[2026-08-05 15:25:44Z INFO ActionCommandManager] Register action command extension for command echo
[2026-08-05 15:25:44Z INFO HostContext] Well known directory 'Bin': 'D:\Cours\Cours Ipssi\Note\Devops\J3\actions-runner\bin'
[2026-08-05 15:25:44Z INFO HostContext] Well known directory 'Root': 'D:\Cours\Cours Ipssi\Note\Devops\J3\actions-runner'
[2026-08-05 15:25:44Z INFO HostContext] Well known directory 'Externals': 'D:\Cours\Cours Ipssi\Note\Devops\J3\actions-runner\externals'
[2026-08-05 15:25:44Z INFO ProcessInvokerWrapper] Starting process:
[2026-08-05 15:25:44Z INFO ProcessInvokerWrapper]   File name: 'D:\Cours\Cours Ipssi\Note\Devops\J3\actions-runner\externals\node24\bin\node.exe'
[2026-08-05 15:25:44Z INFO ProcessInvokerWrapper]   Arguments: '"D:\Cours\Cours Ipssi\Note\Devops\J3\actions-runner\_work\_actions\actions\checkout\v4\dist/index.js"'
[2026-08-05 15:25:44Z INFO ProcessInvokerWrapper]   Working directory: 'D:\Cours\Cours Ipssi\Note\Devops\J3\actions-runner\_work\J3_cours_devops\J3_cours_devops'
[2026-08-05 15:25:44Z INFO ProcessInvokerWrapper]   Require exit code zero: 'False'
[2026-08-05 15:25:44Z INFO ProcessInvokerWrapper]   Encoding web name: utf-8 ; code page: '65001'
[2026-08-05 15:25:44Z INFO ProcessInvokerWrapper]   Force kill process on cancellation: 'False'
[2026-08-05 15:25:44Z INFO ProcessInvokerWrapper]   Redirected STDIN: 'False'
[2026-08-05 15:25:44Z INFO ProcessInvokerWrapper]   Persist current code page: 'True'
[2026-08-05 15:25:44Z INFO ProcessInvokerWrapper]   Keep redirected STDIN open: 'False'
[2026-08-05 15:25:44Z INFO ProcessInvokerWrapper]   High priority process: 'False'
[2026-08-05 15:25:44Z INFO ProcessInvokerWrapper] Process started with process id 34648, waiting for process exit.
[2026-08-05 15:25:44Z INFO JobServerQueue] Try to append 1 batches web console lines for record 'ac630687-9488-4c46-a9ac-c91ece2736cc', success rate: 1/1.
[2026-08-05 15:25:44Z INFO JobServerQueue] Try to append 1 batches web console lines for record 'f9369ebc-457a-4119-ba65-512be8476866', success rate: 1/1.
[2026-08-05 15:25:44Z INFO JobServerQueue] Try to upload 1 log files or attachments, success rate: 1/1.
[2026-08-05 15:25:44Z INFO AddMaskCommandExtension] Add new secret mask with length of 32
[2026-08-05 15:25:44Z INFO JobServerQueue] Got a step log file to send to results service.
[2026-08-05 15:25:44Z INFO JobServerQueue] Starting upload of step log file to results service ResultsLog, D:\Cours\Cours Ipssi\Note\Devops\J3\actions-runner\_diag\blocks\4f1ff05d-0d3b-4999-9e78-61cc0f2ec3a4_ac630687-9488-4c46-a9ac-c91ece2736cc.1
[2026-08-05 15:25:45Z INFO JobServerQueue] Try to append 1 batches web console lines for record 'f9369ebc-457a-4119-ba65-512be8476866', success rate: 1/1.
[2026-08-05 15:25:45Z INFO JobServerQueue] Tried to upload 1 file(s) to results, success rate: 1/1.
[2026-08-05 15:25:45Z INFO HostContext] Well known directory 'Bin': 'D:\Cours\Cours Ipssi\Note\Devops\J3\actions-runner\bin'
[2026-08-05 15:25:45Z INFO HostContext] Well known directory 'Root': 'D:\Cours\Cours Ipssi\Note\Devops\J3\actions-runner'
[2026-08-05 15:25:45Z INFO HostContext] Well known directory 'Work': 'D:\Cours\Cours Ipssi\Note\Devops\J3\actions-runner\_work'
[2026-08-05 15:25:46Z INFO JobServerQueue] Try to append 1 batches web console lines for record 'f9369ebc-457a-4119-ba65-512be8476866', success rate: 1/1.
[2026-08-05 15:25:47Z INFO JobServerQueue] Try to append 1 batches web console lines for record 'f9369ebc-457a-4119-ba65-512be8476866', success rate: 1/1.
[2026-08-05 15:25:48Z INFO JobServerQueue] Try to append 1 batches web console lines for record 'f9369ebc-457a-4119-ba65-512be8476866', success rate: 1/1.
[2026-08-05 15:25:48Z INFO JobServerQueue] Try to append 1 batches web console lines for record 'f9369ebc-457a-4119-ba65-512be8476866', success rate: 1/1.
[2026-08-05 15:25:49Z INFO ProcessInvokerWrapper] STDOUT/STDERR stream read finished.
[2026-08-05 15:25:49Z INFO ProcessInvokerWrapper] STDOUT/STDERR stream read finished.
[2026-08-05 15:25:49Z INFO ProcessInvokerWrapper] Finished process 34648 with exit code 0, and elapsed time 00:00:05.1598882.
[2026-08-05 15:25:49Z INFO CreateStepSummaryCommand] Step Summary file (D:\Cours\Cours Ipssi\Note\Devops\J3\actions-runner\_work\_temp\_runner_file_commands\step_summary_fe00cdc3-7db7-40ee-b5e0-d78836aa0809) is empty; skipping attachment upload
[2026-08-05 15:25:49Z INFO StepsRunner] Step result: 
[2026-08-05 15:25:49Z INFO ExecutionContext] Publish step telemetry for current step {
  "action": "actions/checkout",
  "ref": "v4",
  "type": "node24",
  "stage": "Post",
  "stepId": "f9369ebc-457a-4119-ba65-512be8476866",
  "result": "succeeded",
  "errorMessages": [],
  "executionTimeInSeconds": 6,
  "startTime": "2026-08-05T15:25:44.2890757Z",
  "finishTime": "2026-08-05T15:25:49.5254167Z"
}.
[2026-08-05 15:25:49Z INFO StepsRunner] No need for updating job result with current step result 'Succeeded'.
[2026-08-05 15:25:49Z INFO StepsRunner] Current state: job state = ''
[2026-08-05 15:25:49Z INFO JobRunner] Finalize job.
[2026-08-05 15:25:49Z INFO HostContext] Well known directory 'Bin': 'D:\Cours\Cours Ipssi\Note\Devops\J3\actions-runner\bin'
[2026-08-05 15:25:49Z INFO HostContext] Well known directory 'Root': 'D:\Cours\Cours Ipssi\Note\Devops\J3\actions-runner'
[2026-08-05 15:25:49Z INFO HostContext] Well known directory 'Diag': 'D:\Cours\Cours Ipssi\Note\Devops\J3\actions-runner\_diag'
[2026-08-05 15:25:49Z INFO HostContext] Well known directory 'Bin': 'D:\Cours\Cours Ipssi\Note\Devops\J3\actions-runner\bin'
[2026-08-05 15:25:49Z INFO HostContext] Well known directory 'Root': 'D:\Cours\Cours Ipssi\Note\Devops\J3\actions-runner'
[2026-08-05 15:25:49Z INFO HostContext] Well known directory 'Diag': 'D:\Cours\Cours Ipssi\Note\Devops\J3\actions-runner\_diag'
[2026-08-05 15:25:49Z INFO JobExtension] Initialize Env context
[2026-08-05 15:25:49Z INFO JobExtension] Initialize steps context
[2026-08-05 15:25:49Z INFO JobExtension] Total accessible running process: 348.
[2026-08-05 15:25:49Z INFO JobServerQueue] Try to append 1 batches web console lines for record '3ec55721-ae94-4852-9e09-6bc7e3e05188', success rate: 1/1.
[2026-08-05 15:25:49Z INFO JobExtension] Inspecting process environment variables. PID: 32128 (wsl)
[2026-08-05 15:25:49Z INFO JobExtension] Inspecting process environment variables. PID: 31860 (wsl)
[2026-08-05 15:25:49Z INFO JobExtension] Inspecting process environment variables. PID: 31068 (wsl)
[2026-08-05 15:25:49Z INFO JobExtension] Inspecting process environment variables. PID: 9020 (wsl)
[2026-08-05 15:25:49Z INFO JobExtension] Inspecting process environment variables. PID: 16036 (vmwp)
[2026-08-05 15:25:49Z WARN JobExtension] Ignore exception during read process environment variables: Accès refusé.
[2026-08-05 15:25:49Z INFO JobExtension] Inspecting process environment variables. PID: 18272 (vmmemWSL)
[2026-08-05 15:25:49Z WARN JobExtension] Ignore exception during read process environment variables: Accès refusé.
[2026-08-05 15:25:49Z INFO JobExtension] Inspecting process environment variables. PID: 27232 (dllhost)
[2026-08-05 15:25:49Z INFO JobExtension] Inspecting process environment variables. PID: 6952 (dllhost)
[2026-08-05 15:25:49Z INFO JobExtension] Inspecting process environment variables. PID: 14812 (wslrelay)
[2026-08-05 15:25:49Z INFO JobExtension] Inspecting process environment variables. PID: 26020 (wslhost)
[2026-08-05 15:25:49Z INFO JobExtension] Inspecting process environment variables. PID: 7544 (wslhost)
[2026-08-05 15:25:49Z INFO JobExtension] Inspecting process environment variables. PID: 15408 (conhost)
[2026-08-05 15:25:49Z INFO JobExtension] Inspecting process environment variables. PID: 31396 (wslhost)
[2026-08-05 15:25:49Z INFO JobExtension] Inspecting process environment variables. PID: 34000 (wslhost)
[2026-08-05 15:25:49Z INFO JobExtension] Inspecting process environment variables. PID: 2580 (conhost)
[2026-08-05 15:25:49Z INFO JobExtension] Inspecting process environment variables. PID: 28424 (msrdc)
[2026-08-05 15:25:49Z INFO JobExtension] Inspecting process environment variables. PID: 34164 (conhost)
[2026-08-05 15:25:49Z INFO JobExtension] Inspecting process environment variables. PID: 6636 (conhost)
[2026-08-05 15:25:49Z INFO JobExtension] Inspecting process environment variables. PID: 14560 (svchost)
[2026-08-05 15:25:49Z WARN JobExtension] Ignore exception during read process environment variables: Accès refusé.
[2026-08-05 15:25:49Z INFO JobExtension] Inspecting process environment variables. PID: 33552 (svchost)
[2026-08-05 15:25:49Z WARN JobExtension] Ignore exception during read process environment variables: Accès refusé.
[2026-08-05 15:25:49Z INFO JobExtension] Wait for all connectivity checks to finish.
[2026-08-05 15:25:49Z INFO JobExtension] Connectivity check result: {
  "endpointUrl": "https://broker.actions.githubusercontent.com/health",
  "endpointIPs": null,
  "startTime": "2026-08-05T15:23:05.7619553Z",
  "statusCode": "http_OK",
  "requestId": "A3E4:6B17C:B206FE:B3B70F:6A73555A",
  "httpRequestDurationInMs": 369,
  "dnsResolutionDurationInMs": 0,
  "dnsError": null
}
[2026-08-05 15:25:49Z INFO JobExtension] Connectivity check result: {
  "endpointUrl": "https://token.actions.githubusercontent.com/ready",
  "endpointIPs": null,
  "startTime": "2026-08-05T15:23:05.7633721Z",
  "statusCode": "http_NoContent",
  "requestId": "5D35:A983B:5B015A:66E35E:6A73555A",
  "httpRequestDurationInMs": 307,
  "dnsResolutionDurationInMs": 0,
  "dnsError": null
}
[2026-08-05 15:25:49Z INFO JobExtension] Connectivity check result: {
  "endpointUrl": "https://run.actions.githubusercontent.com/health",
  "endpointIPs": null,
  "startTime": "2026-08-05T15:23:05.7636739Z",
  "statusCode": "http_OK",
  "requestId": "547A:6A922:AE35E5:AFE3AF:6A73555A",
  "httpRequestDurationInMs": 390,
  "dnsResolutionDurationInMs": 0,
  "dnsError": null
}
[2026-08-05 15:25:49Z INFO ExecutionContext] Publish step telemetry for current step {
  "action": "complete_job",
  "type": "runner",
  "stage": "Post",
  "stepId": "3ec55721-ae94-4852-9e09-6bc7e3e05188",
  "result": "succeeded",
  "errorMessages": [
    "Node.js 20 is deprecated. The following actions target Node.js 20 but are being forced to run on Node.js 24: actions/checkout@v4, docker/login-action@v3. For more information see: https://github.blog/changelog/2025-09-19-deprecation-of-node-20-on-github-ac"
  ],
  "executionTimeInSeconds": 1,
  "startTime": "2026-08-05T15:25:49.5477782Z",
  "finishTime": "2026-08-05T15:25:49.7443292Z"
}.
[2026-08-05 15:25:49Z INFO JobRunner] Job result after all job steps finish: Succeeded
[2026-08-05 15:25:49Z INFO JobRunner] Completing the job execution context.
[2026-08-05 15:25:49Z INFO JobRunner] Shutting down the job server queue.
[2026-08-05 15:25:49Z INFO JobServerQueue] Fire signal to shutdown all queues.
[2026-08-05 15:25:50Z INFO JobServerQueue] All queue process task stopped.
[2026-08-05 15:25:50Z INFO JobServerQueue] Try to append 1 batches web console lines for record '3ec55721-ae94-4852-9e09-6bc7e3e05188', success rate: 1/1.
[2026-08-05 15:25:50Z INFO JobServerQueue] Web console line queue drained.
[2026-08-05 15:25:50Z INFO JobServerQueue] Uploading 3 files in one shot.
[2026-08-05 15:25:50Z INFO JobServerQueue] Try to upload 3 log files or attachments, success rate: 3/3.
[2026-08-05 15:25:50Z INFO JobServerQueue] File upload queue drained.
[2026-08-05 15:25:50Z INFO JobServerQueue] Starting results-based upload queue...
[2026-08-05 15:25:50Z INFO JobServerQueue] Uploading 3 file(s) in one shot through results service.
[2026-08-05 15:25:50Z INFO JobServerQueue] Got a step log file to send to results service.
[2026-08-05 15:25:50Z INFO JobServerQueue] Starting upload of step log file to results service ResultsLog, D:\Cours\Cours Ipssi\Note\Devops\J3\actions-runner\_diag\blocks\4f1ff05d-0d3b-4999-9e78-61cc0f2ec3a4_f9369ebc-457a-4119-ba65-512be8476866.1
[2026-08-05 15:25:50Z INFO JobServerQueue] Got a step log file to send to results service.
[2026-08-05 15:25:50Z INFO JobServerQueue] Starting upload of step log file to results service ResultsLog, D:\Cours\Cours Ipssi\Note\Devops\J3\actions-runner\_diag\blocks\4f1ff05d-0d3b-4999-9e78-61cc0f2ec3a4_3ec55721-ae94-4852-9e09-6bc7e3e05188.1
[2026-08-05 15:25:50Z INFO JobServerQueue] Got a job log file to send to results service.
[2026-08-05 15:25:50Z INFO JobServerQueue] Starting upload of job log file to results service ResultsLog, D:\Cours\Cours Ipssi\Note\Devops\J3\actions-runner\_diag\blocks\4f1ff05d-0d3b-4999-9e78-61cc0f2ec3a4_88994db9-68a4-5a99-8917-c6db88f4b3ae.1
[2026-08-05 15:25:51Z INFO JobServerQueue] Tried to upload 3 file(s) to results, success rate: 3/3.
[2026-08-05 15:25:51Z INFO JobServerQueue] Results upload queue drained.
[2026-08-05 15:25:51Z INFO JobServerQueue] Timeline update queue drained.
[2026-08-05 15:25:51Z INFO JobServerQueue] Disposing job server ...
[2026-08-05 15:25:51Z INFO JobServerQueue] Disposing results server ...
[2026-08-05 15:25:51Z INFO JobServerQueue] All queue process tasks have been stopped, and all queues are drained.
[2026-08-05 15:25:51Z INFO TempDirectoryManager] Cleaning runner temp folder: D:\Cours\Cours Ipssi\Note\Devops\J3\actions-runner\_work\_temp
[2026-08-05 15:25:51Z INFO HostContext] Well known directory 'Bin': 'D:\Cours\Cours Ipssi\Note\Devops\J3\actions-runner\bin'
[2026-08-05 15:25:51Z INFO HostContext] Well known directory 'Root': 'D:\Cours\Cours Ipssi\Note\Devops\J3\actions-runner'
[2026-08-05 15:25:51Z INFO HostContext] Well known directory 'Diag': 'D:\Cours\Cours Ipssi\Note\Devops\J3\actions-runner\_diag'
[2026-08-05 15:25:51Z INFO HostContext] Well known config file 'Telemetry': 'D:\Cours\Cours Ipssi\Note\Devops\J3\actions-runner\_diag\.telemetry'
[2026-08-05 15:25:51Z INFO JobRunner] Raising job completed against run service
[2026-08-05 15:25:51Z INFO Worker] Job completed.
